#-----------------------------------------------------------
# Vivado v2021.1 (64-bit)
# SW Build 3247384 on Thu Jun 10 19:36:33 MDT 2021
# IP Build 3246043 on Fri Jun 11 00:30:35 MDT 2021
# Start of session at: Tue Sep 15 17:54:58 2026
# Process ID: 25560
# Current directory: D:/008_MA_Dev/Sync_SFO/reports/functional_review/FN01
# Command line: vivado.exe -mode batch -source D:\008_MA_Dev\Sync_SFO\docs\functional_review_20260915\job_FN01\native_open_compile_elaborate.tcl -log native.log -journal native.jou
# Log file: D:/008_MA_Dev/Sync_SFO/reports/functional_review/FN01/native.log
# Journal file: D:/008_MA_Dev/Sync_SFO/reports/functional_review/FN01\native.jou
#-----------------------------------------------------------
source {D:\008_MA_Dev\Sync_SFO\docs\functional_review_20260915\job_FN01\native_open_compile_elaborate.tcl}
# set jobdir [file normalize [file dirname [info script]]]
# set canonical D:/008_MA_Dev/Sync_SFO
# set private [file join $canonical work FN01 project]
# set out [file join $canonical reports functional_review FN01]
# if {[version -short] ne "2021.1"} {error "Vivado 2021.1 required"}
# set_param general.maxThreads 8
# set_param synth.maxThreads 8
# set status [open [file join $out stage_status.tsv] a]
# proc stage {text} {
#     global status
#     puts $status "[clock format [clock seconds] -format {%Y-%m-%dT%H:%M:%S%z}]\t$text"
#     flush $status
#     puts "SFO_FN01_STAGE $text"
# }
# proc validate_export {root label} {
#     global out jobdir
#     if {[get_property PART [current_project]] ne "xcvu11p-flgb2104-2-e"} {error "Part mismatch"}
#     if {[get_property TOP [get_filesets sources_1]] ne "sync_sfo_top"} {error "Core top mismatch"}
#     if {[get_property TOP [get_filesets sim_1]] ne "sync_sfo_full_frame_tb"} {error "TB top mismatch"}
#     if {[llength [get_ips -quiet]] != 34} {error "IP count mismatch"}
#     set rows {}; set details [open [file join $out ${label}_actual_files.tsv] w]
#     puts $details "fileset\tpath\tfile_type\tlibrary"
#     foreach fs [get_filesets] {
#         foreach f [get_files -quiet -of_objects $fs] {
#             set path [file normalize [get_property NAME $f]]
#             if {![file isfile $path]} {error "Missing actual source $path"}
#             set prefix "[file normalize $root]/"
#             if {![string equal -nocase $prefix [string range $path 0 [expr {[string length $prefix]-1}]]]} {error "External source $path"}
#             set rel [string range $path [string length $prefix] end]
#             lappend rows "[get_property NAME $fs]\t[string tolower $rel]\t[get_property FILE_TYPE $f]\t[get_property LIBRARY $f]"
#             puts $details "[get_property NAME $fs]\t$path\t[get_property FILE_TYPE $f]\t[get_property LIBRARY $f]"
#         }
#     }
#     close $details
#     set h [open [file join $jobdir expected_native_entries.tsv] r]; set wanted [split [string trim [read $h]] "\n"]; close $h
#     if {[lsort $rows] ne [lsort $wanted]} {
#         set h [open [file join $out ${label}_membership_mismatch.txt] w]
#         puts $h "ACTUAL\n[join [lsort $rows] \n]\nEXPECTED\n[join [lsort $wanted] \n]"; close $h
#         error "Exact source membership mismatch; do not relax the list"
#     }
#     set ips [open [file join $out ${label}_ip_status.tsv] w]
#     puts $ips "name\tipdef\tlocked\tip_file"
#     foreach ip [get_ips -quiet] {puts $ips "[get_property NAME $ip]\t[get_property IPDEF $ip]\t[get_property IS_LOCKED $ip]\t[get_property IP_FILE $ip]"}
#     close $ips
#     stage "$label OPEN_AND_MEMBERSHIP_PASS members=[llength $rows] ips=34"
# }
# if {[catch {
#     stage "CANONICAL_OPEN_BEGIN"
#     open_project -read_only [file join $canonical Sync_SFO.xpr]
#     validate_export $canonical canonical
#     close_project
#     stage "PRIVATE_OPEN_BEGIN"
#     open_project [file join $private Sync_SFO.xpr]
#     validate_export $private private
#     source [file join $private tools vivado configure_parallel_jobs.tcl]
#     set_property xsim.simulate.runtime 0ns [get_filesets sim_1]
#     set_property xsim.elaborate.mt_level 16 [get_filesets sim_1]
#     foreach ip [get_ips -quiet] {if {[get_property IS_LOCKED $ip]} {error "Locked IP: $ip"}}
#     update_compile_order -fileset sim_1
#     set h [open [file join $out compile_order_before.txt] w]
#     foreach f [get_files -compile_order sources -used_in simulation] {puts $h [file normalize $f]}; close $h
#     stage "COMPILE_BEGIN general=[get_param general.maxThreads] synth=[get_param synth.maxThreads] xelab=[get_property xsim.elaborate.mt_level [get_filesets sim_1]]"
#     launch_simulation -simset sim_1 -mode behavioral -step compile
#     stage "COMPILE_COMMAND_COMPLETED"
#     launch_simulation -simset sim_1 -mode behavioral -step elaborate
#     stage "ELABORATE_COMMAND_COMPLETED"
#     set h [open [file join $out compile_order_after.txt] w]
#     foreach f [get_files -compile_order sources -used_in simulation] {puts $h [file normalize $f]}; close $h
#     close_project
#     stage "SFO_FN01_NATIVE_STAGES_COMPLETED_NO_SIMULATION"
# } message options]} {
#     stage "FAILED $message"
#     set h [open [file join $out native_error.txt] w]; puts $h $message; puts $h [dict get $options -errorinfo]; close $h
#     close $status
#     exit 1
# }
## uplevel \#0 {
##     package require msgcat 1.4
##     if { $::tcl_platform(platform) eq {windows} } {
## 	if { [catch { package require registry 1.1 }] } {
## 	    namespace eval ::tcl::clock [list variable NoRegistry {}]
## 	}
##     }
## }
## namespace eval ::tcl::clock \
##     [list variable LibDir [file dirname [info script]]]
## namespace eval ::tcl::clock {
## 
##     # Export the subcommands
## 
##     namespace export format
##     namespace export clicks
##     namespace export microseconds
##     namespace export milliseconds
##     namespace export scan
##     namespace export seconds
##     namespace export add
## 
##     # Import the message catalog commands that we use.
## 
##     namespace import ::msgcat::mcload
##     namespace import ::msgcat::mclocale
## 
## }
## proc ::tcl::clock::Initialize {} {
## 
##     rename ::tcl::clock::Initialize {}
## 
##     variable LibDir
## 
##     # Define the Greenwich time zone
## 
##     proc InitTZData {} {
## 	variable TZData
## 	array unset TZData
## 	set TZData(:Etc/GMT) {
## 	    {-9223372036854775808 0 0 GMT}
## 	}
## 	set TZData(:GMT) $TZData(:Etc/GMT)
## 	set TZData(:Etc/UTC) {
## 	    {-9223372036854775808 0 0 UTC}
## 	}
## 	set TZData(:UTC) $TZData(:Etc/UTC)
## 	set TZData(:localtime) {}
##     }
##     InitTZData
## 
##     # Define the message catalog for the root locale.
## 
##     ::msgcat::mcmset {} {
## 	AM {am}
## 	BCE {B.C.E.}
## 	CE {C.E.}
## 	DATE_FORMAT {%m/%d/%Y}
## 	DATE_TIME_FORMAT {%a %b %e %H:%M:%S %Y}
## 	DAYS_OF_WEEK_ABBREV	{
## 	    Sun Mon Tue Wed Thu Fri Sat
## 	}
## 	DAYS_OF_WEEK_FULL	{
## 	    Sunday Monday Tuesday Wednesday Thursday Friday Saturday
## 	}
## 	GREGORIAN_CHANGE_DATE	2299161
## 	LOCALE_DATE_FORMAT {%m/%d/%Y}
## 	LOCALE_DATE_TIME_FORMAT {%a %b %e %H:%M:%S %Y}
## 	LOCALE_ERAS {}
## 	LOCALE_NUMERALS		{
## 	    00 01 02 03 04 05 06 07 08 09
## 	    10 11 12 13 14 15 16 17 18 19
## 	    20 21 22 23 24 25 26 27 28 29
## 	    30 31 32 33 34 35 36 37 38 39
## 	    40 41 42 43 44 45 46 47 48 49
## 	    50 51 52 53 54 55 56 57 58 59
## 	    60 61 62 63 64 65 66 67 68 69
## 	    70 71 72 73 74 75 76 77 78 79
## 	    80 81 82 83 84 85 86 87 88 89
## 	    90 91 92 93 94 95 96 97 98 99
## 	}
## 	LOCALE_TIME_FORMAT {%H:%M:%S}
## 	LOCALE_YEAR_FORMAT {%EC%Ey}
## 	MONTHS_ABBREV		{
## 	    Jan Feb Mar Apr May Jun Jul Aug Sep Oct Nov Dec
## 	}
## 	MONTHS_FULL		{
## 	    	January		February	March
## 	    	April		May		June
## 	    	July		August		September
## 		October		November	December
## 	}
## 	PM {pm}
## 	TIME_FORMAT {%H:%M:%S}
## 	TIME_FORMAT_12 {%I:%M:%S %P}
## 	TIME_FORMAT_24 {%H:%M}
## 	TIME_FORMAT_24_SECS {%H:%M:%S}
##     }
## 
##     # Define a few Gregorian change dates for other locales.  In most cases
##     # the change date follows a language, because a nation's colonies changed
##     # at the same time as the nation itself.  In many cases, different
##     # national boundaries existed; the dominating rule is to follow the
##     # nation's capital.
## 
##     # Italy, Spain, Portugal, Poland
## 
##     ::msgcat::mcset it GREGORIAN_CHANGE_DATE 2299161
##     ::msgcat::mcset es GREGORIAN_CHANGE_DATE 2299161
##     ::msgcat::mcset pt GREGORIAN_CHANGE_DATE 2299161
##     ::msgcat::mcset pl GREGORIAN_CHANGE_DATE 2299161
## 
##     # France, Austria
## 
##     ::msgcat::mcset fr GREGORIAN_CHANGE_DATE 2299227
## 
##     # For Belgium, we follow Southern Netherlands; Liege Diocese
##     # changed several weeks later.
## 
##     ::msgcat::mcset fr_BE GREGORIAN_CHANGE_DATE 2299238
##     ::msgcat::mcset nl_BE GREGORIAN_CHANGE_DATE 2299238
## 
##     # Austria
## 
##     ::msgcat::mcset de_AT GREGORIAN_CHANGE_DATE 2299527
## 
##     # Hungary
## 
##     ::msgcat::mcset hu GREGORIAN_CHANGE_DATE 2301004
## 
##     # Germany, Norway, Denmark (Catholic Germany changed earlier)
## 
##     ::msgcat::mcset de_DE GREGORIAN_CHANGE_DATE 2342032
##     ::msgcat::mcset nb GREGORIAN_CHANGE_DATE 2342032    
##     ::msgcat::mcset nn GREGORIAN_CHANGE_DATE 2342032
##     ::msgcat::mcset no GREGORIAN_CHANGE_DATE 2342032
##     ::msgcat::mcset da GREGORIAN_CHANGE_DATE 2342032
## 
##     # Holland (Brabant, Gelderland, Flanders, Friesland, etc. changed
##     # at various times)
## 
##     ::msgcat::mcset nl GREGORIAN_CHANGE_DATE 2342165
## 
##     # Protestant Switzerland (Catholic cantons changed earlier)
## 
##     ::msgcat::mcset fr_CH GREGORIAN_CHANGE_DATE 2361342
##     ::msgcat::mcset it_CH GREGORIAN_CHANGE_DATE 2361342
##     ::msgcat::mcset de_CH GREGORIAN_CHANGE_DATE 2361342
## 
##     # English speaking countries
## 
##     ::msgcat::mcset en GREGORIAN_CHANGE_DATE 2361222
## 
##     # Sweden (had several changes onto and off of the Gregorian calendar)
## 
##     ::msgcat::mcset sv GREGORIAN_CHANGE_DATE 2361390
## 
##     # Russia
## 
##     ::msgcat::mcset ru GREGORIAN_CHANGE_DATE 2421639
## 
##     # Romania (Transylvania changed earler - perhaps de_RO should show
##     # the earlier date?)
## 
##     ::msgcat::mcset ro GREGORIAN_CHANGE_DATE 2422063
## 
##     # Greece
## 
##     ::msgcat::mcset el GREGORIAN_CHANGE_DATE 2423480
##     
##     #------------------------------------------------------------------
##     #
##     #				CONSTANTS
##     #
##     #------------------------------------------------------------------
## 
##     # Paths at which binary time zone data for the Olson libraries
##     # are known to reside on various operating systems
## 
##     variable ZoneinfoPaths {}
##     foreach path {
## 	/usr/share/zoneinfo
## 	/usr/share/lib/zoneinfo
## 	/usr/lib/zoneinfo
## 	/usr/local/etc/zoneinfo
##     } {
## 	if { [file isdirectory $path] } {
## 	    lappend ZoneinfoPaths $path
## 	}
##     }
## 
##     # Define the directories for time zone data and message catalogs.
## 
##     variable DataDir [file join $LibDir tzdata]
##     variable MsgDir [file join $LibDir msgs]
## 
##     # Number of days in the months, in common years and leap years.
## 
##     variable DaysInRomanMonthInCommonYear \
## 	{ 31 28 31 30 31 30 31 31 30 31 30 31 }
##     variable DaysInRomanMonthInLeapYear \
## 	{ 31 29 31 30 31 30 31 31 30 31 30 31 }
##     variable DaysInPriorMonthsInCommonYear [list 0]
##     variable DaysInPriorMonthsInLeapYear [list 0]
##     set i 0
##     foreach j $DaysInRomanMonthInCommonYear {
## 	lappend DaysInPriorMonthsInCommonYear [incr i $j]
##     }
##     set i 0
##     foreach j $DaysInRomanMonthInLeapYear {
## 	lappend DaysInPriorMonthsInLeapYear [incr i $j]
##     }
## 
##     # Another epoch (Hi, Jeff!)
## 
##     variable Roddenberry 1946
## 
##     # Integer ranges
## 
##     variable MINWIDE -9223372036854775808
##     variable MAXWIDE 9223372036854775807
## 
##     # Day before Leap Day
## 
##     variable FEB_28	       58
## 
##     # Translation table to map Windows TZI onto cities, so that
##     # the Olson rules can apply.  In some cases the mapping is ambiguous,
##     # so it's wise to specify $::env(TCL_TZ) rather than simply depending
##     # on the system time zone.
## 
##     # The keys are long lists of values obtained from the time zone
##     # information in the Registry.  In order, the list elements are:
##     # 	Bias StandardBias DaylightBias
##     #   StandardDate.wYear StandardDate.wMonth StandardDate.wDayOfWeek
##     #   StandardDate.wDay StandardDate.wHour StandardDate.wMinute
##     #   StandardDate.wSecond StandardDate.wMilliseconds
##     #   DaylightDate.wYear DaylightDate.wMonth DaylightDate.wDayOfWeek
##     #   DaylightDate.wDay DaylightDate.wHour DaylightDate.wMinute
##     #   DaylightDate.wSecond DaylightDate.wMilliseconds
##     # The values are the names of time zones where those rules apply.
##     # There is considerable ambiguity in certain zones; an attempt has
##     # been made to make a reasonable guess, but this table needs to be
##     # taken with a grain of salt.
## 
##     variable WinZoneInfo [dict create {*}{
## 	{-43200 0 3600 0 0 0 0 0 0 0 0 0 0 0 0 0 0 0 0}  :Pacific/Kwajalein
## 	{-39600 0 3600 0 0 0 0 0 0 0 0 0 0 0 0 0 0 0 0}	 :Pacific/Midway
## 	{-36000 0 3600 0 0 0 0 0 0 0 0 0 0 0 0 0 0 0 0}  :Pacific/Honolulu
##         {-32400 0 3600 0 11 0 1 2 0 0 0 0 3 0 2 2 0 0 0} :America/Anchorage
##         {-28800 0 3600 0 11 0 1 2 0 0 0 0 3 0 2 2 0 0 0} :America/Los_Angeles
##         {-28800 0 3600 0 10 0 5 2 0 0 0 0 4 0 1 2 0 0 0} :America/Tijuana
##         {-25200 0 3600 0 11 0 1 2 0 0 0 0 3 0 2 2 0 0 0} :America/Denver
##         {-25200 0 3600 0 10 0 5 2 0 0 0 0 4 0 1 2 0 0 0} :America/Chihuahua
## 	{-25200 0 3600 0 0 0 0 0 0 0 0 0 0 0 0 0 0 0 0}  :America/Phoenix
## 	{-21600 0 3600 0 0 0 0 0 0 0 0 0 0 0 0 0 0 0 0}  :America/Regina
## 	{-21600 0 3600 0 11 0 1 2 0 0 0 0 3 0 2 2 0 0 0} :America/Chicago
##         {-21600 0 3600 0 10 0 5 2 0 0 0 0 4 0 1 2 0 0 0} :America/Mexico_City
## 	{-18000 0 3600 0 11 0 1 2 0 0 0 0 3 0 2 2 0 0 0} :America/New_York
## 	{-18000 0 3600 0 0 0 0 0 0 0 0 0 0 0 0 0 0 0 0}  :America/Indianapolis
## 	{-14400 0 3600 0 0 0 0 0 0 0 0 0 0 0 0 0 0 0 0}  :America/Caracas
##         {-14400 0 3600 0 3 6 2 23 59 59 999 0 10 6 2 23 59 59 999}
## 							 :America/Santiago
##         {-14400 0 3600 0 2 0 5 2 0 0 0 0 11 0 1 2 0 0 0} :America/Manaus
##         {-14400 0 3600 0 11 0 1 2 0 0 0 0 3 0 2 2 0 0 0} :America/Halifax
## 	{-12600 0 3600 0 10 0 5 2 0 0 0 0 4 0 1 2 0 0 0} :America/St_Johns
## 	{-10800 0 3600 0 2 0 2 2 0 0 0 0 10 0 3 2 0 0 0} :America/Sao_Paulo
## 	{-10800 0 3600 0 10 0 5 2 0 0 0 0 4 0 1 2 0 0 0} :America/Godthab
## 	{-10800 0 3600 0 0 0 0 0 0 0 0 0 0 0 0 0 0 0 0}  :America/Buenos_Aires
##         {-10800 0 3600 0 2 0 5 2 0 0 0 0 11 0 1 2 0 0 0} :America/Brasilia
##         {-10800 0 3600 0 3 0 2 2 0 0 0 0 10 0 1 2 0 0 0} :America/Montevideo
## 	{-7200 0 3600 0 9 0 5 2 0 0 0 0 3 0 5 2 0 0 0}   :America/Noronha
## 	{-3600 0 3600 0 10 0 5 3 0 0 0 0 3 0 5 2 0 0 0}  :Atlantic/Azores
## 	{-3600 0 3600 0 0 0 0 0 0 0 0 0 0 0 0 0 0 0 0}   :Atlantic/Cape_Verde
## 	{0 0 3600 0 0 0 0 0 0 0 0 0 0 0 0 0 0 0 0}       :UTC
## 	{0 0 3600 0 10 0 5 2 0 0 0 0 3 0 5 1 0 0 0}      :Europe/London
## 	{3600 0 3600 0 0 0 0 0 0 0 0 0 0 0 0 0 0 0 0}    :Africa/Kinshasa
## 	{3600 0 3600 0 10 0 5 3 0 0 0 0 3 0 5 2 0 0 0}   :CET
##         {7200 0 3600 0 0 0 0 0 0 0 0 0 0 0 0 0 0 0 0}    :Africa/Harare
##         {7200 0 3600 0 9 4 5 23 59 59 0 0 4 4 5 23 59 59 0}
## 			      				 :Africa/Cairo
## 	{7200 0 3600 0 10 0 5 4 0 0 0 0 3 0 5 3 0 0 0}   :Europe/Helsinki
##         {7200 0 3600 0 9 0 3 2 0 0 0 0 3 5 5 2 0 0 0}    :Asia/Jerusalem
## 	{7200 0 3600 0 9 0 5 1 0 0 0 0 3 0 5 0 0 0 0}    :Europe/Bucharest
## 	{7200 0 3600 0 10 0 5 3 0 0 0 0 3 0 5 2 0 0 0}   :Europe/Athens
##         {7200 0 3600 0 9 5 5 1 0 0 0 0 3 4 5 0 0 0 0}    :Asia/Amman
##         {7200 0 3600 0 10 6 5 23 59 59 999 0 3 0 5 0 0 0 0}
## 							 :Asia/Beirut
##         {7200 0 -3600 0 4 0 1 2 0 0 0 0 9 0 1 2 0 0 0}   :Africa/Windhoek
## 	{10800 0 3600 0 0 0 0 0 0 0 0 0 0 0 0 0 0 0 0}   :Asia/Riyadh
## 	{10800 0 3600 0 10 0 1 4 0 0 0 0 4 0 1 3 0 0 0}  :Asia/Baghdad
## 	{10800 0 3600 0 10 0 5 3 0 0 0 0 3 0 5 2 0 0 0}  :Europe/Moscow
## 	{12600 0 3600 0 9 2 4 2 0 0 0 0 3 0 1 2 0 0 0}   :Asia/Tehran
##         {14400 0 3600 0 10 0 5 5 0 0 0 0 3 0 5 4 0 0 0}  :Asia/Baku
## 	{14400 0 3600 0 0 0 0 0 0 0 0 0 0 0 0 0 0 0 0}   :Asia/Muscat
## 	{14400 0 3600 0 10 0 5 3 0 0 0 0 3 0 5 2 0 0 0}  :Asia/Tbilisi
## 	{16200 0 3600 0 0 0 0 0 0 0 0 0 0 0 0 0 0 0 0}   :Asia/Kabul
## 	{18000 0 3600 0 0 0 0 0 0 0 0 0 0 0 0 0 0 0 0}   :Asia/Karachi
## 	{18000 0 3600 0 10 0 5 3 0 0 0 0 3 0 5 2 0 0 0}  :Asia/Yekaterinburg
## 	{19800 0 3600 0 0 0 0 0 0 0 0 0 0 0 0 0 0 0 0}   :Asia/Calcutta
## 	{20700 0 3600 0 0 0 0 0 0 0 0 0 0 0 0 0 0 0 0}   :Asia/Katmandu
## 	{21600 0 3600 0 0 0 0 0 0 0 0 0 0 0 0 0 0 0 0}   :Asia/Dhaka
## 	{21600 0 3600 0 10 0 5 3 0 0 0 0 3 0 5 2 0 0 0}  :Asia/Novosibirsk
## 	{23400 0 3600 0 0 0 0 0 0 0 0 0 0 0 0 0 0 0 0}   :Asia/Rangoon
## 	{25200 0 3600 0 0 0 0 0 0 0 0 0 0 0 0 0 0 0 0}   :Asia/Bangkok
## 	{25200 0 3600 0 10 0 5 3 0 0 0 0 3 0 5 2 0 0 0}  :Asia/Krasnoyarsk
## 	{28800 0 3600 0 0 0 0 0 0 0 0 0 0 0 0 0 0 0 0}   :Asia/Chongqing
## 	{28800 0 3600 0 10 0 5 3 0 0 0 0 3 0 5 2 0 0 0}  :Asia/Irkutsk
## 	{32400 0 3600 0 0 0 0 0 0 0 0 0 0 0 0 0 0 0 0}   :Asia/Tokyo
## 	{32400 0 3600 0 10 0 5 3 0 0 0 0 3 0 5 2 0 0 0}  :Asia/Yakutsk
## 	{34200 0 3600 0 3 0 5 3 0 0 0 0 10 0 5 2 0 0 0}  :Australia/Adelaide
## 	{34200 0 3600 0 0 0 0 0 0 0 0 0 0 0 0 0 0 0 0}   :Australia/Darwin
## 	{36000 0 3600 0 0 0 0 0 0 0 0 0 0 0 0 0 0 0 0}   :Australia/Brisbane
## 	{36000 0 3600 0 10 0 5 3 0 0 0 0 3 0 5 2 0 0 0}  :Asia/Vladivostok
## 	{36000 0 3600 0 3 0 5 3 0 0 0 0 10 0 1 2 0 0 0}  :Australia/Hobart
## 	{36000 0 3600 0 3 0 5 3 0 0 0 0 10 0 5 2 0 0 0}  :Australia/Sydney
## 	{39600 0 3600 0 0 0 0 0 0 0 0 0 0 0 0 0 0 0 0}   :Pacific/Noumea
## 	{43200 0 3600 0 3 0 3 3 0 0 0 0 10 0 1 2 0 0 0}  :Pacific/Auckland
## 	{43200 0 3600 0 0 0 0 0 0 0 0 0 0 0 0 0 0 0 0}   :Pacific/Fiji
## 	{46800 0 3600 0 0 0 0 0 0 0 0 0 0 0 0 0 0 0 0}   :Pacific/Tongatapu
##     }]
## 
##     # Groups of fields that specify the date, priorities, and 
##     # code bursts that determine Julian Day Number given those groups.
##     # The code in [clock scan] will choose the highest priority
##     # (lowest numbered) set of fields that determines the date.
## 
##     variable DateParseActions {
## 
## 	{ seconds } 0 {}
## 
## 	{ julianDay } 1 {}
## 
## 	{ era century yearOfCentury month dayOfMonth } 2 {
## 	    dict set date year [expr { 100 * [dict get $date century]
## 				       + [dict get $date yearOfCentury] }]
## 	    set date [GetJulianDayFromEraYearMonthDay $date[set date {}] \
## 			  $changeover]
## 	}
## 	{ era century yearOfCentury dayOfYear } 2 {
## 	    dict set date year [expr { 100 * [dict get $date century]
## 				       + [dict get $date yearOfCentury] }]
## 	    set date [GetJulianDayFromEraYearDay $date[set date {}] \
## 			  $changeover]
## 	}
## 
## 	{ century yearOfCentury month dayOfMonth } 3 {
## 	    dict set date era CE
## 	    dict set date year [expr { 100 * [dict get $date century]
## 				       + [dict get $date yearOfCentury] }]
## 	    set date [GetJulianDayFromEraYearMonthDay $date[set date {}] \
## 			  $changeover]
## 	}
## 	{ century yearOfCentury dayOfYear } 3 {
## 	    dict set date era CE
## 	    dict set date year [expr { 100 * [dict get $date century]
## 				       + [dict get $date yearOfCentury] }]
## 	    set date [GetJulianDayFromEraYearDay $date[set date {}] \
## 			  $changeover]
## 	}
## 	{ iso8601Century iso8601YearOfCentury iso8601Week dayOfWeek } 3 {
## 	    dict set date era CE
## 	    dict set date iso8601Year \
## 		[expr { 100 * [dict get $date iso8601Century]
## 			+ [dict get $date iso8601YearOfCentury] }]
## 	    set date [GetJulianDayFromEraYearWeekDay $date[set date {}] \
## 			 $changeover]
## 	}
## 
## 	{ yearOfCentury month dayOfMonth } 4 {
## 	    set date [InterpretTwoDigitYear $date[set date {}] $baseTime]
## 	    dict set date era CE
## 	    set date [GetJulianDayFromEraYearMonthDay $date[set date {}] \
## 			  $changeover]
## 	}
## 	{ yearOfCentury dayOfYear } 4 {
## 	    set date [InterpretTwoDigitYear $date[set date {}] $baseTime]
## 	    dict set date era CE
## 	    set date [GetJulianDayFromEraYearDay $date[set date {}] \
## 			  $changeover]
## 	}
## 	{ iso8601YearOfCentury iso8601Week dayOfWeek } 4 {
## 	    set date [InterpretTwoDigitYear \
## 			  $date[set date {}] $baseTime \
## 			  iso8601YearOfCentury iso8601Year]
## 	    dict set date era CE
## 	    set date [GetJulianDayFromEraYearWeekDay $date[set date {}] \
## 			 $changeover]
## 	}
## 
## 	{ month dayOfMonth } 5 {
## 	    set date [AssignBaseYear $date[set date {}] \
## 			  $baseTime $timeZone $changeover]
## 	    set date [GetJulianDayFromEraYearMonthDay $date[set date {}] \
## 			  $changeover]
## 	}
## 	{ dayOfYear } 5 {
## 	    set date [AssignBaseYear $date[set date {}] \
## 			  $baseTime $timeZone $changeover]
## 	    set date [GetJulianDayFromEraYearDay $date[set date {}] \
## 			 $changeover]
## 	}
## 	{ iso8601Week dayOfWeek } 5 {
## 	    set date [AssignBaseIso8601Year $date[set date {}] \
## 			  $baseTime $timeZone $changeover]
## 	    set date [GetJulianDayFromEraYearWeekDay $date[set date {}] \
## 			 $changeover]
## 	}
## 
## 	{ dayOfMonth } 6 {
## 	    set date [AssignBaseMonth $date[set date {}] \
## 			  $baseTime $timeZone $changeover]
## 	    set date [GetJulianDayFromEraYearMonthDay $date[set date {}] \
## 			  $changeover]
## 	}
## 
## 	{ dayOfWeek } 7 {
## 	    set date [AssignBaseWeek $date[set date {}] \
## 			  $baseTime $timeZone $changeover]
## 	    set date [GetJulianDayFromEraYearWeekDay $date[set date {}] \
## 			 $changeover]
## 	}
## 
## 	{} 8 {
## 	    set date [AssignBaseJulianDay $date[set date {}] \
## 			  $baseTime $timeZone $changeover]
## 	}
##     }
## 
##     # Groups of fields that specify time of day, priorities,
##     # and code that processes them
## 
##     variable TimeParseActions {
## 
## 	seconds 1 {}
## 
## 	{ hourAMPM minute second amPmIndicator } 2 {
## 	    dict set date secondOfDay [InterpretHMSP $date]
## 	}
## 	{ hour minute second } 2 {
## 	    dict set date secondOfDay [InterpretHMS $date]
## 	}
## 
## 	{ hourAMPM minute amPmIndicator } 3 {
## 	    dict set date second 0
## 	    dict set date secondOfDay [InterpretHMSP $date]
## 	}
## 	{ hour minute } 3 {
## 	    dict set date second 0
## 	    dict set date secondOfDay [InterpretHMS $date]
## 	}
## 
## 	{ hourAMPM amPmIndicator } 4 {
## 	    dict set date minute 0
## 	    dict set date second 0
## 	    dict set date secondOfDay [InterpretHMSP $date]
## 	}
## 	{ hour } 4 {
## 	    dict set date minute 0
## 	    dict set date second 0
## 	    dict set date secondOfDay [InterpretHMS $date]
## 	}
## 
## 	{ } 5 {
## 	    dict set date secondOfDay 0
## 	}
##     }
## 
##     # Legacy time zones, used primarily for parsing RFC822 dates.
## 
##     variable LegacyTimeZone [dict create \
## 	gmt	+0000 \
## 	ut	+0000 \
## 	utc	+0000 \
## 	bst	+0100 \
## 	wet	+0000 \
## 	wat	-0100 \
## 	at	-0200 \
## 	nft	-0330 \
## 	nst	-0330 \
## 	ndt	-0230 \
## 	ast	-0400 \
## 	adt	-0300 \
## 	est	-0500 \
## 	edt	-0400 \
## 	cst	-0600 \
## 	cdt	-0500 \
## 	mst	-0700 \
## 	mdt	-0600 \
## 	pst	-0800 \
## 	pdt	-0700 \
## 	yst	-0900 \
## 	ydt	-0800 \
## 	hst	-1000 \
## 	hdt	-0900 \
## 	cat	-1000 \
## 	ahst	-1000 \
## 	nt	-1100 \
## 	idlw	-1200 \
## 	cet	+0100 \
## 	cest	+0200 \
## 	met	+0100 \
## 	mewt	+0100 \
## 	mest	+0200 \
## 	swt	+0100 \
## 	sst	+0200 \
## 	fwt	+0100 \
## 	fst	+0200 \
## 	eet	+0200 \
## 	eest	+0300 \
## 	bt	+0300 \
## 	it	+0330 \
## 	zp4	+0400 \
## 	zp5	+0500 \
## 	ist	+0530 \
## 	zp6	+0600 \
## 	wast	+0700 \
## 	wadt	+0800 \
## 	jt	+0730 \
## 	cct	+0800 \
## 	jst	+0900 \
## 	kst     +0900 \
## 	cast	+0930 \
##         jdt     +1000 \
##         kdt     +1000 \
## 	cadt	+1030 \
## 	east	+1000 \
## 	eadt	+1030 \
## 	gst	+1000 \
## 	nzt	+1200 \
## 	nzst	+1200 \
## 	nzdt	+1300 \
## 	idle	+1200 \
## 	a	+0100 \
## 	b	+0200 \
## 	c	+0300 \
## 	d	+0400 \
## 	e	+0500 \
## 	f	+0600 \
## 	g	+0700 \
## 	h	+0800 \
## 	i	+0900 \
## 	k	+1000 \
## 	l	+1100 \
## 	m	+1200 \
## 	n	-0100 \
## 	o	-0200 \
## 	p	-0300 \
## 	q	-0400 \
## 	r	-0500 \
## 	s	-0600 \
## 	t	-0700 \
## 	u	-0800 \
## 	v	-0900 \
## 	w	-1000 \
## 	x	-1100 \
## 	y	-1200 \
## 	z	+0000 \
##     ]
## 
##     # Caches
## 
##     variable LocaleNumeralCache {};	# Dictionary whose keys are locale
## 					# names and whose values are pairs
## 					# comprising regexes matching numerals
## 					# in the given locales and dictionaries
## 					# mapping the numerals to their numeric
## 					# values.
##     variable McLoaded {};		# Dictionary whose keys are locales
## 					# in which [mcload] has been executed
## 					# and whose values are second-level
##     					# dictionaries indexed by message
##     					# name and giving message text.
##     # variable CachedSystemTimeZone;    # If 'CachedSystemTimeZone' exists,
## 					# it contains the value of the
## 					# system time zone, as determined from
## 					# the environment.
##     variable TimeZoneBad {};	        # Dictionary whose keys are time zone
##     					# names and whose values are 1 if
## 					# the time zone is unknown and 0
##     					# if it is known.
##     variable TZData;			# Array whose keys are time zone names
## 					# and whose values are lists of quads
## 					# comprising start time, UTC offset,
## 					# Daylight Saving Time indicator, and
## 					# time zone abbreviation.
##     variable FormatProc;		# Array mapping format group
## 					# and locale to the name of a procedure
## 					# that renders the given format
## }
## ::tcl::clock::Initialize
## proc ::tcl::clock::format { args } {
## 
##     variable FormatProc
##     variable TZData
## 
##     lassign [ParseFormatArgs {*}$args] format locale timezone
##     set locale [string tolower $locale]
##     set clockval [lindex $args 0]
## 
##     # Get the data for time changes in the given zone
##     
##     if {$timezone eq ""} {
## 	set timezone [GetSystemTimeZone]
##     }
##     if {![info exists TZData($timezone)]} {
## 	if {[catch {SetupTimeZone $timezone} retval opts]} {
## 	    dict unset opts -errorinfo
## 	    return -options $opts $retval
## 	}
##     }
##     
##     # Build a procedure to format the result. Cache the built procedure's
##     # name in the 'FormatProc' array to avoid losing its internal
##     # representation, which contains the name resolution.
##     
##     set procName formatproc'$format'$locale
##     set procName [namespace current]::[string map {: {\:} \\ {\\}} $procName]
##     if {[info exists FormatProc($procName)]} {
## 	set procName $FormatProc($procName)
##     } else {
## 	set FormatProc($procName) \
## 	    [ParseClockFormatFormat $procName $format $locale]
##     }
##     
##     return [$procName $clockval $timezone]
## 
## }
## proc ::tcl::clock::ParseClockFormatFormat {procName format locale} {
## 
##     if {[namespace which $procName] ne {}} {
## 	return $procName
##     }
## 
##     # Map away the locale-dependent composite format groups
##     
##     EnterLocale $locale oldLocale
## 
##     # Change locale if a fresh locale has been given on the command line.
## 
##     set status [catch {
## 
## 	ParseClockFormatFormat2 $format $locale $procName
## 
##     } result opts]
## 
##     # Restore the locale
## 
##     if { [info exists oldLocale] } {
## 	mclocale $oldLocale
##     }
## 
##     # Return either the error or the proc name
## 
##     if { $status == 1 } {
## 	if { [lindex [dict get $opts -errorcode] 0] eq {clock} } {
## 	    return -code error $result
## 	} else {
## 	    return -options $opts $result
## 	}
##     } else {
## 	return $result
##     }
## 
## }
## proc ::tcl::clock::ParseClockFormatFormat2 {format locale procName} {
## 
##     set didLocaleEra 0
##     set didLocaleNumerals 0
##     set preFormatCode \
## 	[string map [list @GREGORIAN_CHANGE_DATE@ \
## 				       [mc GREGORIAN_CHANGE_DATE]] \
## 	     {
## 		 variable TZData
## 		 set date [GetDateFields $clockval \
## 			       $TZData($timezone) \
## 			       @GREGORIAN_CHANGE_DATE@]
## 	     }]
##     set formatString {}
##     set substituents {}
##     set state {}
## 	
##     set format [LocalizeFormat $locale $format]
## 
##     foreach char [split $format {}] {
## 	switch -exact -- $state {
## 	    {} {
## 		if { [string equal % $char] } {
## 		    set state percent
## 		} else {
## 		    append formatString $char
## 		}
## 	    }
## 	    percent {			# Character following a '%' character
## 		set state {}
## 		switch -exact -- $char {
## 		    % {			# A literal character, '%'
## 			append formatString %
## 		    }
## 		    a {			# Day of week, abbreviated
## 			append formatString %s
## 			append substituents \
## 			    [string map \
## 				 [list @DAYS_OF_WEEK_ABBREV@ \
## 				      [list [mc DAYS_OF_WEEK_ABBREV]]] \
## 				 { [lindex @DAYS_OF_WEEK_ABBREV@ \
## 					[expr {[dict get $date dayOfWeek] \
## 						   % 7}]]}]
## 		    }			 
## 		    A {			# Day of week, spelt out.
## 			append formatString %s
## 			append substituents \
## 			    [string map \
## 				 [list @DAYS_OF_WEEK_FULL@ \
## 				      [list [mc DAYS_OF_WEEK_FULL]]] \
## 				 { [lindex @DAYS_OF_WEEK_FULL@ \
## 					[expr {[dict get $date dayOfWeek] \
## 						   % 7}]]}]
## 		    }
## 		    b - h {		# Name of month, abbreviated.
## 			append formatString %s
## 			append substituents \
## 			    [string map \
## 				 [list @MONTHS_ABBREV@ \
## 				      [list [mc MONTHS_ABBREV]]] \
## 				 { [lindex @MONTHS_ABBREV@ \
## 					[expr {[dict get $date month]-1}]]}]
## 		    }
## 		    B {			# Name of month, spelt out
## 			append formatString %s
## 			append substituents \
## 			    [string map \
## 				 [list @MONTHS_FULL@ \
## 				      [list [mc MONTHS_FULL]]] \
## 				 { [lindex @MONTHS_FULL@ \
## 					[expr {[dict get $date month]-1}]]}]
## 		    }
## 		    C {			# Century number
## 			append formatString %02d
## 			append substituents \
## 			    { [expr {[dict get $date year] / 100}]}
## 		    }
## 		    d {			# Day of month, with leading zero
## 			append formatString %02d
## 			append substituents { [dict get $date dayOfMonth]}
## 		    }
## 		    e {			# Day of month, without leading zero
## 			append formatString %2d
## 			append substituents { [dict get $date dayOfMonth]}
## 		    }
## 		    E {			# Format group in a locale-dependent
## 					# alternative era
## 			set state percentE
## 			if {!$didLocaleEra} {
## 			    append preFormatCode \
## 				[string map \
## 				     [list @LOCALE_ERAS@ \
## 					  [list [mc LOCALE_ERAS]]] \
## 				     {
## 					 set date [GetLocaleEra \
## 						       $date[set date {}] \
## 						       @LOCALE_ERAS@]}] \n
## 			    set didLocaleEra 1
## 			}
## 			if {!$didLocaleNumerals} {
## 			    append preFormatCode \
## 				[list set localeNumerals \
## 				     [mc LOCALE_NUMERALS]] \n
## 			    set didLocaleNumerals 1
## 			}
## 		    }
## 		    g {			# Two-digit year relative to ISO8601
## 					# week number
## 			append formatString %02d
## 			append substituents \
## 			    { [expr { [dict get $date iso8601Year] % 100 }]}
## 		    }
## 		    G {			# Four-digit year relative to ISO8601
## 					# week number
## 			append formatString %02d
## 			append substituents { [dict get $date iso8601Year]}
## 		    }
## 		    H {			# Hour in the 24-hour day, leading zero
## 			append formatString %02d
## 			append substituents \
## 			    { [expr { [dict get $date localSeconds] \
## 					  / 3600 % 24}]}
## 		    }
## 		    I {			# Hour AM/PM, with leading zero
## 			append formatString %02d
## 			append substituents \
## 			    { [expr { ( ( ( [dict get $date localSeconds] \
## 					    % 86400 ) \
## 					  + 86400 \
## 					  - 3600 ) \
## 					/ 3600 ) \
## 				      % 12 + 1 }] }
## 		    }
## 		    j {			# Day of year (001-366)
## 			append formatString %03d
## 			append substituents { [dict get $date dayOfYear]}
## 		    }
## 		    J {			# Julian Day Number
## 			append formatString %07ld
## 			append substituents { [dict get $date julianDay]}
## 		    }
## 		    k {			# Hour (0-23), no leading zero
## 			append formatString %2d
## 			append substituents \
## 			    { [expr { [dict get $date localSeconds] 
## 				      / 3600
## 				      % 24 }]}
## 		    }
## 		    l {			# Hour (12-11), no leading zero
## 			append formatString %2d
## 			append substituents \
## 			    { [expr { ( ( ( [dict get $date localSeconds]
## 					   % 86400 )
## 					 + 86400
## 					 - 3600 )
## 				       / 3600 )
## 				     % 12 + 1 }]}
## 		    }
## 		    m {			# Month number, leading zero
## 			append formatString %02d
## 			append substituents { [dict get $date month]}
## 		    }
## 		    M {			# Minute of the hour, leading zero
## 			append formatString %02d
## 			append substituents \
## 			    { [expr { [dict get $date localSeconds] 
## 				      / 60
## 				      % 60 }]}
## 		    }
## 		    n {			# A literal newline
## 			append formatString \n
## 		    }
## 		    N {			# Month number, no leading zero
## 			append formatString %2d
## 			append substituents { [dict get $date month]}
## 		    }
## 		    O {			# A format group in the locale's
## 					# alternative numerals
## 			set state percentO
## 			if {!$didLocaleNumerals} {
## 			    append preFormatCode \
## 				[list set localeNumerals \
## 				     [mc LOCALE_NUMERALS]] \n
## 			    set didLocaleNumerals 1
## 			}
## 		    }
## 		    p {			# Localized 'AM' or 'PM' indicator
## 					# converted to uppercase
## 			append formatString %s
## 			append preFormatCode \
## 			    [list set AM [string toupper [mc AM]]] \n \
## 			    [list set PM [string toupper [mc PM]]] \n
## 			append substituents \
## 			    { [expr {(([dict get $date localSeconds]
## 				       % 86400) < 43200) ?
## 				     $AM : $PM}]}
## 		    }
## 		    P {			# Localized 'AM' or 'PM' indicator
## 			append formatString %s
## 			append preFormatCode \
## 			    [list set am [mc AM]] \n \
## 			    [list set pm [mc PM]] \n
## 			append substituents \
## 			    { [expr {(([dict get $date localSeconds]
## 				       % 86400) < 43200) ?
## 				     $am : $pm}]}
## 			
## 		    }
## 		    Q {			# Hi, Jeff!
## 			append formatString %s
## 			append substituents { [FormatStarDate $date]}
## 		    }
## 		    s {			# Seconds from the Posix Epoch
## 			append formatString %s
## 			append substituents { [dict get $date seconds]}
## 		    }
## 		    S {			# Second of the minute, with 
## 			# leading zero
## 			append formatString %02d
## 			append substituents \
## 			    { [expr { [dict get $date localSeconds] 
## 				      % 60 }]}
## 		    }
## 		    t {			# A literal tab character
## 			append formatString \t
## 		    }
## 		    u {			# Day of the week (1-Monday, 7-Sunday)
## 			append formatString %1d
## 			append substituents { [dict get $date dayOfWeek]}
## 		    }
## 		    U {			# Week of the year (00-53). The
## 					# first Sunday of the year is the
## 					# first day of week 01
## 			append formatString %02d
## 			append preFormatCode {
## 			    set dow [dict get $date dayOfWeek]
## 			    if { $dow == 7 } {
## 				set dow 0
## 			    }
## 			    incr dow
## 			    set UweekNumber \
## 				[expr { ( [dict get $date dayOfYear] 
## 					  - $dow + 7 )
## 					/ 7 }]
## 			}
## 			append substituents { $UweekNumber}
## 		    }
## 		    V {			# The ISO8601 week number
## 			append formatString %02d
## 			append substituents { [dict get $date iso8601Week]}
## 		    }
## 		    w {			# Day of the week (0-Sunday,
## 					# 6-Saturday)
## 			append formatString %1d
## 			append substituents \
## 			    { [expr { [dict get $date dayOfWeek] % 7 }]}
## 		    }
## 		    W {			# Week of the year (00-53). The first
## 					# Monday of the year is the first day
## 					# of week 01.
## 			append preFormatCode {
## 			    set WweekNumber \
## 				[expr { ( [dict get $date dayOfYear]
## 					  - [dict get $date dayOfWeek]
## 					  + 7 ) 
## 					/ 7 }]
## 			}
## 			append formatString %02d
## 			append substituents { $WweekNumber}
## 		    }
## 		    y {			# The two-digit year of the century
## 			append formatString %02d
## 			append substituents \
## 			    { [expr { [dict get $date year] % 100 }]}
## 		    }
## 		    Y {			# The four-digit year
## 			append formatString %04d
## 			append substituents { [dict get $date year]}
## 		    }
## 		    z {			# The time zone as hours and minutes
## 					# east (+) or west (-) of Greenwich
## 			append formatString %s
## 			append substituents { [FormatNumericTimeZone \
## 						   [dict get $date tzOffset]]}
## 		    }
## 		    Z {			# The name of the time zone
## 			append formatString %s
## 			append substituents { [dict get $date tzName]}
## 		    }
## 		    % {			# A literal percent character
## 			append formatString %
## 		    }
## 		    default {		# An unknown escape sequence
## 			append formatString % $char
## 		    }
## 		}
## 	    }
## 	    percentE {			# Character following %E
## 		set state {}
## 		switch -exact -- $char {
## 		    E {
## 			append formatString %s
## 			append substituents { } \
## 			    [string map \
## 				 [list @BCE@ [list [mc BCE]] \
## 				      @CE@ [list [mc CE]]] \
## 				      {[dict get {BCE @BCE@ CE @CE@} \
## 					    [dict get $date era]]}]
## 		    }
## 		    C {			# Locale-dependent era
## 			append formatString %s
## 			append substituents { [dict get $date localeEra]}
## 		    }
## 		    y {			# Locale-dependent year of the era
## 			append preFormatCode {
## 			    set y [dict get $date localeYear]
## 			    if { $y >= 0 && $y < 100 } {
## 				set Eyear [lindex $localeNumerals $y]
## 			    } else {
## 				set Eyear $y
## 			    }
## 			}
## 			append formatString %s
## 			append substituents { $Eyear}
## 		    }
## 		    default {		# Unknown %E format group
## 			append formatString %E $char
## 		    }
## 		}
## 	    }
## 	    percentO {			# Character following %O
## 		set state {}
## 		switch -exact -- $char {
## 		    d - e {		# Day of the month in alternative 
## 			# numerals
## 			append formatString %s
## 			append substituents \
## 			    { [lindex $localeNumerals \
## 				   [dict get $date dayOfMonth]]}
## 		    }
## 		    H - k {		# Hour of the day in alternative
## 					# numerals
## 			append formatString %s
## 			append substituents \
## 			    { [lindex $localeNumerals \
## 				   [expr { [dict get $date localSeconds] 
## 					   / 3600
## 					   % 24 }]]}
## 		    }
## 		    I - l {		# Hour (12-11) AM/PM in alternative
## 					# numerals
## 			append formatString %s
## 			append substituents \
## 			    { [lindex $localeNumerals \
## 				   [expr { ( ( ( [dict get $date localSeconds]
## 						 % 86400 )
## 					       + 86400
## 					       - 3600 )
## 					     / 3600 )
## 					   % 12 + 1 }]]}
## 		    }
## 		    m {			# Month number in alternative numerals
## 			append formatString %s
## 			append substituents \
## 			    { [lindex $localeNumerals [dict get $date month]]}
## 		    }
## 		    M {			# Minute of the hour in alternative
## 					# numerals
## 			append formatString %s
## 			append substituents \
## 			    { [lindex $localeNumerals \
## 				   [expr { [dict get $date localSeconds] 
## 					   / 60
## 					   % 60 }]]}
## 		    }
## 		    S {			# Second of the minute in alternative
## 					# numerals
## 			append formatString %s
## 			append substituents \
## 			    { [lindex $localeNumerals \
## 				   [expr { [dict get $date localSeconds] 
## 					   % 60 }]]}
## 		    }
## 		    u {			# Day of the week (Monday=1,Sunday=7)
## 					# in alternative numerals
## 			append formatString %s
## 			append substituents \
## 			    { [lindex $localeNumerals \
## 				   [dict get $date dayOfWeek]]}
## 			}
## 		    w {			# Day of the week (Sunday=0,Saturday=6)
## 					# in alternative numerals
## 			append formatString %s
## 			append substituents \
## 			    { [lindex $localeNumerals \
## 				   [expr { [dict get $date dayOfWeek] % 7 }]]}
## 		    }
## 		    y {			# Year of the century in alternative
## 					# numerals
## 			append formatString %s
## 			append substituents \
## 			    { [lindex $localeNumerals \
## 				   [expr { [dict get $date year] % 100 }]]}
## 		    }
## 		    default {	# Unknown format group
## 			append formatString %O $char
## 		    }
## 		}
## 	    }
## 	}
##     }
## 	
##     # Clean up any improperly terminated groups
##     
##     switch -exact -- $state {
## 	percent {
## 	    append formatString %
## 	}
## 	percentE {
## 	    append retval %E
## 	}
## 	percentO {
## 	    append retval %O
## 	}
##     }
## 
##     proc $procName {clockval timezone} "
##         $preFormatCode
##         return \[::format [list $formatString] $substituents\]
##     "
## 
##     #    puts [list $procName [info args $procName] [info body $procName]]
## 
##     return $procName
## }
## proc ::tcl::clock::scan { args } {
## 
##     set format {}
## 
##     # Check the count of args
## 
##     if { [llength $args] < 1 || [llength $args] % 2 != 1 } {
## 	set cmdName "clock scan"
## 	return -code error \
## 	    -errorcode [list CLOCK wrongNumArgs] \
## 	    "wrong \# args: should be\
##              \"$cmdName string\
##              ?-base seconds?\
##              ?-format string? ?-gmt boolean?\
##              ?-locale LOCALE? ?-timezone ZONE?\""
##     }
## 
##     # Set defaults
## 
##     set base [clock seconds]
##     set string [lindex $args 0]
##     set format {}
##     set gmt 0
##     set locale c
##     set timezone [GetSystemTimeZone]
## 
##     # Pick up command line options.
## 
##     foreach { flag value } [lreplace $args 0 0] {
## 	set saw($flag) {}
## 	switch -exact -- $flag {
## 	    -b - -ba - -bas - -base {
## 		set base $value
## 	    }
## 	    -f - -fo - -for - -form - -forma - -format {
## 		set format $value
## 	    }
## 	    -g - -gm - -gmt {
## 		set gmt $value
## 	    }
## 	    -l - -lo - -loc - -loca - -local - -locale {
## 		set locale [string tolower $value]
## 	    }
## 	    -t - -ti - -tim - -time - -timez - -timezo - -timezon - -timezone {
## 		set timezone $value
## 	    }
## 	    default {
## 		return -code error \
## 		    -errorcode [list CLOCK badSwitch $flag] \
## 		    "bad switch \"$flag\",\
##                      must be -base, -format, -gmt, -locale or -timezone"
## 	    }
## 	}
##     }
## 
##     # Check options for validity
## 
##     if { [info exists saw(-gmt)] && [info exists saw(-timezone)] } {
## 	return -code error \
## 	    -errorcode [list CLOCK gmtWithTimezone] \
## 	    "cannot use -gmt and -timezone in same call"
##     }
##     if { [catch { expr { wide($base) } } result] } {
## 	return -code error \
## 	    "expected integer but got \"$base\"" 
##     }
##     if { ![string is boolean $gmt] } {
## 	return -code error \
## 	    "expected boolean value but got \"$gmt\""
##     } else {
## 	if { $gmt } {
## 	    set timezone :GMT
## 	}
##     }
## 
##     if { ![info exists saw(-format)] } {
## 	# Perhaps someday we'll localize the legacy code. Right now,
## 	# it's not localized.
## 	if { [info exists saw(-locale)] } {
## 	    return -code error \
## 		-errorcode [list CLOCK flagWithLegacyFormat] \
## 		"legacy \[clock scan\] does not support -locale"
## 
## 	}
## 	return [FreeScan $string $base $timezone $locale]
##     }
## 
##     # Change locale if a fresh locale has been given on the command line.
## 
##     EnterLocale $locale oldLocale
## 
##     set status [catch {
## 
## 	# Map away the locale-dependent composite format groups
## 
## 	set scanner [ParseClockScanFormat $format $locale]
## 	$scanner $string $base $timezone
## 
##     } result opts]
## 
##     # Restore the locale
## 
##     if { [info exists oldLocale] } {
## 	mclocale $oldLocale
##     }
## 
##     if { $status == 1 } {
## 	if { [lindex [dict get $opts -errorcode] 0] eq {clock} } {
## 	    return -code error $result
## 	} else {
## 	    return -options $opts $result
## 	}
##     } else {
## 	return $result
##     }
## 
## }
## proc ::tcl::clock::FreeScan { string base timezone locale } {
## 
##     variable TZData
## 
##     # Get the data for time changes in the given zone
##     
##     if {[catch {SetupTimeZone $timezone} retval opts]} {
## 	dict unset opts -errorinfo
## 	return -options $opts $retval
##     }
## 
##     # Extract year, month and day from the base time for the
##     # parser to use as defaults
## 
##     set date [GetDateFields \
## 		  $base \
## 		  $TZData($timezone) \
## 		  2361222]
##     dict set date secondOfDay [expr { [dict get $date localSeconds] 
## 				      % 86400 }]
## 
##     # Parse the date.  The parser will return a list comprising
##     # date, time, time zone, relative month/day/seconds, relative
##     # weekday, ordinal month.
## 
##     set status [catch {
## 	Oldscan $string \
## 	    [dict get $date year] \
## 	    [dict get $date month] \
## 	    [dict get $date dayOfMonth]
##     } result]
##     if { $status != 0 } {
## 	return -code error "unable to convert date-time string \"$string\": $result"
##     }
## 
##     lassign $result parseDate parseTime parseZone parseRel \
## 	parseWeekday parseOrdinalMonth
## 
##     # If the caller supplied a date in the string, update the 'date' dict
##     # with the value. If the caller didn't specify a time with the date,
##     # default to midnight.
## 
##     if { [llength $parseDate] > 0 } {
## 	lassign $parseDate y m d
## 	if { $y < 100 } {
## 	    if { $y >= 39 } {
## 		incr y 1900
## 	    } else {
## 		incr y 2000
## 	    }
## 	}
## 	dict set date era CE
## 	dict set date year $y
## 	dict set date month $m
## 	dict set date dayOfMonth $d
## 	if { $parseTime eq {} } {
## 	    set parseTime 0
## 	}
##     }
## 
##     # If the caller supplied a time zone in the string, it comes back
##     # as a two-element list; the first element is the number of minutes
##     # east of Greenwich, and the second is a Daylight Saving Time
##     # indicator ( 1 == yes, 0 == no, -1 == unknown ). We make it into
##     # a time zone indicator of +-hhmm.
##     
##     if { [llength $parseZone] > 0 } {
## 	lassign $parseZone minEast dstFlag
## 	set timezone [FormatNumericTimeZone \
## 			  [expr { 60 * $minEast + 3600 * $dstFlag }]]
## 	SetupTimeZone $timezone
##     }
##     dict set date tzName $timezone
## 
##     # Assemble date, time, zone into seconds-from-epoch
## 
##     set date [GetJulianDayFromEraYearMonthDay $date[set date {}] 2361222]
##     if { $parseTime ne {} } {
## 	dict set date secondOfDay $parseTime
##     } elseif { [llength $parseWeekday] != 0 
## 	       || [llength $parseOrdinalMonth] != 0 
## 	       || ( [llength $parseRel] != 0 
## 		    && ( [lindex $parseRel 0] != 0
## 			 || [lindex $parseRel 1] != 0 ) ) } {
## 	dict set date secondOfDay 0
##     }
## 
##     dict set date localSeconds \
## 	[expr { -210866803200
## 		+ ( 86400 * wide([dict get $date julianDay]) )
## 		+ [dict get $date secondOfDay] }]
##     dict set date tzName $timezone
##     set date [ConvertLocalToUTC $date[set date {}] $TZData($timezone) 2361222]
##     set seconds [dict get $date seconds]
## 
##     # Do relative times
## 
##     if { [llength $parseRel] > 0 } {
## 	lassign $parseRel relMonth relDay relSecond
## 	set seconds [add $seconds \
## 			 $relMonth months $relDay days $relSecond seconds \
## 			 -timezone $timezone -locale $locale]
##     }	
## 
##     # Do relative weekday
##     
##     if { [llength $parseWeekday] > 0 } {
## 
## 	lassign $parseWeekday dayOrdinal dayOfWeek
## 	set date2 [GetDateFields $seconds $TZData($timezone) 2361222]
## 	dict set date2 era CE
## 	set jdwkday [WeekdayOnOrBefore $dayOfWeek \
## 			 [expr { [dict get $date2 julianDay] 
## 				 + 6 }]]
## 	incr jdwkday [expr { 7 * $dayOrdinal }]
## 	if { $dayOrdinal > 0 } {
## 	    incr jdwkday -7
## 	}
## 	dict set date2 secondOfDay \
## 	    [expr { [dict get $date2 localSeconds] % 86400 }]
## 	dict set date2 julianDay $jdwkday
## 	dict set date2 localSeconds \
## 	    [expr { -210866803200
## 		    + ( 86400 * wide([dict get $date2 julianDay]) )
## 		    + [dict get $date secondOfDay] }]
## 	dict set date2 tzName $timezone
## 	set date2 [ConvertLocalToUTC $date2[set date2 {}] $TZData($timezone) \
## 		       2361222]
## 	set seconds [dict get $date2 seconds]
## 
##     }
## 
##     # Do relative month
## 
##     if { [llength $parseOrdinalMonth] > 0 } {
## 
## 	lassign $parseOrdinalMonth monthOrdinal monthNumber
## 	if { $monthOrdinal > 0 } {
## 	    set monthDiff [expr { $monthNumber - [dict get $date month] }]
## 	    if { $monthDiff <= 0 } {
## 		incr monthDiff 12
## 	    }
## 	    incr monthOrdinal -1
## 	} else {
## 	    set monthDiff [expr { [dict get $date month] - $monthNumber }]
## 	    if { $monthDiff >= 0 } {
## 		incr monthDiff -12
## 	    }
## 	    incr monthOrdinal
## 	}
## 	set seconds [add $seconds $monthOrdinal years $monthDiff months \
## 			 -timezone $timezone -locale $locale]
## 
##     }
## 
##     return $seconds
## }
## proc ::tcl::clock::ParseClockScanFormat {formatString locale} {
## 
##     # Check whether the format has been parsed previously, and return
##     # the existing recognizer if it has.
## 
##     set procName scanproc'$formatString'$locale
##     set procName [namespace current]::[string map {: {\:} \\ {\\}} $procName]
##     if { [namespace which $procName] != {} } {
## 	return $procName
##     }
## 
##     variable DateParseActions
##     variable TimeParseActions
## 
##     # Localize the %x, %X, etc. groups
## 
##     set formatString [LocalizeFormat $locale $formatString]
## 
##     # Condense whitespace
## 
##     regsub -all {[[:space:]]+} $formatString { } formatString
## 
##     # Walk through the groups of the format string.  In this loop, we
##     # accumulate:
##     #	- a regular expression that matches the string,
##     #   - the count of capturing brackets in the regexp
##     #   - a set of code that post-processes the fields captured by the regexp,
##     #   - a dictionary whose keys are the names of fields that are present
##     #     in the format string.
## 
##     set re {^[[:space:]]*}
##     set captureCount 0
##     set postcode {}
##     set fieldSet [dict create]
##     set fieldCount 0
##     set postSep {}
##     set state {}
## 
##     foreach c [split $formatString {}] {
## 	switch -exact -- $state {
## 	    {} {
## 		if { $c eq "%" } {
## 		    set state %
## 		} elseif { $c eq " " } {
## 		    append re {[[:space:]]+}
## 		} else {
## 		    if { ! [string is alnum $c] } {
## 			append re \\
## 			}
## 		    append re $c
## 		}
## 	    }
## 	    % {
## 		set state {}
## 		switch -exact -- $c {
## 		    % {
## 			append re %
## 		    }
## 		    { } {
## 			append re "\[\[:space:\]\]*"
## 		    }
## 		    a - A { 		# Day of week, in words
## 			set l {}
## 			foreach \
## 			    i {7 1 2 3 4 5 6} \
## 			    abr [mc DAYS_OF_WEEK_ABBREV] \
## 			    full [mc DAYS_OF_WEEK_FULL] {
## 				dict set l [string tolower $abr] $i
## 				dict set l [string tolower $full] $i
## 				incr i
## 			    }
## 			lassign [UniquePrefixRegexp $l] regex lookup
## 			append re ( $regex )
## 			dict set fieldSet dayOfWeek [incr fieldCount]
## 			append postcode "dict set date dayOfWeek \[" \
## 			    "dict get " [list $lookup] " " \
## 			    \[ {string tolower $field} [incr captureCount] \] \
## 			    "\]\n"
## 		    }
## 		    b - B - h {		# Name of month
## 			set i 0
## 			set l {}
## 			foreach \
## 			    abr [mc MONTHS_ABBREV] \
## 			    full [mc MONTHS_FULL] {
## 				incr i
## 				dict set l [string tolower $abr] $i
## 				dict set l [string tolower $full] $i
## 			    }
## 			lassign [UniquePrefixRegexp $l] regex lookup
## 			append re ( $regex )
## 			dict set fieldSet month [incr fieldCount]
## 			append postcode "dict set date month \[" \
## 			    "dict get " [list $lookup] \
## 			    " " \[ {string tolower $field} \
## 			    [incr captureCount] \] \
## 			    "\]\n"
## 		    }
## 		    C {			# Gregorian century
## 			append re \\s*(\\d\\d?)
## 			dict set fieldSet century [incr fieldCount]
## 			append postcode "dict set date century \[" \
## 			    "::scan \$field" [incr captureCount] " %d" \
## 			    "\]\n"
## 		    }
## 		    d - e {		# Day of month
## 			append re \\s*(\\d\\d?)
## 			dict set fieldSet dayOfMonth [incr fieldCount]
## 			append postcode "dict set date dayOfMonth \[" \
## 			    "::scan \$field" [incr captureCount] " %d" \
## 			    "\]\n"
## 		    }
## 		    E {			# Prefix for locale-specific codes
## 			set state %E
## 		    }
## 		    g {			# ISO8601 2-digit year
## 			append re \\s*(\\d\\d)
## 			dict set fieldSet iso8601YearOfCentury \
## 			    [incr fieldCount]
## 			append postcode \
## 			    "dict set date iso8601YearOfCentury \[" \
## 			    "::scan \$field" [incr captureCount] " %d" \
## 			    "\]\n"
## 		    }
## 		    G {			# ISO8601 4-digit year
## 			append re \\s*(\\d\\d)(\\d\\d)
## 			dict set fieldSet iso8601Century [incr fieldCount]
## 			dict set fieldSet iso8601YearOfCentury \
## 			    [incr fieldCount]
## 			append postcode \
## 			    "dict set date iso8601Century \[" \
## 			    "::scan \$field" [incr captureCount] " %d" \
## 			    "\]\n" \
## 			    "dict set date iso8601YearOfCentury \[" \
## 			    "::scan \$field" [incr captureCount] " %d" \
## 			    "\]\n"
## 		    }
## 		    H - k {		# Hour of day
## 			append re \\s*(\\d\\d?)
## 			dict set fieldSet hour [incr fieldCount]
## 			append postcode "dict set date hour \[" \
## 			    "::scan \$field" [incr captureCount] " %d" \
## 			    "\]\n"
## 		    }
## 		    I - l {		# Hour, AM/PM
## 			append re \\s*(\\d\\d?)
## 			dict set fieldSet hourAMPM [incr fieldCount]
## 			append postcode "dict set date hourAMPM \[" \
## 			    "::scan \$field" [incr captureCount] " %d" \
## 			    "\]\n"
## 		    }
## 		    j {			# Day of year
## 			append re \\s*(\\d\\d?\\d?)
## 			dict set fieldSet dayOfYear [incr fieldCount]
## 			append postcode "dict set date dayOfYear \[" \
## 			    "::scan \$field" [incr captureCount] " %d" \
## 			    "\]\n"
## 		    }
## 		    J {			# Julian Day Number
## 			append re \\s*(\\d+)
## 			dict set fieldSet julianDay [incr fieldCount]
## 			append postcode "dict set date julianDay \[" \
## 			    "::scan \$field" [incr captureCount] " %ld" \
## 			    "\]\n"
## 		    }
## 		    m - N {			# Month number
## 			append re \\s*(\\d\\d?)
## 			dict set fieldSet month [incr fieldCount]
## 			append postcode "dict set date month \[" \
## 			    "::scan \$field" [incr captureCount] " %d" \
## 			    "\]\n"
## 		    }
## 		    M {			# Minute
## 			append re \\s*(\\d\\d?)
## 			dict set fieldSet minute [incr fieldCount]
## 			append postcode "dict set date minute \[" \
## 			    "::scan \$field" [incr captureCount] " %d" \
## 			    "\]\n"
## 		    }
## 		    n {			# Literal newline
## 			append re \\n
## 		    }
## 		    O {			# Prefix for locale numerics
## 			set state %O
## 		    }
## 		    p - P { 		# AM/PM indicator
## 			set l [list [string tolower [mc AM]] 0 \
## 				   [string tolower [mc PM]] 1]
## 			lassign [UniquePrefixRegexp $l] regex lookup
## 			append re ( $regex )
## 			dict set fieldSet amPmIndicator [incr fieldCount]
## 			append postcode "dict set date amPmIndicator \[" \
## 			    "dict get " [list $lookup] " \[string tolower " \
## 			    "\$field" \
## 			    [incr captureCount] \
## 			    "\]\]\n"
## 		    }
## 		    Q {			# Hi, Jeff!
## 			append re {Stardate\s+([-+]?\d+)(\d\d\d)[.](\d)}
## 			incr captureCount
## 			dict set fieldSet seconds [incr fieldCount]
## 			append postcode {dict set date seconds } \[ \
## 			    {ParseStarDate $field} [incr captureCount] \
## 			    { $field} [incr captureCount] \
## 			    { $field} [incr captureCount] \
## 			    \] \n
## 		    }
## 		    s {			# Seconds from Posix Epoch
## 			# This next case is insanely difficult,
## 			# because it's problematic to determine
## 			# whether the field is actually within
## 			# the range of a wide integer.
## 			append re {\s*([-+]?\d+)}
## 			dict set fieldSet seconds [incr fieldCount]
## 			append postcode {dict set date seconds } \[ \
## 			    {ScanWide $field} [incr captureCount] \] \n
## 		    }
## 		    S {			# Second
## 			append re \\s*(\\d\\d?)
## 			dict set fieldSet second [incr fieldCount]
## 			append postcode "dict set date second \[" \
## 			    "::scan \$field" [incr captureCount] " %d" \
## 			    "\]\n"
## 		    }
## 		    t {			# Literal tab character
## 			append re \\t
## 		    }
## 		    u - w {		# Day number within week, 0 or 7 == Sun
## 					# 1=Mon, 6=Sat
## 			append re \\s*(\\d)
## 			dict set fieldSet dayOfWeek [incr fieldCount]
## 			append postcode {::scan $field} [incr captureCount] \
## 			    { %d dow} \n \
## 			    {
## 				if { $dow == 0 } {
## 				    set dow 7
## 				} elseif { $dow > 7 } {
## 				    return -code error \
## 					-errorcode [list CLOCK badDayOfWeek] \
## 					"day of week is greater than 7"
## 				}
## 				dict set date dayOfWeek $dow
## 			    }
## 		    }
## 		    U {			# Week of year. The
## 					# first Sunday of the year is the
## 					# first day of week 01. No scan rule
## 					# uses this group.
## 			append re \\s*\\d\\d?
## 		    }
## 		    V {			# Week of ISO8601 year
## 			
## 			append re \\s*(\\d\\d?)
## 			dict set fieldSet iso8601Week [incr fieldCount]
## 			append postcode "dict set date iso8601Week \[" \
## 			    "::scan \$field" [incr captureCount] " %d" \
## 			    "\]\n"
## 		    }
## 		    W {			# Week of the year (00-53). The first
## 					# Monday of the year is the first day
## 					# of week 01. No scan rule uses this
## 					# group.
## 			append re \\s*\\d\\d?
## 		    }
## 		    y {			# Two-digit Gregorian year
## 			append re \\s*(\\d\\d?)
## 			dict set fieldSet yearOfCentury [incr fieldCount]
## 			append postcode "dict set date yearOfCentury \[" \
## 			    "::scan \$field" [incr captureCount] " %d" \
## 			    "\]\n"
## 		    }
## 		    Y {			# 4-digit Gregorian year
## 			append re \\s*(\\d\\d)(\\d\\d)
## 			dict set fieldSet century [incr fieldCount]
## 			dict set fieldSet yearOfCentury [incr fieldCount]
## 			append postcode \
## 			    "dict set date century \[" \
## 			    "::scan \$field" [incr captureCount] " %d" \
## 			    "\]\n" \
## 			    "dict set date yearOfCentury \[" \
## 			    "::scan \$field" [incr captureCount] " %d" \
## 			    "\]\n"
## 		    }
## 		    z - Z {			# Time zone name
## 			append re {(?:([-+]\d\d(?::?\d\d(?::?\d\d)?)?)|([[:alnum:]]{1,4}))}
## 			dict set fieldSet tzName [incr fieldCount]
## 			append postcode \
## 			    {if } \{ { $field} [incr captureCount] \
## 			    { ne "" } \} { } \{ \n \
## 			    {dict set date tzName $field} \
## 			    $captureCount \n \
## 			    \} { else } \{ \n \
## 			    {dict set date tzName } \[ \
## 			    {ConvertLegacyTimeZone $field} \
## 			    [incr captureCount] \] \n \
## 			    \} \n \
## 		    }
## 		    % {			# Literal percent character
## 			append re %
## 		    }
## 		    default {
## 			append re %
## 			if { ! [string is alnum $c] } {
## 			    append re \\
## 			    }
## 			append re $c
## 		    }
## 		}
## 	    }
## 	    %E {
## 		switch -exact -- $c {
## 		    C {			# Locale-dependent era
## 			set d {}
## 			foreach triple [mc LOCALE_ERAS] {
## 			    lassign $triple t symbol year
## 			    dict set d [string tolower $symbol] $year
## 			}
## 			lassign [UniquePrefixRegexp $d] regex lookup
## 			append re (?: $regex )
## 		    }
## 		    E {
## 			set l {}
## 			dict set l [string tolower [mc BCE]] BCE
## 			dict set l [string tolower [mc CE]] CE
## 			dict set l b.c.e. BCE
## 			dict set l c.e. CE
## 			dict set l b.c. BCE
## 			dict set l a.d. CE
## 			lassign [UniquePrefixRegexp $l] regex lookup
## 			append re ( $regex )
## 			dict set fieldSet era [incr fieldCount]
## 			append postcode "dict set date era \["\
## 			    "dict get " [list $lookup] \
## 			    { } \[ {string tolower $field} \
## 			    [incr captureCount] \] \
## 			    "\]\n"
## 		    }
## 		    y {			# Locale-dependent year of the era
## 			lassign [LocaleNumeralMatcher $locale] regex lookup
## 			append re $regex
## 			incr captureCount
## 		    }
## 		    default {
## 			append re %E
## 			if { ! [string is alnum $c] } {
## 			    append re \\
## 			    }
## 			append re $c
## 		    }
## 		}
## 		set state {}
## 	    }
## 	    %O {
## 		switch -exact -- $c {
## 		    d - e {
## 			lassign [LocaleNumeralMatcher $locale] regex lookup
## 			append re $regex
## 			dict set fieldSet dayOfMonth [incr fieldCount]
## 			append postcode "dict set date dayOfMonth \[" \
## 			    "dict get " [list $lookup] " \$field" \
## 			    [incr captureCount] \
## 			    "\]\n"
## 		    }
## 		    H - k {
## 			lassign [LocaleNumeralMatcher $locale] regex lookup
## 			append re $regex
## 			dict set fieldSet hour [incr fieldCount]
## 			append postcode "dict set date hour \[" \
## 			    "dict get " [list $lookup] " \$field" \
## 			    [incr captureCount] \
## 			    "\]\n"
## 		    }
## 		    I - l {
## 			lassign [LocaleNumeralMatcher $locale] regex lookup
## 			append re $regex
## 			dict set fieldSet hourAMPM [incr fieldCount]
## 			append postcode "dict set date hourAMPM \[" \
## 			    "dict get " [list $lookup] " \$field" \
## 			    [incr captureCount] \
## 			    "\]\n"
## 		    }
## 		    m {
## 			lassign [LocaleNumeralMatcher $locale] regex lookup
## 			append re $regex
## 			dict set fieldSet month [incr fieldCount]
## 			append postcode "dict set date month \[" \
## 			    "dict get " [list $lookup] " \$field" \
## 			    [incr captureCount] \
## 			    "\]\n"
## 		    }
## 		    M {
## 			lassign [LocaleNumeralMatcher $locale] regex lookup
## 			append re $regex
## 			dict set fieldSet minute [incr fieldCount]
## 			append postcode "dict set date minute \[" \
## 			    "dict get " [list $lookup] " \$field" \
## 			    [incr captureCount] \
## 			    "\]\n"
## 		    }
## 		    S {
## 			lassign [LocaleNumeralMatcher $locale] regex lookup
## 			append re $regex
## 			dict set fieldSet second [incr fieldCount]
## 			append postcode "dict set date second \[" \
## 			    "dict get " [list $lookup] " \$field" \
## 			    [incr captureCount] \
## 			    "\]\n"
## 		    }
## 		    u - w {
## 			lassign [LocaleNumeralMatcher $locale] regex lookup
## 			append re $regex
## 			dict set fieldSet dayOfWeek [incr fieldCount]
## 			append postcode "set dow \[dict get " [list $lookup] \
## 			    { $field} [incr captureCount] \] \n \
## 			    {
## 				if { $dow == 0 } {
## 				    set dow 7
## 				} elseif { $dow > 7 } {
## 				    return -code error \
## 					-errorcode [list CLOCK badDayOfWeek] \
## 					"day of week is greater than 7"
## 				}
## 				dict set date dayOfWeek $dow
## 			    }				
## 		    }
## 		    y {
## 			lassign [LocaleNumeralMatcher $locale] regex lookup
## 			append re $regex
## 			dict set fieldSet yearOfCentury [incr fieldCount]
## 			append postcode {dict set date yearOfCentury } \[ \
## 			    {dict get } [list $lookup] { $field} \
## 			    [incr captureCount] \] \n
## 		    }
## 		    default {
## 			append re %O
## 			if { ! [string is alnum $c] } {
## 			    append re \\
## 			    }
## 			append re $c
## 		    }
## 		}
## 		set state {}
## 	    }
## 	}
##     }
## 
##     # Clean up any unfinished format groups
## 
##     append re $state \\s*\$
## 
##     # Build the procedure
## 
##     set procBody {}
##     append procBody "variable ::tcl::clock::TZData" \n
##     append procBody "if \{ !\[ regexp -nocase [list $re] \$string ->"
##     for { set i 1 } { $i <= $captureCount } { incr i } {
## 	append procBody " " field $i
##     }
##     append procBody "\] \} \{" \n
##     append procBody {
## 	return -code error -errorcode [list CLOCK badInputString] \
## 	    {input string does not match supplied format}
##     }
##     append procBody \}\n
##     append procBody "set date \[dict create\]" \n
##     append procBody {dict set date tzName $timeZone} \n
##     append procBody $postcode
##     append procBody [list set changeover [mc GREGORIAN_CHANGE_DATE]] \n
## 
##     # Get time zone if needed
## 
##     if { ![dict exists $fieldSet seconds] 
## 	 && ![dict exists $fieldSet starDate] } {
## 	if { [dict exists $fieldSet tzName] } {
## 	    append procBody {
## 		set timeZone [dict get $date tzName]
## 	    }
## 	}
## 	append procBody {
## 	    ::tcl::clock::SetupTimeZone $timeZone
## 	}
##     }
## 
##     # Add code that gets Julian Day Number from the fields.
## 
##     append procBody [MakeParseCodeFromFields $fieldSet $DateParseActions]
## 
##     # Get time of day
## 
##     append procBody [MakeParseCodeFromFields $fieldSet $TimeParseActions]
## 
##     # Assemble seconds, and convert local nominal time to UTC.
## 
##     if { ![dict exists $fieldSet seconds] 
##          && ![dict exists $fieldSet starDate] } {
## 	append procBody {
## 	    if { [dict get $date julianDay] > 5373484 } {
## 		return -code error -errorcode [list CLOCK dateTooLarge] \
## 		    "requested date too large to represent"
## 	    }
## 	    dict set date localSeconds \
## 		[expr { -210866803200
## 			+ ( 86400 * wide([dict get $date julianDay]) )
## 			+ [dict get $date secondOfDay] }]
## 	}
## 	append procBody {
## 	    set date [::tcl::clock::ConvertLocalToUTC $date[set date {}] \
## 			  $TZData($timeZone) \
## 			  $changeover]
## 	}
##     }
## 
##     # Return result
## 
##     append procBody {return [dict get $date seconds]} \n
## 
##     proc $procName { string baseTime timeZone } $procBody
## 
##     # puts [list proc $procName [list string baseTime timeZone] $procBody]
## 
##     return $procName
## }
## proc ::tcl::clock::LocaleNumeralMatcher {l} {
## 
##     variable LocaleNumeralCache
## 
##     if { ![dict exists $LocaleNumeralCache $l] } {
## 	set d {}
## 	set i 0
## 	set sep \(
## 	foreach n [mc LOCALE_NUMERALS] {
## 	    dict set d $n $i
## 	    regsub -all {[^[:alnum:]]} $n \\\\& subex
## 	    append re $sep $subex
## 	    set sep |
## 	    incr i
## 	}
## 	append re \)
## 	dict set LocaleNumeralCache $l [list $re $d]
##     }
##     return [dict get $LocaleNumeralCache $l]
## }
## proc ::tcl::clock::UniquePrefixRegexp { data } {
## 
##     # The 'successors' dictionary will contain, for each string that
##     # is a prefix of any key, all characters that may follow that
##     # prefix.  The 'prefixMapping' dictionary will have keys that
##     # are prefixes of keys and values that correspond to the keys.
## 
##     set prefixMapping [dict create]
##     set successors [dict create {} {}]
## 
##     # Walk the key-value pairs
## 
##     foreach { key value } $data {
## 
## 	# Construct all prefixes of the key; 
## 
## 	set prefix {}
## 	foreach char [split $key {}] {
## 	    set oldPrefix $prefix
## 	    dict set successors $oldPrefix $char {}
## 	    append prefix $char
## 
## 	    # Put the prefixes in the 'prefixMapping' and 'successors'
## 	    # dictionaries
## 
## 	    dict lappend prefixMapping $prefix $value
## 	    if { ![dict exists $successors $prefix] } {
## 		dict set successors $prefix {}
## 	    }
## 	}
##     }
## 
##     # Identify those prefixes that designate unique values, and
##     # those that are the full keys
## 
##     set uniquePrefixMapping {}
##     dict for { key valueList } $prefixMapping {
## 	if { [llength $valueList] == 1 } {
## 	    dict set uniquePrefixMapping $key [lindex $valueList 0]
## 	}
##     }
##     foreach { key value } $data {
## 	dict set uniquePrefixMapping $key $value
##     }
## 
##     # Construct the re.
## 
##     return [list \
## 		[MakeUniquePrefixRegexp $successors $uniquePrefixMapping {}] \
## 		$uniquePrefixMapping]
## }
## proc ::tcl::clock::MakeUniquePrefixRegexp { successors 
## 					  uniquePrefixMapping
## 					  prefixString } {
## 
##     # Get the characters that may follow the current prefix string
## 
##     set schars [lsort -ascii [dict keys [dict get $successors $prefixString]]]
##     if { [llength $schars] == 0 } {
## 	return {}
##     }
## 
##     # If there is more than one successor character, or if the current
##     # prefix is a unique prefix, surround the generated re with non-capturing
##     # parentheses.
## 
##     set re {}
##     if { [dict exists $uniquePrefixMapping $prefixString]
## 	 || [llength $schars] > 1 } {
## 	append re "(?:"
##     }
## 
##     # Generate a regexp that matches the successors.
## 
##     set sep ""
##     foreach { c } $schars {
## 	set nextPrefix $prefixString$c
## 	regsub -all {[^[:alnum:]]} $c \\\\& rechar
## 	append re $sep $rechar \
## 	    [MakeUniquePrefixRegexp \
## 		 $successors $uniquePrefixMapping $nextPrefix]
## 	set sep |
##     }
## 
##     # If the current prefix is a unique prefix, make all following text
##     # optional. Otherwise, if there is more than one successor character,
##     # close the non-capturing parentheses.
## 
##     if { [dict exists $uniquePrefixMapping $prefixString] } {
## 	append re ")?"
##     }  elseif { [llength $schars] > 1 } {
## 	append re ")"
##     }
## 
##     return $re
## }
## proc ::tcl::clock::MakeParseCodeFromFields { dateFields parseActions } {
## 
##     set currPrio 999
##     set currFieldPos [list]
##     set currCodeBurst {
## 	error "in ::tcl::clock::MakeParseCodeFromFields: can't happen"
##     }
## 
##     foreach { fieldSet prio parseAction } $parseActions {
## 
## 	# If we've found an answer that's better than any that follow,
## 	# quit now.
## 
## 	if { $prio > $currPrio } {
## 	    break
## 	}
## 
## 	# Accumulate the field positions that are used in the current
## 	# field grouping.
## 
## 	set fieldPos [list]
## 	set ok true
## 	foreach field $fieldSet {
## 	    if { ! [dict exists $dateFields $field] } {
## 		set ok 0
## 		break
## 	    }
## 	    lappend fieldPos [dict get $dateFields $field]
## 	}
## 
## 	# Quit if we don't have a complete set of fields
## 	if { !$ok } {
## 	    continue
## 	}
## 
## 	# Determine whether the current answer is better than the last.
## 
## 	set fPos [lsort -integer -decreasing $fieldPos]
## 
## 	if { $prio ==  $currPrio } {
## 	    foreach currPos $currFieldPos newPos $fPos {
## 		if { ![string is integer $newPos]
## 		     || ![string is integer $currPos]
## 		     || $newPos > $currPos } {
## 		    break
## 		}
## 		if { $newPos < $currPos } {
## 		    set ok 0
## 		    break
## 		}
## 	    }
## 	}
## 	if { !$ok } {
## 	    continue
## 	}
## 
## 	# Remember the best possibility for extracting date information
## 
## 	set currPrio $prio
## 	set currFieldPos $fPos
## 	set currCodeBurst $parseAction
## 	    
##     }
## 
##     return $currCodeBurst
## 
## }
## proc ::tcl::clock::EnterLocale { locale oldLocaleVar } {
## 
##     upvar 1 $oldLocaleVar oldLocale
## 
##     variable MsgDir
##     variable McLoaded
## 
##     set oldLocale [mclocale]
##     if { $locale eq {system} } {
## 
## 	if { $::tcl_platform(platform) ne {windows} } {
## 
## 	    # On a non-windows platform, the 'system' locale is
## 	    # the same as the 'current' locale
## 
## 	    set locale current
## 	} else {
## 
## 	    # On a windows platform, the 'system' locale is
## 	    # adapted from the 'current' locale by applying the
## 	    # date and time formats from the Control Panel.
## 	    # First, load the 'current' locale if it's not yet loaded
## 
## 	    if {![dict exists $McLoaded $oldLocale] } {
## 		mcload $MsgDir
## 		dict set McLoaded $oldLocale {}
## 	    }
## 
## 	    # Make a new locale string for the system locale, and
## 	    # get the Control Panel information
## 
## 	    set locale ${oldLocale}_windows
## 	    if { ![dict exists $McLoaded $locale] } {
## 		LoadWindowsDateTimeFormats $locale
## 		dict set McLoaded $locale {}
## 	    }
## 	}
##     }
##     if { $locale eq {current}} {
## 	set locale $oldLocale
## 	unset oldLocale
##     } elseif { $locale eq $oldLocale } {
## 	unset oldLocale
##     } else {
## 	mclocale $locale
##     }
##     if { ![dict exists $McLoaded $locale] } {
## 	mcload $MsgDir
## 	dict set McLoaded $locale {}
##     }
## 
## }    
## proc ::tcl::clock::LoadWindowsDateTimeFormats { locale } {
## 
##     # Bail out if we can't find the Registry
## 
##     variable NoRegistry
##     if { [info exists NoRegistry] } return
## 
##     if { ![catch {
## 	registry get "HKEY_CURRENT_USER\\Control Panel\\International" \
## 	    sShortDate
##     } string] } {
## 	set quote {}
## 	set datefmt {}
## 	foreach { unquoted quoted } [split $string '] {
## 	    append datefmt $quote [string map {
## 		dddd %A
## 		ddd  %a
## 		dd   %d
## 		d    %e
## 		MMMM %B
## 		MMM  %b
## 		MM   %m
## 		M    %N
## 		yyyy %Y
## 		yy   %y
##                 y    %y
##                 gg   {}
## 	    } $unquoted]
## 	    if { $quoted eq {} } {
## 		set quote '
## 	    } else {
## 		set quote $quoted
## 	    }
## 	}
## 	::msgcat::mcset $locale DATE_FORMAT $datefmt
##     }
## 
##     if { ![catch {
## 	registry get "HKEY_CURRENT_USER\\Control Panel\\International" \
## 	    sLongDate
##     } string] } {
## 	set quote {}
## 	set ldatefmt {}
## 	foreach { unquoted quoted } [split $string '] {
## 	    append ldatefmt $quote [string map {
## 		dddd %A
## 		ddd  %a
## 		dd   %d
## 		d    %e
## 		MMMM %B
## 		MMM  %b
## 		MM   %m
## 		M    %N
## 		yyyy %Y
## 		yy   %y
##                 y    %y
##                 gg   {}
## 	    } $unquoted]
## 	    if { $quoted eq {} } {
## 		set quote '
## 	    } else {
## 		set quote $quoted
## 	    }
## 	}
## 	::msgcat::mcset $locale LOCALE_DATE_FORMAT $ldatefmt
##     }
## 
##     if { ![catch {
## 	registry get "HKEY_CURRENT_USER\\Control Panel\\International" \
## 	    sTimeFormat
##     } string] } {
## 	set quote {}
## 	set timefmt {}
## 	foreach { unquoted quoted } [split $string '] {
## 	    append timefmt $quote [string map {
## 		HH    %H
## 		H     %k
## 		hh    %I
## 		h     %l
## 		mm    %M
## 		m     %M
## 		ss    %S
## 		s     %S
## 		tt    %p
## 		t     %p
## 	    } $unquoted]
## 	    if { $quoted eq {} } {
## 		set quote '
## 	    } else {
## 		set quote $quoted
## 	    }
## 	}
## 	::msgcat::mcset $locale TIME_FORMAT $timefmt
##     }
## 
##     catch {
## 	::msgcat::mcset $locale DATE_TIME_FORMAT "$datefmt $timefmt"
##     }
##     catch {
## 	::msgcat::mcset $locale LOCALE_DATE_TIME_FORMAT "$ldatefmt $timefmt"
##     }
## 
##     return
## 
## }
## proc ::tcl::clock::LocalizeFormat { locale format } {
## 
##     variable McLoaded
## 
##     if { [dict exists $McLoaded $locale FORMAT $format] } {
## 	return [dict get $McLoaded $locale FORMAT $format]
##     }
##     set inFormat $format
## 
##     # Handle locale-dependent format groups by mapping them out of the format
##     # string.  Note that the order of the [string map] operations is
##     # significant because later formats can refer to later ones; for example
##     # %c can refer to %X, which in turn can refer to %T.
##     
##     set list {
## 	% %
## 	%D %m/%d/%Y
## 	%+ {%a %b %e %H:%M:%S %Z %Y}
##     }
##     lappend list %EY [string map $list [mc LOCALE_YEAR_FORMAT]]
##     lappend list %T  [string map $list [mc TIME_FORMAT_24_SECS]]
##     lappend list %R  [string map $list [mc TIME_FORMAT_24]]
##     lappend list %r  [string map $list [mc TIME_FORMAT_12]]
##     lappend list %X  [string map $list [mc TIME_FORMAT]]
##     lappend list %EX [string map $list [mc LOCALE_TIME_FORMAT]]
##     lappend list %x  [string map $list [mc DATE_FORMAT]]
##     lappend list %Ex [string map $list [mc LOCALE_DATE_FORMAT]]
##     lappend list %c  [string map $list [mc DATE_TIME_FORMAT]]
##     lappend list %Ec [string map $list [mc LOCALE_DATE_TIME_FORMAT]]
##     set format [string map $list $format]
## 				       
##     dict set McLoaded $locale FORMAT $inFormat $format
##     return $format
## }
## proc ::tcl::clock::FormatNumericTimeZone { z } {
## 
##     if { $z < 0 } {
## 	set z [expr { - $z }]
## 	set retval -
##     } else {
## 	set retval +
##     }
##     append retval [::format %02d [expr { $z / 3600 }]]
##     set z [expr { $z % 3600 }]
##     append retval [::format %02d [expr { $z / 60 }]]
##     set z [expr { $z % 60 }]
##     if { $z != 0 } {
## 	append retval [::format %02d $z]
##     }
##     return $retval
## 
## }
## proc ::tcl::clock::FormatStarDate { date } {
## 
##     variable Roddenberry
## 
##     # Get day of year, zero based
## 
##     set doy [expr { [dict get $date dayOfYear] - 1 }]
## 
##     # Determine whether the year is a leap year
## 
##     set lp [IsGregorianLeapYear $date]
## 
##     # Convert day of year to a fractional year
## 
##     if { $lp } {
## 	set fractYear [expr { 1000 * $doy / 366 }]
##     } else {
## 	set fractYear [expr { 1000 * $doy / 365 }]
##     }
## 
##     # Put together the StarDate
## 
##     return [::format "Stardate %02d%03d.%1d" \
## 		[expr { [dict get $date year] - $Roddenberry }] \
## 		$fractYear \
## 		[expr { [dict get $date localSeconds] % 86400
## 			/ ( 86400 / 10 ) }]]
## }
## proc ::tcl::clock::ParseStarDate { year fractYear fractDay } {
## 
##     variable Roddenberry
## 
##     # Build a tentative date from year and fraction.
## 
##     set date [dict create \
## 		  gregorian 1 \
## 		  era CE \
## 		  year [expr { $year + $Roddenberry }] \
## 		  dayOfYear [expr { $fractYear * 365 / 1000 + 1 }]]
##     set date [GetJulianDayFromGregorianEraYearDay $date[set date {}]]
## 
##     # Determine whether the given year is a leap year
## 
##     set lp [IsGregorianLeapYear $date]
## 
##     # Reconvert the fractional year according to whether the given
##     # year is a leap year
## 
##     if { $lp } {
## 	dict set date dayOfYear \
## 	    [expr { $fractYear * 366 / 1000 + 1 }]
##     } else {
## 	dict set date dayOfYear \
## 	    [expr { $fractYear * 365 / 1000 + 1 }]
##     }
##     dict unset date julianDay
##     dict unset date gregorian
##     set date [GetJulianDayFromGregorianEraYearDay $date[set date {}]]
## 
##     return [expr { 86400 * [dict get $date julianDay]
## 		   - 210866803200
## 		   + ( 86400 / 10 ) * $fractDay }]
## 
## }
## proc ::tcl::clock::ScanWide { str } {
##     set count [::scan $str {%ld %c} result junk]
##     if { $count != 1 } {
## 	return -code error -errorcode [list CLOCK notAnInteger $str] \
## 	    "\"$str\" is not an integer"
##     }
##     if { [incr result 0] != $str } {
## 	return -code error -errorcode [list CLOCK integervalueTooLarge] \
## 	    "integer value too large to represent"
##     }
##     return $result
## }
## proc ::tcl::clock::InterpretTwoDigitYear { date baseTime 
## 					   { twoDigitField yearOfCentury }
## 					   { fourDigitField year } } {
## 
##     set yr [dict get $date $twoDigitField]
##     if { $yr <= 37 } {
## 	dict set date $fourDigitField [expr { $yr + 2000 }]
##     } else {
## 	dict set date $fourDigitField [expr { $yr + 1900 }]
##     }
##     return $date
## 
## }
## proc ::tcl::clock::AssignBaseYear { date baseTime timezone changeover } {
## 
##     variable TZData
## 
##     # Find the Julian Day Number corresponding to the base time, and
##     # find the Gregorian year corresponding to that Julian Day.
## 
##     set date2 [GetDateFields $baseTime $TZData($timezone) $changeover]
## 
##     # Store the converted year
## 
##     dict set date era [dict get $date2 era]
##     dict set date year [dict get $date2 year]
## 
##     return $date
## 
## }
## proc ::tcl::clock::AssignBaseIso8601Year {date baseTime timeZone changeover} {
## 
##     variable TZData
## 
##     # Find the Julian Day Number corresponding to the base time
## 
##     set date2 [GetDateFields $baseTime $TZData($timeZone) $changeover]
## 
##     # Calculate the ISO8601 date and transfer the year
## 
##     dict set date era CE
##     dict set date iso8601Year [dict get $date2 iso8601Year]
##     return $date
## }
## proc ::tcl::clock::AssignBaseMonth {date baseTime timezone changeover} {
## 
##     variable TZData
## 
##     # Find the year and month corresponding to the base time
## 
##     set date2 [GetDateFields $baseTime $TZData($timezone) $changeover]
##     dict set date era [dict get $date2 era]
##     dict set date year [dict get $date2 year]
##     dict set date month [dict get $date2 month]
##     return $date
## 
## }
## proc ::tcl::clock::AssignBaseWeek {date baseTime timeZone changeover} {
## 
##     variable TZData
## 
##     # Find the Julian Day Number corresponding to the base time
## 
##     set date2 [GetDateFields $baseTime $TZData($timeZone) $changeover]
## 
##     # Calculate the ISO8601 date and transfer the year
## 
##     dict set date era CE
##     dict set date iso8601Year [dict get $date2 iso8601Year]
##     dict set date iso8601Week [dict get $date2 iso8601Week]
##     return $date
## }
## proc ::tcl::clock::AssignBaseJulianDay { date baseTime timeZone changeover } {
## 
##     variable TZData
## 
##     # Find the Julian Day Number corresponding to the base time
## 
##     set date2 [GetDateFields $baseTime $TZData($timeZone) $changeover]
##     dict set date julianDay [dict get $date2 julianDay]
## 
##     return $date
## }
## proc ::tcl::clock::InterpretHMSP { date } {
## 
##     set hr [dict get $date hourAMPM]
##     if { $hr == 12 } {
## 	set hr 0
##     }
##     if { [dict get $date amPmIndicator] } {
## 	incr hr 12
##     }
##     dict set date hour $hr
##     return [InterpretHMS $date[set date {}]]
## 
## }
## proc ::tcl::clock::InterpretHMS { date } {
## 
##     return [expr { ( [dict get $date hour] * 60
## 		     + [dict get $date minute] ) * 60
## 		   + [dict get $date second] }]
## 
## }
## proc ::tcl::clock::GetSystemTimeZone {} {
## 
##     variable CachedSystemTimeZone
##     variable TimeZoneBad
## 
##     if {[set result [getenv TCL_TZ]] ne {}} {
## 	set timezone $result
##     } elseif {[set result [getenv TZ]] ne {}} {
## 	set timezone $result
##     }
##     if {![info exists timezone]} {
##         # Cache the time zone only if it was detected by one of the
##         # expensive methods.
##         if { [info exists CachedSystemTimeZone] } {
##             set timezone $CachedSystemTimeZone
##         } elseif { $::tcl_platform(platform) eq {windows} } {
##             set timezone [GuessWindowsTimeZone]
##         } elseif { [file exists /etc/localtime]
##                    && ![catch {ReadZoneinfoFile \
##                                    Tcl/Localtime /etc/localtime}] } {
##             set timezone :Tcl/Localtime
##         } else {
##             set timezone :localtime
##         }
## 	set CachedSystemTimeZone $timezone
##     }
##     if { ![dict exists $TimeZoneBad $timezone] } {
## 	dict set TimeZoneBad $timezone [catch {SetupTimeZone $timezone}]
##     }
##     if { [dict get $TimeZoneBad $timezone] } {
## 	return :localtime
##     } else {
## 	return $timezone
##     }
## 
## }
## proc ::tcl::clock::ConvertLegacyTimeZone { tzname } {
## 
##     variable LegacyTimeZone
## 
##     set tzname [string tolower $tzname]
##     if { ![dict exists $LegacyTimeZone $tzname] } {
## 	return -code error -errorcode [list CLOCK badTZName $tzname] \
## 	    "time zone \"$tzname\" not found"
##     } else {
## 	return [dict get $LegacyTimeZone $tzname]
##     }
## 
## }
## proc ::tcl::clock::SetupTimeZone { timezone } {
## 
##     variable TZData
## 
##     if {! [info exists TZData($timezone)] } {
## 	variable MINWIDE
## 	if { $timezone eq {:localtime} } {
## 
## 	    # Nothing to do, we'll convert using the localtime function
## 
## 	} elseif { [regexp {^([-+])(\d\d)(?::?(\d\d)(?::?(\d\d))?)?} $timezone \
## 		    -> s hh mm ss] } {
## 
## 	    # Make a fixed offset
## 
## 	    ::scan $hh %d hh
## 	    if { $mm eq {} } {
## 		set mm 0
## 	    } else {
## 		::scan $mm %d mm
## 	    }
## 	    if { $ss eq {} } {
## 		set ss 0
## 	    } else {
## 		::scan $ss %d ss
## 	    }
## 	    set offset [expr { ( $hh * 60 + $mm ) * 60 + $ss }]
## 	    if { $s eq {-} } {
## 		set offset [expr { - $offset }]
## 	    }
## 	    set TZData($timezone) [list [list $MINWIDE $offset -1 $timezone]]
## 
## 	} elseif { [string index $timezone 0] eq {:} } {
## 	    
## 	    # Convert using a time zone file
## 
## 	    if { 
## 		[catch {
## 		    LoadTimeZoneFile [string range $timezone 1 end]
## 		}]
## 		&& [catch {
## 		    LoadZoneinfoFile [string range $timezone 1 end]
## 		}]
## 	    } {
## 		return -code error \
## 		    -errorcode [list CLOCK badTimeZone $timezone] \
## 		    "time zone \"$timezone\" not found"
## 	    }
## 	    
## 	} elseif { ![catch {ParsePosixTimeZone $timezone} tzfields] } {
## 	    
## 	    # This looks like a POSIX time zone - try to process it
## 
## 	    if { [catch {ProcessPosixTimeZone $tzfields} data opts] } {
## 		if { [lindex [dict get $opts -errorcode] 0] eq {CLOCK} } {
## 		    dict unset opts -errorinfo
## 		}
## 		return -options $opts $data
## 	    } else {
## 		set TZData($timezone) $data
## 	    }
## 
## 	} else {
## 
## 	    # We couldn't parse this as a POSIX time zone.  Try
## 	    # again with a time zone file - this time without a colon
## 
## 	    if { [catch { LoadTimeZoneFile $timezone }]
## 		 && [catch { LoadZoneinfoFile $timezone } - opts] } {
## 		dict unset opts -errorinfo
## 		return -options $opts "time zone $timezone not found"
## 	    }
## 	    set TZData($timezone) $TZData(:$timezone)
## 	}
##     }
## 
##     return
## }
## proc ::tcl::clock::GuessWindowsTimeZone {} {
## 
##     variable WinZoneInfo
##     variable NoRegistry
##     variable TimeZoneBad
## 
##     if { [info exists NoRegistry] } {
## 	return :localtime
##     }
## 
##     # Dredge time zone information out of the registry
## 
##     if { [catch {
## 	set rpath HKEY_LOCAL_MACHINE\\System\\CurrentControlSet\\Control\\TimeZoneInformation
## 	set data [list \
## 		      [expr { -60
## 			      * [registry get $rpath Bias] }] \
## 		      [expr { -60
## 				  * [registry get $rpath StandardBias] }] \
## 		      [expr { -60 \
## 				  * [registry get $rpath DaylightBias] }]]
## 	set stdtzi [registry get $rpath StandardStart]
## 	foreach ind {0 2 14 4 6 8 10 12} {
## 	    binary scan $stdtzi @${ind}s val
## 	    lappend data $val
## 	}
## 	set daytzi [registry get $rpath DaylightStart]
## 	foreach ind {0 2 14 4 6 8 10 12} {
## 	    binary scan $daytzi @${ind}s val
## 	    lappend data $val
## 	}
##     }] } {
## 
## 	# Missing values in the Registry - bail out
## 
## 	return :localtime
##     }
## 
##     # Make up a Posix time zone specifier if we can't find one.
##     # Check here that the tzdata file exists, in case we're running
##     # in an environment (e.g. starpack) where tzdata is incomplete.
##     # (Bug 1237907)
## 
##     if { [dict exists $WinZoneInfo $data] } {
## 	set tzname [dict get $WinZoneInfo $data]
## 	if { ! [dict exists $TimeZoneBad $tzname] } {
## 	    dict set TimeZoneBad $tzname [catch {SetupTimeZone $tzname}]
## 	}
##     } else {
## 	set tzname {}
##     }
##     if { $tzname eq {} || [dict get $TimeZoneBad $tzname] } {
## 	lassign $data \
## 	    bias stdBias dstBias \
## 	    stdYear stdMonth stdDayOfWeek stdDayOfMonth \
## 	    stdHour stdMinute stdSecond stdMillisec \
## 	    dstYear dstMonth dstDayOfWeek dstDayOfMonth \
## 	    dstHour dstMinute dstSecond dstMillisec
## 	set stdDelta [expr { $bias + $stdBias }]
## 	set dstDelta [expr { $bias + $dstBias }]
## 	if { $stdDelta <= 0 } {
## 	    set stdSignum +
## 	    set stdDelta [expr { - $stdDelta }]
## 	    set dispStdSignum -
## 	} else {
## 	    set stdSignum -
## 	    set dispStdSignum +
## 	}
## 	set hh [::format %02d [expr { $stdDelta / 3600 }]]
## 	set mm [::format %02d [expr { ($stdDelta / 60 ) % 60 }]]
## 	set ss [::format %02d [expr { $stdDelta % 60 }]]
## 	set tzname {}
## 	append tzname < $dispStdSignum $hh $mm > $stdSignum $hh : $mm : $ss
## 	if { $stdMonth >= 0 } {
## 	    if { $dstDelta <= 0 } {
## 		set dstSignum +
## 		set dstDelta [expr { - $dstDelta }]
## 		set dispDstSignum -
## 	    } else {
## 		set dstSignum -
## 		set dispDstSignum +
## 	    }
## 	    set hh [::format %02d [expr { $dstDelta / 3600 }]]
## 	    set mm [::format %02d [expr { ($dstDelta / 60 ) % 60 }]]
## 	    set ss [::format %02d [expr { $dstDelta % 60 }]]
## 	    append tzname < $dispDstSignum $hh $mm > $dstSignum $hh : $mm : $ss
## 	    if { $dstYear == 0 } {
## 		append tzname ,M $dstMonth . $dstDayOfMonth . $dstDayOfWeek
## 	    } else {
## 		# I have not been able to find any locale on which
## 		# Windows converts time zone on a fixed day of the year,
## 		# hence don't know how to interpret the fields.
## 		# If someone can inform me, I'd be glad to code it up.
## 		# For right now, we bail out in such a case.
## 		return :localtime
## 	    }
## 	    append tzname / [::format %02d $dstHour] \
## 		: [::format %02d $dstMinute] \
## 		: [::format %02d $dstSecond]
## 	    if { $stdYear == 0 } {
## 		append tzname ,M $stdMonth . $stdDayOfMonth . $stdDayOfWeek
## 	    } else {
## 		# I have not been able to find any locale on which
## 		# Windows converts time zone on a fixed day of the year,
## 		# hence don't know how to interpret the fields.
## 		# If someone can inform me, I'd be glad to code it up.
## 		# For right now, we bail out in such a case.
## 		return :localtime
## 	    }
## 	    append tzname / [::format %02d $stdHour] \
## 		: [::format %02d $stdMinute] \
## 		: [::format %02d $stdSecond]
## 	}
## 	dict set WinZoneInfo $data $tzname
##     } 
## 
##     return [dict get $WinZoneInfo $data]
## 
## }
## proc ::tcl::clock::LoadTimeZoneFile { fileName } {
##     variable DataDir
##     variable TZData
## 
##     if { [info exists TZData($fileName)] } {
## 	return
##     }
## 
##     # Since an unsafe interp uses the [clock] command in the master,
##     # this code is security sensitive.  Make sure that the path name
##     # cannot escape the given directory.
## 
##     if { ![regexp {^[[.-.][:alpha:]_]+(?:/[[.-.][:alpha:]_]+)*$} $fileName] } {
## 	return -code error \
## 	    -errorcode [list CLOCK badTimeZone $:fileName] \
## 	    "time zone \":$fileName\" not valid"
##     }
##     if { [catch {
## 	source -encoding utf-8 [file join $DataDir $fileName]
##     }] } {
## 	return -code error \
## 	    -errorcode [list CLOCK badTimeZone :$fileName] \
## 	    "time zone \":$fileName\" not found"
##     }
##     return
## }
## proc ::tcl::clock::LoadZoneinfoFile { fileName } {
## 
##     variable ZoneinfoPaths
## 
##     # Since an unsafe interp uses the [clock] command in the master,
##     # this code is security sensitive.  Make sure that the path name
##     # cannot escape the given directory.
## 
##     if { ![regexp {^[[.-.][:alpha:]_]+(?:/[[.-.][:alpha:]_]+)*$} $fileName] } {
## 	return -code error \
## 	    -errorcode [list CLOCK badTimeZone $:fileName] \
## 	    "time zone \":$fileName\" not valid"
##     }
##     foreach d $ZoneinfoPaths {
## 	set fname [file join $d $fileName]
## 	if { [file readable $fname] && [file isfile $fname] } {
## 	    break
## 	}
## 	unset fname
##     }
##     ReadZoneinfoFile $fileName $fname
## }
## proc ::tcl::clock::ReadZoneinfoFile {fileName fname} {
##     variable MINWIDE
##     variable TZData
##     if { ![file exists $fname] } {
## 	return -code error "$fileName not found"
##     }
## 
##     if { [file size $fname] > 262144 } {
## 	return -code error "$fileName too big"
##     }
## 
##     # Suck in all the data from the file
## 
##     set f [open $fname r]
##     fconfigure $f -translation binary
##     set d [read $f]
##     close $f
## 
##     # The file begins with a magic number, sixteen reserved bytes,
##     # and then six 4-byte integers giving counts of fileds in the file.
## 
##     binary scan $d a4a1x15IIIIII \
## 	magic version nIsGMT nIsStd nLeap nTime nType nChar
##     set seek 44
##     set ilen 4
##     set iformat I
##     if { $magic != {TZif} } {
## 	return -code error "$fileName not a time zone information file"
##     }
##     if { $nType > 255 } {
## 	return -code error "$fileName contains too many time types"
##     }
##     # Accept only Posix-style zoneinfo.  Sorry, 'leaps' bigots.
##     if { $nLeap != 0 } {
## 	return -code error "$fileName contains leap seconds"
##     }
## 
##     # In a version 2 file, we use the second part of the file, which
##     # contains 64-bit transition times.
## 
##     if {$version eq "2"} {
## 	set seek [expr {44
## 			+ 5 * $nTime 
## 			+ 6 * $nType 
## 			+ 4 * $nLeap
## 			+ $nIsStd 
## 			+ $nIsGMT
## 			+ $nChar
## 		    }]
## 	binary scan $d @${seek}a4a1x15IIIIII \
## 	    magic version nIsGMT nIsStd nLeap nTime nType nChar
## 	if {$magic ne {TZif}} {
## 	    return -code error "seek address $seek miscomputed, magic = $magic"
## 	}
## 	set iformat W
## 	set ilen 8
## 	incr seek 44
##     }
## 
##     # Next come ${nTime} transition times, followed by ${nTime} time type
##     # codes.  The type codes are unsigned 1-byte quantities.  We insert an
##     # arbitrary start time in front of the transitions.
## 
##     binary scan $d @${seek}${iformat}${nTime}c${nTime} times tempCodes
##     incr seek [expr { ($ilen + 1) * $nTime }]
##     set times [linsert $times 0 $MINWIDE]
##     set codes {}
##     foreach c $tempCodes {
## 	lappend codes [expr { $c & 0xff }]
##     }
##     set codes [linsert $codes 0 0]
## 
##     # Next come ${nType} time type descriptions, each of which has an
##     # offset (seconds east of GMT), a DST indicator, and an index into
##     # the abbreviation text.
## 
##     for { set i 0 } { $i < $nType } { incr i } {
## 	binary scan $d @${seek}Icc gmtOff isDst abbrInd
## 	lappend types [list $gmtOff $isDst $abbrInd]
## 	incr seek 6
##     }
## 
##     # Next come $nChar characters of time zone name abbreviations,
##     # which are null-terminated.
##     # We build them up into a dictionary indexed by character index,
##     # because that's what's in the indices above.
## 
##     binary scan $d @${seek}a${nChar} abbrs
##     incr seek ${nChar}
##     set abbrList [split $abbrs \0]
##     set i 0
##     set abbrevs {}
##     foreach a $abbrList {
## 	for {set j 0} {$j <= [string length $a]} {incr j} {
## 	    dict set abbrevs $i [string range $a $j end]
## 	    incr i
## 	}
##     }
## 
##     # Package up a list of tuples, each of which contains transition time,
##     # seconds east of Greenwich, DST flag and time zone abbreviation.
## 
##     set r {}
##     set lastTime $MINWIDE
##     foreach t $times c $codes {
## 	if { $t < $lastTime } {
## 	    return -code error "$fileName has times out of order"
## 	}
## 	set lastTime $t
## 	lassign [lindex $types $c] gmtoff isDst abbrInd
## 	set abbrev [dict get $abbrevs $abbrInd]
## 	lappend r [list $t $gmtoff $isDst $abbrev]
##     }
## 
##     # In a version 2 file, there is also a POSIX-style time zone description
##     # at the very end of the file.  To get to it, skip over
##     # nLeap leap second values (8 bytes each),
##     # nIsStd standard/DST indicators and nIsGMT UTC/local indicators.
## 
##     if {$version eq {2}} {
## 	set seek [expr {$seek + 8 * $nLeap + $nIsStd + $nIsGMT + 1}]
## 	set last [string first \n $d $seek]
## 	set posix [string range $d $seek [expr {$last-1}]]
## 	if {[llength $posix] > 0} {
## 	    set posixFields [ParsePosixTimeZone $posix]
## 	    foreach tuple [ProcessPosixTimeZone $posixFields] {
## 		lassign $tuple t gmtoff isDst abbrev
## 		if {$t > $lastTime} {
## 		    lappend r $tuple
## 		}
## 	    }
## 	}
##     }
## 
##     set TZData(:$fileName) $r
## 
##     return
## }
## proc ::tcl::clock::ParsePosixTimeZone { tz } {
## 
##     if {[regexp -expanded -nocase -- {
## 	^
## 	# 1 - Standard time zone name
## 	([[:alpha:]]+ | <[-+[:alnum:]]+>)
## 	# 2 - Standard time zone offset, signum
## 	([-+]?)
## 	# 3 - Standard time zone offset, hours
## 	([[:digit:]]{1,2})
## 	(?:
## 	    # 4 - Standard time zone offset, minutes
## 	    : ([[:digit:]]{1,2}) 
## 	    (?: 
## 	        # 5 - Standard time zone offset, seconds
## 		: ([[:digit:]]{1,2} )
## 	    )?
## 	)?
## 	(?:
## 	    # 6 - DST time zone name
## 	    ([[:alpha:]]+ | <[-+[:alnum:]]+>)
## 	    (?:
## 	        (?:
## 		    # 7 - DST time zone offset, signum
## 		    ([-+]?)
## 		    # 8 - DST time zone offset, hours
## 		    ([[:digit:]]{1,2})
## 		    (?:
## 			# 9 - DST time zone offset, minutes
## 			: ([[:digit:]]{1,2}) 
## 			(?: 
## 		            # 10 - DST time zone offset, seconds
## 			    : ([[:digit:]]{1,2})
## 			)?
## 		    )?
## 		)?
## 	        (?:
## 		    ,
## 		    (?:
## 			# 11 - Optional J in n and Jn form 12 - Day of year
## 		        ( J ? )	( [[:digit:]]+ )
##                         | M
## 			# 13 - Month number 14 - Week of month 15 - Day of week
## 			( [[:digit:]] + ) 
## 			[.] ( [[:digit:]] + ) 
## 			[.] ( [[:digit:]] + )
## 		    )
## 		    (?:
## 			# 16 - Start time of DST - hours
## 			/ ( [[:digit:]]{1,2} )
## 		        (?:
## 			    # 17 - Start time of DST - minutes
## 			    : ( [[:digit:]]{1,2} )
## 			    (?:
## 				# 18 - Start time of DST - seconds
## 				: ( [[:digit:]]{1,2} )
## 			    )?
## 			)?
## 		    )?
## 		    ,
## 		    (?:
## 			# 19 - Optional J in n and Jn form 20 - Day of year
## 		        ( J ? )	( [[:digit:]]+ )
##                         | M
## 			# 21 - Month number 22 - Week of month 23 - Day of week
## 			( [[:digit:]] + ) 
## 			[.] ( [[:digit:]] + ) 
## 			[.] ( [[:digit:]] + )
## 		    )
## 		    (?:
## 			# 24 - End time of DST - hours
## 			/ ( [[:digit:]]{1,2} )
## 		        (?:
## 			    # 25 - End time of DST - minutes
## 			    : ( [[:digit:]]{1,2} )
## 			    (?:
## 				# 26 - End time of DST - seconds
## 				: ( [[:digit:]]{1,2} )
## 			    )?
## 			)?
## 		    )?
##                 )?
## 	    )?
##         )?
## 	$
##     } $tz -> x(stdName) x(stdSignum) x(stdHours) x(stdMinutes) x(stdSeconds) \
## 	     x(dstName) x(dstSignum) x(dstHours) x(dstMinutes) x(dstSeconds) \
## 	     x(startJ) x(startDayOfYear) \
## 	     x(startMonth) x(startWeekOfMonth) x(startDayOfWeek) \
## 	     x(startHours) x(startMinutes) x(startSeconds) \
## 	     x(endJ) x(endDayOfYear) \
## 	     x(endMonth) x(endWeekOfMonth) x(endDayOfWeek) \
## 	     x(endHours) x(endMinutes) x(endSeconds)] } {
## 
## 	# it's a good timezone
## 
## 	return [array get x]
## 
##     } else {
## 
## 	return -code error\
## 	    -errorcode [list CLOCK badTimeZone $tz] \
## 	    "unable to parse time zone specification \"$tz\""
## 
##     }
## 
## }
## proc ::tcl::clock::ProcessPosixTimeZone { z } {
## 
##     variable MINWIDE
##     variable TZData
## 
##     # Determine the standard time zone name and seconds east of Greenwich
## 
##     set stdName [dict get $z stdName]
##     if { [string index $stdName 0] eq {<} } {
## 	set stdName [string range $stdName 1 end-1]
##     }
##     if { [dict get $z stdSignum] eq {-} } {
## 	set stdSignum +1
##     } else {
## 	set stdSignum -1
##     }
##     set stdHours [lindex [::scan [dict get $z stdHours] %d] 0] 
##     if { [dict get $z stdMinutes] ne {} } {
## 	set stdMinutes [lindex [::scan [dict get $z stdMinutes] %d] 0] 
##     } else {
## 	set stdMinutes 0
##     }
##     if { [dict get $z stdSeconds] ne {} } {
## 	set stdSeconds [lindex [::scan [dict get $z stdSeconds] %d] 0] 
##     } else {
## 	set stdSeconds 0
##     }
##     set stdOffset [expr { ( ( $stdHours * 60 + $stdMinutes )
## 			    * 60 + $stdSeconds )
## 			  * $stdSignum }]
##     set data [list [list $MINWIDE $stdOffset 0 $stdName]]
## 
##     # If there's no daylight zone, we're done
## 
##     set dstName [dict get $z dstName]
##     if { $dstName eq {} } {
## 	return $data
##     }
##     if { [string index $dstName 0] eq {<} } {
## 	set dstName [string range $dstName 1 end-1]
##     }
## 
##     # Determine the daylight name
## 
##     if { [dict get $z dstSignum] eq {-} } {
## 	set dstSignum +1
##     } else {
## 	set dstSignum -1
##     }
##     if { [dict get $z dstHours] eq {} } {
## 	set dstOffset [expr { 3600 + $stdOffset }]
##     } else {
## 	set dstHours [lindex [::scan [dict get $z dstHours] %d] 0] 
## 	if { [dict get $z dstMinutes] ne {} } {
## 	    set dstMinutes [lindex [::scan [dict get $z dstMinutes] %d] 0] 
## 	} else {
## 	    set dstMinutes 0
## 	}
## 	if { [dict get $z dstSeconds] ne {} } {
## 	    set dstSeconds [lindex [::scan [dict get $z dstSeconds] %d] 0] 
## 	} else {
## 	    set dstSeconds 0
## 	}
## 	set dstOffset [expr { ( ( $dstHours * 60 + $dstMinutes )
## 				* 60 + $dstSeconds )
## 			      * $dstSignum }]
##     }
## 
##     # Fill in defaults for European or US DST rules
##     # US start time is the second Sunday in March
##     # EU start time is the last Sunday in March
##     # US end time is the first Sunday in November.
##     # EU end time is the last Sunday in October
## 
##     if { [dict get $z startDayOfYear] eq {} 
## 	 && [dict get $z startMonth] eq {} } {
## 	if {($stdSignum * $stdHours>=0) && ($stdSignum * $stdHours<=12)} {
## 	    # EU
## 	    dict set z startWeekOfMonth 5
## 	    if {$stdHours>2} {
## 		dict set z startHours 2
## 	    } else {
## 		dict set z startHours [expr {$stdHours+1}]
## 	    }
## 	} else {
## 	    # US
## 	    dict set z startWeekOfMonth 2
## 	    dict set z startHours 2
## 	}
## 	dict set z startMonth 3
## 	dict set z startDayOfWeek 0
## 	dict set z startMinutes 0
## 	dict set z startSeconds 0
##     }
##     if { [dict get $z endDayOfYear] eq {} 
## 	 && [dict get $z endMonth] eq {} } {
## 	if {($stdSignum * $stdHours>=0) && ($stdSignum * $stdHours<=12)} {
## 	    # EU
## 	    dict set z endMonth 10
## 	    dict set z endWeekOfMonth 5
## 	    if {$stdHours>2} {
## 		dict set z endHours 3
## 	    } else {
## 		dict set z endHours [expr {$stdHours+2}]
## 	    }
## 	} else {
## 	    # US
## 	    dict set z endMonth 11
## 	    dict set z endWeekOfMonth 1
## 	    dict set z endHours 2
## 	}
## 	dict set z endDayOfWeek 0
## 	dict set z endMinutes 0
## 	dict set z endSeconds 0
##     }
## 
##     # Put DST in effect in all years from 1916 to 2099.
## 
##     for { set y 1916 } { $y < 2099 } { incr y } {
## 	set startTime [DeterminePosixDSTTime $z start $y]
## 	incr startTime [expr { - wide($stdOffset) }]
## 	set endTime [DeterminePosixDSTTime $z end $y]
## 	incr endTime [expr { - wide($dstOffset) }]
## 	if { $startTime < $endTime } {
## 	    lappend data \
## 		[list $startTime $dstOffset 1 $dstName] \
## 		[list $endTime $stdOffset 0 $stdName]
## 	} else {
## 	    lappend data \
## 		[list $endTime $stdOffset 0 $stdName] \
## 		[list $startTime $dstOffset 1 $dstName]
## 	}
##     }
## 
##     return $data
##     
## }    
## proc ::tcl::clock::DeterminePosixDSTTime { z bound y } {
## 
##     variable FEB_28
## 
##     # Determine the start or end day of DST
## 
##     set date [dict create era CE year $y]
##     set doy [dict get $z ${bound}DayOfYear]
##     if { $doy ne {} } {
## 
## 	# Time was specified as a day of the year
## 
## 	if { [dict get $z ${bound}J] ne {}
## 	     && [IsGregorianLeapYear $y] 
## 	     && ( $doy > $FEB_28 ) } {
## 	    incr doy
## 	}
## 	dict set date dayOfYear $doy
## 	set date [GetJulianDayFromEraYearDay $date[set date {}] 2361222]
##     } else {
## 
## 	# Time was specified as a day of the week within a month
## 
## 	dict set date month [dict get $z ${bound}Month]
## 	dict set date dayOfWeek [dict get $z ${bound}DayOfWeek]
## 	set dowim [dict get $z ${bound}WeekOfMonth]
## 	if { $dowim >= 5 } {
## 	    set dowim -1
## 	}
## 	dict set date dayOfWeekInMonth $dowim
## 	set date [GetJulianDayFromEraYearMonthWeekDay $date[set date {}] 2361222]
## 
##     }
## 
##     set jd [dict get $date julianDay]
##     set seconds [expr { wide($jd) * wide(86400)
## 			- wide(210866803200) }]
## 
##     set h [dict get $z ${bound}Hours]
##     if { $h eq {} } {
## 	set h 2
##     } else {
## 	set h [lindex [::scan $h %d] 0]
##     }
##     set m [dict get $z ${bound}Minutes]
##     if { $m eq {} } {
## 	set m 0
##     } else {
## 	set m [lindex [::scan $m %d] 0]
##     }
##     set s [dict get $z ${bound}Seconds]
##     if { $s eq {} } {
## 	set s 0
##     } else {
## 	set s [lindex [::scan $s %d] 0]
##     }
##     set tod [expr { ( $h * 60 + $m ) * 60 + $s }]
##     return [expr { $seconds + $tod }]
## 
## }
## proc ::tcl::clock::GetLocaleEra { date etable } {
## 
##     set index [BSearch $etable [dict get $date localSeconds]]
##     if { $index < 0} {
## 	dict set date localeEra \
## 	    [::format %02d [expr { [dict get $date year] / 100 }]]
## 	dict set date localeYear \
## 	    [expr { [dict get $date year] % 100 }]
##     } else {
## 	dict set date localeEra [lindex $etable $index 1]
## 	dict set date localeYear [expr { [dict get $date year] 
## 					 - [lindex $etable $index 2] }]
##     }
##     return $date
## 
## }
## proc ::tcl::clock::GetJulianDayFromEraYearDay {date changeover} {
## 
##     # Get absolute year number from the civil year
## 
##     switch -exact -- [dict get $date era] {
## 	BCE {
## 	    set year [expr { 1 - [dict get $date year] }]
## 	}
## 	CE {
## 	    set year [dict get $date year]
## 	}
##     }
##     set ym1 [expr { $year - 1 }]
## 
##     # Try the Gregorian calendar first.
## 
##     dict set date gregorian 1
##     set jd [expr { 1721425
## 		   + [dict get $date dayOfYear]
## 		   + ( 365 * $ym1 )
## 		   + ( $ym1 / 4 )
## 		   - ( $ym1 / 100 )
## 		   + ( $ym1 / 400 ) }]
##     
##     # If the date is before the Gregorian change, use the Julian calendar.
## 
##     if { $jd < $changeover } {
## 	dict set date gregorian 0
## 	set jd [expr { 1721423
## 		       + [dict get $date dayOfYear]
## 		       + ( 365 * $ym1 )
## 		       + ( $ym1 / 4 ) }]
##     }
## 
##     dict set date julianDay $jd
##     return $date
## }
## proc ::tcl::clock::GetJulianDayFromEraYearMonthWeekDay {date changeover} {
## 
##     # Come up with a reference day; either the zeroeth day of the
##     # given month (dayOfWeekInMonth >= 0) or the seventh day of the
##     # following month (dayOfWeekInMonth < 0)
## 
##     set date2 $date
##     set week [dict get $date dayOfWeekInMonth]
##     if { $week >= 0 } {
## 	dict set date2 dayOfMonth 0
##     } else {
## 	dict incr date2 month
## 	dict set date2 dayOfMonth 7
##     }
##     set date2 [GetJulianDayFromEraYearMonthDay $date2[set date2 {}] \
## 		   $changeover]
##     set wd0 [WeekdayOnOrBefore [dict get $date dayOfWeek] \
## 		 [dict get $date2 julianDay]]
##     dict set date julianDay [expr { $wd0 + 7 * $week }]
##     return $date
## 
## }
## proc ::tcl::clock::IsGregorianLeapYear { date } {
## 
##     switch -exact -- [dict get $date era] {
## 	BCE { 
## 	    set year [expr { 1 - [dict get $date year]}]
## 	}
## 	CE {
## 	    set year [dict get $date year]
## 	}
##     }
##     if { $year % 4 != 0 } {
## 	return 0
##     } elseif { ![dict get $date gregorian] } {
## 	return 1
##     } elseif { $year % 400 == 0 } {
## 	return 1
##     } elseif { $year % 100 == 0 } {
## 	return 0
##     } else {
## 	return 1
##     }
## 
## }
## proc ::tcl::clock::WeekdayOnOrBefore { weekday j } {
## 
##     set k [expr { ( $weekday + 6 )  % 7 }]
##     return [expr { $j - ( $j - $k ) % 7 }]
## 
## }
## proc ::tcl::clock::BSearch { list key } {
## 
##     if {[llength $list] == 0} {
## 	return -1
##     }
##     if { $key < [lindex $list 0 0] } {
## 	return -1
##     }
## 
##     set l 0
##     set u [expr { [llength $list] - 1 }]
## 
##     while { $l < $u } {
## 
## 	# At this point, we know that
## 	#   $k >= [lindex $list $l 0]
## 	#   Either $u == [llength $list] or else $k < [lindex $list $u+1 0]
## 	# We find the midpoint of the interval {l,u} rounded UP, compare
## 	# against it, and set l or u to maintain the invariant.  Note
## 	# that the interval shrinks at each step, guaranteeing convergence.
## 
## 	set m [expr { ( $l + $u + 1 ) / 2 }]
## 	if { $key >= [lindex $list $m 0] } {
## 	    set l $m
## 	} else {
## 	    set u [expr { $m - 1 }]
## 	}
##     }
## 
##     return $l
## }
## proc ::tcl::clock::add { clockval args } {
## 
##     if { [llength $args] % 2 != 0 } {
## 	set cmdName "clock add"
## 	return -code error \
## 	    -errorcode [list CLOCK wrongNumArgs] \
## 	    "wrong \# args: should be\
##              \"$cmdName clockval ?number units?...\
##              ?-gmt boolean? ?-locale LOCALE? ?-timezone ZONE?\""
##     }
##     if { [catch { expr {wide($clockval)} } result] } {
## 	return -code error $result
##     }
## 
##     set offsets {}
##     set gmt 0
##     set locale c
##     set timezone [GetSystemTimeZone]
## 
##     foreach { a b } $args {
## 
## 	if { [string is integer -strict $a] } {
## 
## 	    lappend offsets $a $b
## 
## 	} else {
## 
## 	    switch -exact -- $a {
## 
## 		-g - -gm - -gmt {
## 		    set gmt $b
## 		}
## 		-l - -lo - -loc - -loca - -local - -locale {
## 		    set locale [string tolower $b]
## 		}
## 		-t - -ti - -tim - -time - -timez - -timezo - -timezon -
## 		-timezone {
## 		    set timezone $b
## 		}
## 		default {
## 		    return -code error \
## 			-errorcode [list CLOCK badSwitch $a] \
## 			"bad switch \"$a\",\
##                          must be -gmt, -locale or -timezone"
## 		}
## 	    }
## 	}
##     }
## 
##     # Check options for validity
## 
##     if { [info exists saw(-gmt)] && [info exists saw(-timezone)] } {
## 	return -code error \
## 	    -errorcode [list CLOCK gmtWithTimezone] \
## 	    "cannot use -gmt and -timezone in same call"
##     }
##     if { [catch { expr { wide($clockval) } } result] } {
## 	return -code error \
## 	    "expected integer but got \"$clockval\"" 
##     }
##     if { ![string is boolean $gmt] } {
## 	return -code error \
## 	    "expected boolean value but got \"$gmt\""
##     } else {
## 	if { $gmt } {
## 	    set timezone :GMT
## 	}
##     }
## 
##     EnterLocale $locale oldLocale
##     
##     set changeover [mc GREGORIAN_CHANGE_DATE]
## 
##     if {[catch {SetupTimeZone $timezone} retval opts]} {
## 	dict unset opts -errorinfo
## 	return -options $opts $retval
##     }
## 
##     set status [catch {
## 
## 	foreach { quantity unit } $offsets {
## 
## 	    switch -exact -- $unit {
## 
## 		years - year {
## 		    set clockval \
## 			[AddMonths [expr { 12 * $quantity }] \
## 			     $clockval $timezone $changeover]
## 		}
## 		months - month {
## 		    set clockval [AddMonths $quantity $clockval $timezone \
## 				     $changeover]
## 		}
## 
## 		weeks - week {
## 		    set clockval [AddDays [expr { 7 * $quantity }] \
## 				      $clockval $timezone $changeover]
## 		}
## 		days - day {
## 		    set clockval [AddDays $quantity $clockval $timezone \
## 				      $changeover]
## 		}
## 
## 		hours - hour {
## 		    set clockval [expr { 3600 * $quantity + $clockval }]
## 		}
## 		minutes - minute {
## 		    set clockval [expr { 60 * $quantity + $clockval }]
## 		}
## 		seconds - second {
## 		    set clockval [expr { $quantity + $clockval }]
## 		}
## 
## 		default {
## 		    error "unknown unit \"$unit\", must be \
##                         years, months, weeks, days, hours, minutes or seconds" \
## 			  "unknown unit \"$unit\", must be \
##                         years, months, weeks, days, hours, minutes or seconds" \
## 			[list CLOCK badUnit $unit]
## 		}
## 	    }
## 	}
##     } result opts]
## 
##     # Restore the locale
## 
##     if { [info exists oldLocale] } {
## 	mclocale $oldLocale
##     }
## 
##     if { $status == 1 } {
## 	if { [lindex [dict get $opts -errorcode] 0] eq {CLOCK} } {
## 	    dict unset opts -errorinfo
## 	}
## 	return -options $opts $result
##     } else {
## 	return $clockval
##     }
## 
## }
## proc ::tcl::clock::AddMonths { months clockval timezone changeover } {
## 
##     variable DaysInRomanMonthInCommonYear
##     variable DaysInRomanMonthInLeapYear
##     variable TZData
## 
##     # Convert the time to year, month, day, and fraction of day.
## 
##     set date [GetDateFields $clockval $TZData($timezone) $changeover]
##     dict set date secondOfDay [expr { [dict get $date localSeconds]
## 				      % 86400 }]
##     dict set date tzName $timezone
## 
##     # Add the requisite number of months
## 
##     set m [dict get $date month]
##     incr m $months
##     incr m -1
##     set delta [expr { $m / 12 }]
##     set mm [expr { $m % 12 }]
##     dict set date month [expr { $mm + 1 }]
##     dict incr date year $delta
## 
##     # If the date doesn't exist in the current month, repair it
## 
##     if { [IsGregorianLeapYear $date] } {
## 	set hath [lindex $DaysInRomanMonthInLeapYear $mm]
##     } else {
## 	set hath [lindex $DaysInRomanMonthInCommonYear $mm]
##     }
##     if { [dict get $date dayOfMonth] > $hath } {
## 	dict set date dayOfMonth $hath
##     }
## 
##     # Reconvert to a number of seconds
## 
##     set date [GetJulianDayFromEraYearMonthDay \
## 		  $date[set date {}]\
## 		  $changeover]
##     dict set date localSeconds \
## 	[expr { -210866803200
## 		+ ( 86400 * wide([dict get $date julianDay]) )
## 		+ [dict get $date secondOfDay] }]
##     set date [ConvertLocalToUTC $date[set date {}] $TZData($timezone) \
## 		 $changeover]
## 
##     return [dict get $date seconds]
## 
## }
## proc ::tcl::clock::AddDays { days clockval timezone changeover } {
## 
##     variable TZData
## 
##     # Convert the time to Julian Day
## 
##     set date [GetDateFields $clockval $TZData($timezone) $changeover]
##     dict set date secondOfDay [expr { [dict get $date localSeconds]
## 				      % 86400 }]
##     dict set date tzName $timezone
## 
##     # Add the requisite number of days
## 
##     dict incr date julianDay $days
## 
##     # Reconvert to a number of seconds
## 
##     dict set date localSeconds \
## 	[expr { -210866803200
## 		+ ( 86400 * wide([dict get $date julianDay]) )
## 		+ [dict get $date secondOfDay] }]
##     set date [ConvertLocalToUTC $date[set date {}] $TZData($timezone) \
## 		  $changeover]
## 
##     return [dict get $date seconds]
## 
## }
## proc ::tcl::clock::mc { name } {
##     variable McLoaded
##     set Locale [mclocale]
##     if { [dict exists $McLoaded $Locale $name] } {
## 	return [dict get $McLoaded $Locale $name]
##     } else {
## 	set val [::msgcat::mc $name]
## 	dict set McLoaded $Locale $name $val
## 	return $val
##     }
## }
## proc ::tcl::clock::ClearCaches {} {
## 
##     variable FormatProc
##     variable LocaleNumeralCache
##     variable McLoaded
##     variable CachedSystemTimeZone
##     variable TimeZoneBad
## 
##     foreach p [info procs [namespace current]::scanproc'*] {
## 	rename $p {}
##     }
##     foreach p [info procs [namespace current]::formatproc'*] {
## 	rename $p {}
##     }
## 
##     catch {unset FormatProc}
##     set LocaleNumeralCache {}
##     set McLoaded {}
##     catch {unset CachedSystemTimeZone}
##     set TimeZoneBad {}
##     InitTZData
## 
## }
SFO_FN01_STAGE CANONICAL_OPEN_BEGIN
WARNING: [filemgmt 56-3] Default IP Output Path : Could not find the directory 'D:/008_MA_Dev/Sync_SFO/Sync_SFO.gen/sources_1'.
WARNING: [filemgmt 56-3] IPUserFilesDir: Could not find the directory 'D:/008_MA_Dev/Sync_SFO/Sync_SFO.ip_user_files'.
Scanning sources...
Finished scanning sources
INFO: [IP_Flow 19-234] Refreshing IP repositories
INFO: [IP_Flow 19-1704] No user IP repositories specified
INFO: [IP_Flow 19-2313] Loaded Vivado IP repository 'C:/NIFPGA/programs/Vivado2021_1/data/ip'.
WARNING: [IP_Flow 19-2162] IP 't07_g3_up47' is locked:
* Project containing IP 't07_g3_up47' is read-only.
WARNING: [IP_Flow 19-2162] IP 't03_xfft_2048_main' is locked:
* Project containing IP 't03_xfft_2048_main' is read-only.
WARNING: [IP_Flow 19-2162] IP 't06_rt_mult_u48_u20' is locked:
* Project containing IP 't06_rt_mult_u48_u20' is read-only.
WARNING: [IP_Flow 19-2162] IP 't06_rt_mult_s41_s38' is locked:
* Project containing IP 't06_rt_mult_s41_s38' is read-only.
WARNING: [IP_Flow 19-2162] IP 't06_rt_mult_s41_u38' is locked:
* Project containing IP 't06_rt_mult_s41_u38' is read-only.
WARNING: [IP_Flow 19-2162] IP 't06_rt_mult_u30_s42' is locked:
* Project containing IP 't06_rt_mult_u30_s42' is read-only.
WARNING: [IP_Flow 19-2162] IP 't06_rt_mult_u30_u43' is locked:
* Project containing IP 't06_rt_mult_u30_u43' is read-only.
WARNING: [IP_Flow 19-2162] IP 't06_rt_mult_s41_s41' is locked:
* Project containing IP 't06_rt_mult_s41_s41' is read-only.
WARNING: [IP_Flow 19-2162] IP 't06_rt_mult_u30_u48' is locked:
* Project containing IP 't06_rt_mult_u30_u48' is read-only.
WARNING: [IP_Flow 19-2162] IP 't06_fs_mult_s29_s48' is locked:
* Project containing IP 't06_fs_mult_s29_s48' is read-only.
WARNING: [IP_Flow 19-2162] IP 't06_fs_mult_s29_s11' is locked:
* Project containing IP 't06_fs_mult_s29_s11' is read-only.
WARNING: [IP_Flow 19-2162] IP 't06_fs_mult_u18_s48' is locked:
* Project containing IP 't06_fs_mult_u18_s48' is read-only.
WARNING: [IP_Flow 19-2162] IP 't06_fs_mult_u18_s11' is locked:
* Project containing IP 't06_fs_mult_u18_s11' is read-only.
WARNING: [IP_Flow 19-2162] IP 't04_div_u63_u47' is locked:
* Project containing IP 't04_div_u63_u47' is read-only.
WARNING: [IP_Flow 19-2162] IP 't06_wp_mult_u64_u33' is locked:
* Project containing IP 't06_wp_mult_u64_u33' is read-only.
WARNING: [IP_Flow 19-2162] IP 't06_pair_max_tracker_2lane_cross' is locked:
* Project containing IP 't06_pair_max_tracker_2lane_cross' is read-only.
WARNING: [IP_Flow 19-2162] IP 't06_observation_engine_weight_product' is locked:
* Project containing IP 't06_observation_engine_weight_product' is read-only.
WARNING: [IP_Flow 19-2162] IP 't06_observation_engine_square' is locked:
* Project containing IP 't06_observation_engine_square' is read-only.
WARNING: [IP_Flow 19-2162] IP 't06_cordic_translate48_parallel' is locked:
* Project containing IP 't06_cordic_translate48_parallel' is read-only.
WARNING: [IP_Flow 19-2162] IP 't04_cmpy_17x16' is locked:
* Project containing IP 't04_cmpy_17x16' is read-only.
WARNING: [IP_Flow 19-2162] IP 't06_sg_div_u53_u37' is locked:
* Project containing IP 't06_sg_div_u53_u37' is read-only.
WARNING: [IP_Flow 19-2162] IP 't06_sg_mult_u37_u16' is locked:
* Project containing IP 't06_sg_mult_u37_u16' is read-only.
WARNING: [IP_Flow 19-2162] IP 't05_cmpy_rotate_18x18' is locked:
* Project containing IP 't05_cmpy_rotate_18x18' is read-only.
WARNING: [IP_Flow 19-2162] IP 't06_dds_phase_s32_sincos18' is locked:
* Project containing IP 't06_dds_phase_s32_sincos18' is read-only.
WARNING: [IP_Flow 19-2162] IP 't05_mult_cfo_s19_const40_full59' is locked:
* Project containing IP 't05_mult_cfo_s19_const40_full59' is read-only.
WARNING: [IP_Flow 19-2162] IP 't07_g3_down47' is locked:
* Project containing IP 't07_g3_down47' is read-only.
WARNING: [IP_Flow 19-2162] IP 't07_g3_down15' is locked:
* Project containing IP 't07_g3_down15' is read-only.
WARNING: [IP_Flow 19-2162] IP 'farrow_mul_t16' is locked:
* Project containing IP 'farrow_mul_t16' is read-only.
WARNING: [IP_Flow 19-2162] IP 'farrow_mul_h16' is locked:
* Project containing IP 'farrow_mul_h16' is read-only.
WARNING: [IP_Flow 19-2162] IP 'farrow_add_32' is locked:
* Project containing IP 'farrow_add_32' is read-only.
WARNING: [IP_Flow 19-2162] IP 'farrow_add_18' is locked:
* Project containing IP 'farrow_add_18' is read-only.
WARNING: [IP_Flow 19-2162] IP 'farrow_add_28' is locked:
* Project containing IP 'farrow_add_28' is read-only.
WARNING: [IP_Flow 19-2162] IP 't07_g3_up15' is locked:
* Project containing IP 't07_g3_up15' is read-only.
WARNING: [IP_Flow 19-2162] IP 't03_xfft_16384_aux' is locked:
* Project containing IP 't03_xfft_16384_aux' is read-only.
SFO_FN01_STAGE canonical OPEN_AND_MEMBERSHIP_PASS members=283 ips=34
SFO_FN01_STAGE PRIVATE_OPEN_BEGIN
INFO: [Project 1-313] Project file moved from 'D:/008_MA_Dev/Sync_SFO' since last save.
WARNING: [filemgmt 56-2] Default IP Output Path : Could not find the directory 'D:/008_MA_Dev/Sync_SFO/work/FN01/project/Sync_SFO.gen/sources_1', nor could it be found using path 'D:/008_MA_Dev/Sync_SFO/Sync_SFO.gen/sources_1'.
WARNING: [filemgmt 56-2] IPUserFilesDir: Could not find the directory 'D:/008_MA_Dev/Sync_SFO/work/FN01/project/Sync_SFO.ip_user_files', nor could it be found using path 'D:/008_MA_Dev/Sync_SFO/Sync_SFO.ip_user_files'.
Scanning sources...
Finished scanning sources
INFO: [IP_Flow 19-234] Refreshing IP repositories
INFO: [IP_Flow 19-1704] No user IP repositories specified
INFO: [IP_Flow 19-2313] Loaded Vivado IP repository 'C:/NIFPGA/programs/Vivado2021_1/data/ip'.
SFO_FN01_STAGE private OPEN_AND_MEMBERSHIP_PASS members=283 ips=34
T10_XELAB_JOBS actual=16 ceiling=16
## file normalize [file join [file dirname [info script]] run_threads.tcl]
### pid
### pwd
### get_param general.maxThreads
### get_param synth.maxThreads
T10_THREAD_LIMITS pid=25560 cwd=D:/008_MA_Dev/Sync_SFO/reports/functional_review/FN01 general=8 synth=8
T10_RUN_HOOKS installed=100 hook=D:/008_MA_Dev/Sync_SFO/work/FN01/project/tools/vivado/run_threads.tcl
T10 performance policy applied: requested general/synth limits=8; xelab jobs=16; build jobs ceiling=16. No run started.
update_compile_order: Time (s): cpu = 00:00:01 ; elapsed = 00:10:33 . Memory (MB): peak = 1129.855 ; gain = 0.000
SFO_FN01_STAGE COMPILE_BEGIN general=8 synth=8 xelab=16
Command: launch_simulation -simset sim_1 -mode behavioral
INFO: [Vivado 12-12493] Simulation top is 'sync_sfo_full_frame_tb'
INFO: [Vivado 12-5698] Checking validity of IPs in the design for the 'XSim' simulator...
INFO: [Runs 36-567] Checking/generating simulation output products for IPs/BDs (if any)...
INFO: [Vivado 12-5682] Launching behavioral simulation in 'D:/008_MA_Dev/Sync_SFO/work/FN01/project/Sync_SFO.sim/sim_1/behav/xsim'
INFO: [Vivado 12-4795] Using compiled simulation libraries for IPs
INFO: [SIM-utils-51] Simulation object is 'sim_1'
INFO: [SIM-utils-72] Using boost library from 'C:/NIFPGA/programs/Vivado2021_1/tps/boost_1_72_0'
INFO: [USF-XSim-7] Finding pre-compiled libraries...
INFO: [USF-XSim-11] File 'C:/NIFPGA/programs/Vivado2021_1/data/xsim/xsim.ini' copied to run dir:'D:/008_MA_Dev/Sync_SFO/work/FN01/project/Sync_SFO.sim/sim_1/behav/xsim'
INFO: [SIM-utils-54] Inspecting design source files for 'sync_sfo_full_frame_tb' in fileset 'sim_1'...
INFO: [SIM-utils-43] Exported 'D:/008_MA_Dev/Sync_SFO/work/FN01/project/Sync_SFO.sim/sim_1/behav/xsim/t07_g3_down15.mif'
INFO: [SIM-utils-43] Exported 'D:/008_MA_Dev/Sync_SFO/work/FN01/project/Sync_SFO.sim/sim_1/behav/xsim/t07_g3_down47.mif'
INFO: [SIM-utils-43] Exported 'D:/008_MA_Dev/Sync_SFO/work/FN01/project/Sync_SFO.sim/sim_1/behav/xsim/t07_g3_up15.mif'
INFO: [SIM-utils-43] Exported 'D:/008_MA_Dev/Sync_SFO/work/FN01/project/Sync_SFO.sim/sim_1/behav/xsim/t07_g3_up47.mif'
INFO: [SIM-utils-43] Exported 'D:/008_MA_Dev/Sync_SFO/work/FN01/project/Sync_SFO.sim/sim_1/behav/xsim/residual_pilot_phase.mem'
INFO: [SIM-utils-43] Exported 'D:/008_MA_Dev/Sync_SFO/work/FN01/project/Sync_SFO.sim/sim_1/behav/xsim/raw.mem'
INFO: [SIM-utils-43] Exported 'D:/008_MA_Dev/Sync_SFO/work/FN01/project/Sync_SFO.sim/sim_1/behav/xsim/r1.mem'
INFO: [SIM-utils-43] Exported 'D:/008_MA_Dev/Sync_SFO/work/FN01/project/Sync_SFO.sim/sim_1/behav/xsim/r2.mem'
INFO: [SIM-utils-43] Exported 'D:/008_MA_Dev/Sync_SFO/work/FN01/project/Sync_SFO.sim/sim_1/behav/xsim/delay.mem'
INFO: [SIM-utils-43] Exported 'D:/008_MA_Dev/Sync_SFO/work/FN01/project/Sync_SFO.sim/sim_1/behav/xsim/delta.mem'
INFO: [SIM-utils-43] Exported 'D:/008_MA_Dev/Sync_SFO/work/FN01/project/Sync_SFO.sim/sim_1/behav/xsim/raw.mem'
INFO: [SIM-utils-43] Exported 'D:/008_MA_Dev/Sync_SFO/work/FN01/project/Sync_SFO.sim/sim_1/behav/xsim/r1.mem'
INFO: [SIM-utils-43] Exported 'D:/008_MA_Dev/Sync_SFO/work/FN01/project/Sync_SFO.sim/sim_1/behav/xsim/r2.mem'
INFO: [SIM-utils-43] Exported 'D:/008_MA_Dev/Sync_SFO/work/FN01/project/Sync_SFO.sim/sim_1/behav/xsim/delay.mem'
INFO: [SIM-utils-43] Exported 'D:/008_MA_Dev/Sync_SFO/work/FN01/project/Sync_SFO.sim/sim_1/behav/xsim/delta.mem'
INFO: [USF-XSim-97] Finding global include files...
INFO: [USF-XSim-98] Fetching design files from 'sim_1'...
INFO: [USF-XSim-2] XSim::Compile design
INFO: [USF-XSim-61] Executing 'COMPILE and ANALYZE' step in 'D:/008_MA_Dev/Sync_SFO/work/FN01/project/Sync_SFO.sim/sim_1/behav/xsim'
"xvlog --incr --relax -L uvm -prj sync_sfo_full_frame_tb_vlog.prj"
INFO: [VRFC 10-2263] Analyzing SystemVerilog file "D:/008_MA_Dev/Sync_SFO/work/FN01/project/rtl/initial_estimation/sfo_cfo_phase_increment.sv" into library xil_defaultlib
INFO: [VRFC 10-311] analyzing module sfo_cfo_phase_increment
INFO: [VRFC 10-2263] Analyzing SystemVerilog file "D:/008_MA_Dev/Sync_SFO/work/FN01/project/rtl/control/sfo_domain_reset.sv" into library xil_defaultlib
INFO: [VRFC 10-311] analyzing module sfo_domain_reset
INFO: [VRFC 10-2263] Analyzing SystemVerilog file "D:/008_MA_Dev/Sync_SFO/work/FN01/project/rtl/resampling/sfo_farrow_arithmetic.sv" into library xil_defaultlib
INFO: [VRFC 10-311] analyzing module sfo_farrow_add
INFO: [VRFC 10-311] analyzing module sfo_farrow_horner
INFO: [VRFC 10-311] analyzing module sfo_farrow_real
INFO: [VRFC 10-311] analyzing module sfo_farrow_parallel
INFO: [VRFC 10-2263] Analyzing SystemVerilog file "D:/008_MA_Dev/Sync_SFO/work/FN01/project/sim/tb/sfo_fifo_history_observer.sv" into library xil_defaultlib
INFO: [VRFC 10-311] analyzing module sfo_fifo_history_observer
INFO: [VRFC 10-2263] Analyzing SystemVerilog file "D:/008_MA_Dev/Sync_SFO/work/FN01/project/rtl/resampling/sfo_fir_down15.sv" into library xil_defaultlib
INFO: [VRFC 10-311] analyzing module sfo_fir_down15
INFO: [VRFC 10-2263] Analyzing SystemVerilog file "D:/008_MA_Dev/Sync_SFO/work/FN01/project/rtl/resampling/sfo_fir_down47.sv" into library xil_defaultlib
INFO: [VRFC 10-311] analyzing module sfo_fir_down47
INFO: [VRFC 10-2263] Analyzing SystemVerilog file "D:/008_MA_Dev/Sync_SFO/work/FN01/project/rtl/resampling/sfo_fir_up15.sv" into library xil_defaultlib
INFO: [VRFC 10-311] analyzing module sfo_fir_up15
INFO: [VRFC 10-2263] Analyzing SystemVerilog file "D:/008_MA_Dev/Sync_SFO/work/FN01/project/rtl/resampling/sfo_fir_up47.sv" into library xil_defaultlib
INFO: [VRFC 10-311] analyzing module sfo_fir_up47
INFO: [VRFC 10-2263] Analyzing SystemVerilog file "D:/008_MA_Dev/Sync_SFO/work/FN01/project/rtl/first_resampling/sfo_first_frame_scheduler.sv" into library xil_defaultlib
INFO: [VRFC 10-311] analyzing module sfo_first_frame_scheduler
INFO: [VRFC 10-2263] Analyzing SystemVerilog file "D:/008_MA_Dev/Sync_SFO/work/FN01/project/rtl/first_resampling/sfo_first_pass_descriptor.sv" into library xil_defaultlib
INFO: [VRFC 10-311] analyzing module sfo_first_pass_descriptor
INFO: [VRFC 10-2263] Analyzing SystemVerilog file "D:/008_MA_Dev/Sync_SFO/work/FN01/project/rtl/first_resampling/sfo_first_resampler.sv" into library xil_defaultlib
INFO: [VRFC 10-311] analyzing module sfo_first_resampler
INFO: [VRFC 10-2263] Analyzing SystemVerilog file "D:/008_MA_Dev/Sync_SFO/work/FN01/project/rtl/resampling/sfo_guarded_farrow_stream.sv" into library xil_defaultlib
INFO: [VRFC 10-311] analyzing module sfo_guarded_farrow_stream
INFO: [VRFC 10-2263] Analyzing SystemVerilog file "D:/008_MA_Dev/Sync_SFO/work/FN01/project/rtl/resampling/sfo_guarded_resampling_core.sv" into library xil_defaultlib
INFO: [VRFC 10-311] analyzing module sfo_guarded_resampling_core
INFO: [VRFC 10-2263] Analyzing SystemVerilog file "D:/008_MA_Dev/Sync_SFO/work/FN01/project/rtl/initial_estimation/sfo_initial_cfo_derotate_s16_4lane.sv" into library xil_defaultlib
INFO: [VRFC 10-311] analyzing module sfo_initial_cfo_derotate_s16_4lane
INFO: [VRFC 10-2263] Analyzing SystemVerilog file "D:/008_MA_Dev/Sync_SFO/work/FN01/project/rtl/initial_estimation/sfo_initial_dds_phase_4lane.sv" into library xil_defaultlib
INFO: [VRFC 10-311] analyzing module sfo_initial_dds_phase_4lane
INFO: [VRFC 10-2263] Analyzing SystemVerilog file "D:/008_MA_Dev/Sync_SFO/work/FN01/project/rtl/initial_estimation/sfo_initial_derotate_wide_4lane.sv" into library xil_defaultlib
INFO: [VRFC 10-311] analyzing module sfo_initial_derotate_wide_4lane
INFO: [VRFC 10-2263] Analyzing SystemVerilog file "D:/008_MA_Dev/Sync_SFO/work/FN01/project/rtl/common/sfo_stream_pkg.sv" into library xil_defaultlib
INFO: [VRFC 10-2263] Analyzing SystemVerilog file "D:/008_MA_Dev/Sync_SFO/work/FN01/project/rtl/initial_estimation/sfo_initial_estimation_service.sv" into library xil_defaultlib
INFO: [VRFC 10-311] analyzing module sfo_initial_estimation_service
INFO: [VRFC 10-2263] Analyzing SystemVerilog file "D:/008_MA_Dev/Sync_SFO/work/FN01/project/rtl/initial_estimation/sfo_initial_estimator.sv" into library xil_defaultlib
INFO: [VRFC 10-311] analyzing module sfo_initial_estimator
INFO: [VRFC 10-2263] Analyzing SystemVerilog file "D:/008_MA_Dev/Sync_SFO/work/FN01/project/rtl/fft_service/sfo_initial_fft_arbiter.sv" into library xil_defaultlib
INFO: [VRFC 10-311] analyzing module sfo_initial_fft_arbiter
INFO: [VRFC 10-2263] Analyzing SystemVerilog file "D:/008_MA_Dev/Sync_SFO/work/FN01/project/rtl/initial_estimation/sfo_initial_fft_pair_extractor.sv" into library xil_defaultlib
INFO: [VRFC 10-311] analyzing module sfo_initial_fft_pair_extractor
INFO: [VRFC 10-2263] Analyzing SystemVerilog file "D:/008_MA_Dev/Sync_SFO/work/FN01/project/rtl/initial_estimation/sfo_initial_fft_pair_extractor_fifo.sv" into library xil_defaultlib
INFO: [VRFC 10-311] analyzing module sfo_initial_fft_pair_extractor_fifo
INFO: [VRFC 10-2263] Analyzing SystemVerilog file "D:/008_MA_Dev/Sync_SFO/work/FN01/project/rtl/initial_estimation/sfo_initial_fft_pair_extractor_memory.sv" into library xil_defaultlib
INFO: [VRFC 10-311] analyzing module sfo_initial_fft_pair_extractor_memory
INFO: [VRFC 10-2263] Analyzing SystemVerilog file "D:/008_MA_Dev/Sync_SFO/work/FN01/project/rtl/fft_service/sfo_initial_fft_service.sv" into library xil_defaultlib
INFO: [VRFC 10-311] analyzing module sfo_initial_fft_service
INFO: [VRFC 10-2263] Analyzing SystemVerilog file "D:/008_MA_Dev/Sync_SFO/work/FN01/project/rtl/initial_estimation/sfo_initial_fft_swls_backend.sv" into library xil_defaultlib
INFO: [VRFC 10-311] analyzing module sfo_initial_fft_swls_backend
INFO: [VRFC 10-2263] Analyzing SystemVerilog file "D:/008_MA_Dev/Sync_SFO/work/FN01/project/rtl/initial_estimation/sfo_initial_five_sum_accumulator.sv" into library xil_defaultlib
INFO: [VRFC 10-311] analyzing module sfo_initial_five_sum_accumulator
INFO: [VRFC 10-2263] Analyzing SystemVerilog file "D:/008_MA_Dev/Sync_SFO/work/FN01/project/rtl/initial_estimation/sfo_initial_frame_context_join.sv" into library xil_defaultlib
INFO: [VRFC 10-311] analyzing module sfo_initial_frame_context_join
INFO: [VRFC 10-2263] Analyzing SystemVerilog file "D:/008_MA_Dev/Sync_SFO/work/FN01/project/rtl/initial_estimation/sfo_initial_observation_engine.sv" into library xil_defaultlib
INFO: [VRFC 10-311] analyzing module sfo_initial_observation_engine
INFO: [VRFC 10-2263] Analyzing SystemVerilog file "D:/008_MA_Dev/Sync_SFO/work/FN01/project/rtl/initial_estimation/sfo_initial_observation_engine_2lane.sv" into library xil_defaultlib
INFO: [VRFC 10-311] analyzing module sfo_initial_observation_engine_2lane
INFO: [VRFC 10-2263] Analyzing SystemVerilog file "D:/008_MA_Dev/Sync_SFO/work/FN01/project/rtl/initial_estimation/sfo_initial_observation_engine_fifo.sv" into library xil_defaultlib
INFO: [VRFC 10-311] analyzing module sfo_initial_observation_engine_fifo
INFO: [VRFC 10-2263] Analyzing SystemVerilog file "D:/008_MA_Dev/Sync_SFO/work/FN01/project/rtl/initial_estimation/sfo_initial_observation_store.sv" into library xil_defaultlib
INFO: [VRFC 10-311] analyzing module sfo_initial_observation_store
INFO: [VRFC 10-2263] Analyzing SystemVerilog file "D:/008_MA_Dev/Sync_SFO/work/FN01/project/rtl/initial_estimation/sfo_initial_observation_store_bank.sv" into library xil_defaultlib
INFO: [VRFC 10-311] analyzing module sfo_initial_observation_store_bank
INFO: [VRFC 10-2263] Analyzing SystemVerilog file "D:/008_MA_Dev/Sync_SFO/work/FN01/project/rtl/initial_estimation/sfo_initial_pair_max_tracker_2lane.sv" into library xil_defaultlib
INFO: [VRFC 10-311] analyzing module sfo_initial_pair_max_tracker_2lane
INFO: [VRFC 10-2263] Analyzing SystemVerilog file "D:/008_MA_Dev/Sync_SFO/work/FN01/project/rtl/initial_estimation/sfo_initial_pair_phasor_bfp.sv" into library xil_defaultlib
INFO: [VRFC 10-311] analyzing module sfo_initial_pair_phasor_bfp
INFO: [VRFC 10-2263] Analyzing SystemVerilog file "D:/008_MA_Dev/Sync_SFO/work/FN01/project/rtl/initial_estimation/sfo_initial_ps3_ps10_job_sequencer.sv" into library xil_defaultlib
INFO: [VRFC 10-311] analyzing module sfo_initial_ps3_ps10_job_sequencer
INFO: [VRFC 10-2263] Analyzing SystemVerilog file "D:/008_MA_Dev/Sync_SFO/work/FN01/project/rtl/initial_estimation/sfo_initial_raw_reader_4lane.sv" into library xil_defaultlib
INFO: [VRFC 10-311] analyzing module sfo_initial_raw_reader_4lane
INFO: [VRFC 10-2263] Analyzing SystemVerilog file "D:/008_MA_Dev/Sync_SFO/work/FN01/project/rtl/initial_estimation/sfo_initial_raw_reader_local_capture.sv" into library xil_defaultlib
INFO: [VRFC 10-311] analyzing module sfo_initial_raw_reader_local_capture
INFO: [VRFC 10-2263] Analyzing SystemVerilog file "D:/008_MA_Dev/Sync_SFO/work/FN01/project/rtl/initial_estimation/sfo_initial_raw_to_fft_frontend.sv" into library xil_defaultlib
INFO: [VRFC 10-311] analyzing module sfo_initial_raw_to_fft_frontend
INFO: [VRFC 10-2263] Analyzing SystemVerilog file "D:/008_MA_Dev/Sync_SFO/work/FN01/project/rtl/initial_estimation/sfo_initial_regression_tail.sv" into library xil_defaultlib
INFO: [VRFC 10-311] analyzing module sfo_initial_regression_tail
INFO: [VRFC 10-2263] Analyzing SystemVerilog file "D:/008_MA_Dev/Sync_SFO/work/FN01/project/rtl/initial_estimation/sfo_initial_shared_gain_s16_4lane.sv" into library xil_defaultlib
INFO: [VRFC 10-311] analyzing module sfo_initial_shared_gain_s16_4lane
INFO: [VRFC 10-2263] Analyzing SystemVerilog file "D:/008_MA_Dev/Sync_SFO/work/FN01/project/rtl/initial_estimation/sfo_initial_shared_gain_s16_lane.sv" into library xil_defaultlib
INFO: [VRFC 10-311] analyzing module sfo_initial_shared_gain_s16_lane
INFO: [VRFC 10-2263] Analyzing SystemVerilog file "D:/008_MA_Dev/Sync_SFO/work/FN01/project/rtl/initial_estimation/sfo_initial_swls_weighted_backend.sv" into library xil_defaultlib
INFO: [VRFC 10-311] analyzing module sfo_initial_swls_weighted_backend
INFO: [VRFC 10-2263] Analyzing SystemVerilog file "D:/008_MA_Dev/Sync_SFO/work/FN01/project/rtl/initial_estimation/sfo_initial_unsigned_divider_service.sv" into library xil_defaultlib
INFO: [VRFC 10-311] analyzing module sfo_initial_unsigned_divider_service
INFO: [VRFC 10-2263] Analyzing SystemVerilog file "D:/008_MA_Dev/Sync_SFO/work/FN01/project/rtl/initial_estimation/sfo_initial_unsigned_divider_service_fifo.sv" into library xil_defaultlib
INFO: [VRFC 10-311] analyzing module sfo_initial_unsigned_divider_service_fifo
INFO: [VRFC 10-2263] Analyzing SystemVerilog file "D:/008_MA_Dev/Sync_SFO/work/FN01/project/rtl/initial_estimation/sfo_initial_weight_pack.sv" into library xil_defaultlib
INFO: [VRFC 10-311] analyzing module sfo_initial_weight_pack
INFO: [VRFC 10-2263] Analyzing SystemVerilog file "D:/008_MA_Dev/Sync_SFO/work/FN01/project/rtl/buffering/sfo_intermediate_frame_bank.sv" into library xil_defaultlib
INFO: [VRFC 10-311] analyzing module sfo_intermediate_frame_bank
INFO: [VRFC 10-2263] Analyzing SystemVerilog file "D:/008_MA_Dev/Sync_SFO/work/FN01/project/rtl/resampling/sfo_nominal_pack4.sv" into library xil_defaultlib
INFO: [VRFC 10-311] analyzing module sfo_nominal_pack4
INFO: [VRFC 10-2263] Analyzing SystemVerilog file "D:/008_MA_Dev/Sync_SFO/work/FN01/project/rtl/buffering/sfo_output_buffer.sv" into library xil_defaultlib
INFO: [VRFC 10-311] analyzing module sfo_output_buffer
INFO: [VRFC 10-2263] Analyzing SystemVerilog file "D:/008_MA_Dev/Sync_SFO/work/FN01/project/rtl/buffering/sfo_raw_frame_ring.sv" into library xil_defaultlib
INFO: [VRFC 10-311] analyzing module sfo_raw_frame_ring
INFO: [VRFC 10-2263] Analyzing SystemVerilog file "D:/008_MA_Dev/Sync_SFO/work/FN01/project/rtl/buffering/sfo_record_cdc_fifo.sv" into library xil_defaultlib
INFO: [VRFC 10-311] analyzing module sfo_record_cdc_fifo
INFO: [VRFC 10-2263] Analyzing SystemVerilog file "D:/008_MA_Dev/Sync_SFO/work/FN01/project/rtl/residual_estimation/sfo_residual_delay_backend4.sv" into library xil_defaultlib
INFO: [VRFC 10-311] analyzing module sfo_residual_delay_backend4
INFO: [VRFC 10-2263] Analyzing SystemVerilog file "D:/008_MA_Dev/Sync_SFO/work/FN01/project/rtl/residual_estimation/sfo_residual_div_u80_u49_rne.sv" into library xil_defaultlib
INFO: [VRFC 10-311] analyzing module sfo_residual_div_u80_u49_rne
INFO: [VRFC 10-2263] Analyzing SystemVerilog file "D:/008_MA_Dev/Sync_SFO/work/FN01/project/rtl/residual_estimation/sfo_residual_estimator4.sv" into library xil_defaultlib
INFO: [VRFC 10-311] analyzing module sfo_residual_estimator4
INFO: [VRFC 10-2263] Analyzing SystemVerilog file "D:/008_MA_Dev/Sync_SFO/work/FN01/project/rtl/residual_estimation/sfo_residual_fft_grid_stage4.sv" into library xil_defaultlib
INFO: [VRFC 10-311] analyzing module sfo_residual_fft_grid_stage4
INFO: [VRFC 10-2263] Analyzing SystemVerilog file "D:/008_MA_Dev/Sync_SFO/work/FN01/project/rtl/fft_service/sfo_residual_fft_service4.sv" into library xil_defaultlib
INFO: [VRFC 10-311] analyzing module sfo_residual_fft_service4
INFO: [VRFC 10-2263] Analyzing SystemVerilog file "D:/008_MA_Dev/Sync_SFO/work/FN01/project/rtl/fft_service/sfo_residual_fft_window4.sv" into library xil_defaultlib
INFO: [VRFC 10-311] analyzing module sfo_residual_fft_window4
INFO: [VRFC 10-2263] Analyzing SystemVerilog file "D:/008_MA_Dev/Sync_SFO/work/FN01/project/rtl/residual_estimation/sfo_residual_grid_packet_queue2.sv" into library xil_defaultlib
INFO: [VRFC 10-311] analyzing module sfo_residual_grid_packet_queue2
INFO: [VRFC 10-2263] Analyzing SystemVerilog file "D:/008_MA_Dev/Sync_SFO/work/FN01/project/rtl/fft_service/sfo_residual_ifft_service4.sv" into library xil_defaultlib
INFO: [VRFC 10-311] analyzing module sfo_residual_ifft_service4
INFO: [VRFC 10-2263] Analyzing SystemVerilog file "D:/008_MA_Dev/Sync_SFO/work/FN01/project/rtl/residual_estimation/sfo_residual_ls74.sv" into library xil_defaultlib
INFO: [VRFC 10-311] analyzing module sfo_residual_ls74
INFO: [VRFC 10-2263] Analyzing SystemVerilog file "D:/008_MA_Dev/Sync_SFO/work/FN01/project/rtl/residual_estimation/sfo_residual_nominal_window_reader4.sv" into library xil_defaultlib
INFO: [VRFC 10-311] analyzing module sfo_residual_nominal_window_reader4
INFO: [VRFC 10-2263] Analyzing SystemVerilog file "D:/008_MA_Dev/Sync_SFO/work/FN01/project/rtl/residual_estimation/sfo_residual_peak_interpolate.sv" into library xil_defaultlib
INFO: [VRFC 10-311] analyzing module sfo_residual_peak_interpolate
INFO: [VRFC 10-2263] Analyzing SystemVerilog file "D:/008_MA_Dev/Sync_SFO/work/FN01/project/rtl/residual_estimation/sfo_residual_peak_triplet4.sv" into library xil_defaultlib
INFO: [VRFC 10-311] analyzing module sfo_residual_peak_triplet4
INFO: [VRFC 10-2263] Analyzing SystemVerilog file "D:/008_MA_Dev/Sync_SFO/work/FN01/project/rtl/residual_estimation/sfo_residual_pilot_front2.sv" into library xil_defaultlib
INFO: [VRFC 10-311] analyzing module sfo_residual_pilot_front2
INFO: [VRFC 10-2263] Analyzing SystemVerilog file "D:/008_MA_Dev/Sync_SFO/work/FN01/project/rtl/residual_estimation/sfo_residual_pilot_grid4.sv" into library xil_defaultlib
INFO: [VRFC 10-311] analyzing module sfo_residual_pilot_grid4
INFO: [VRFC 10-2263] Analyzing SystemVerilog file "D:/008_MA_Dev/Sync_SFO/work/FN01/project/rtl/residual_estimation/sfo_residual_pilot_rotate2.sv" into library xil_defaultlib
INFO: [VRFC 10-311] analyzing module sfo_residual_pilot_rotate2
INFO: [VRFC 10-2263] Analyzing SystemVerilog file "D:/008_MA_Dev/Sync_SFO/work/FN01/project/rtl/residual_estimation/sfo_residual_pilot_select_phase4.sv" into library xil_defaultlib
INFO: [VRFC 10-311] analyzing module sfo_residual_pilot_select_phase4
INFO: [VRFC 10-2263] Analyzing SystemVerilog file "D:/008_MA_Dev/Sync_SFO/work/FN01/project/rtl/residual_estimation/sfo_residual_power4.sv" into library xil_defaultlib
INFO: [VRFC 10-311] analyzing module sfo_residual_power4
INFO: [VRFC 10-2263] Analyzing SystemVerilog file "D:/008_MA_Dev/Sync_SFO/work/FN01/project/rtl/second_resampling/sfo_second_pass_descriptor.sv" into library xil_defaultlib
INFO: [VRFC 10-311] analyzing module sfo_second_pass_descriptor
INFO: [VRFC 10-2263] Analyzing SystemVerilog file "D:/008_MA_Dev/Sync_SFO/work/FN01/project/rtl/second_resampling/sfo_second_resampler.sv" into library xil_defaultlib
INFO: [VRFC 10-311] analyzing module sfo_second_resampler
INFO: [VRFC 10-2263] Analyzing SystemVerilog file "D:/008_MA_Dev/Sync_SFO/work/FN01/project/rtl/buffering/sfo_sync_fifo.sv" into library xil_defaultlib
INFO: [VRFC 10-311] analyzing module sfo_sync_fifo
INFO: [VRFC 10-2263] Analyzing SystemVerilog file "D:/008_MA_Dev/Sync_SFO/work/FN01/project/rtl/buffering/sfo_training_capture_buffer.sv" into library xil_defaultlib
INFO: [VRFC 10-311] analyzing module sfo_training_capture_buffer
INFO: [VRFC 10-2263] Analyzing SystemVerilog file "D:/008_MA_Dev/Sync_SFO/work/FN01/project/rtl/control/sfo_two_pass_transport.sv" into library xil_defaultlib
INFO: [VRFC 10-311] analyzing module sfo_two_pass_transport
WARNING: [VRFC 10-3380] identifier 'obfault' is used before its declaration [D:/008_MA_Dev/Sync_SFO/work/FN01/project/rtl/control/sfo_two_pass_transport.sv:250]
INFO: [VRFC 10-2263] Analyzing SystemVerilog file "D:/008_MA_Dev/Sync_SFO/work/FN01/project/rtl/buffering/sfo_uram_frame_bank.sv" into library xil_defaultlib
INFO: [VRFC 10-311] analyzing module sfo_uram_frame_bank
INFO: [VRFC 10-2263] Analyzing SystemVerilog file "D:/008_MA_Dev/Sync_SFO/work/FN01/project/rtl/common/sfo_vendor_multiplier_adapters.sv" into library xil_defaultlib
INFO: [VRFC 10-311] analyzing module sfo_square18_vendor_adapter
INFO: [VRFC 10-311] analyzing module sfo_square48_vendor_adapter
INFO: [VRFC 10-311] analyzing module sfo_cfo_scale_vendor_adapter
INFO: [VRFC 10-2263] Analyzing SystemVerilog file "D:/008_MA_Dev/Sync_SFO/work/FN01/project/rtl/control/sync_sfo_top.sv" into library xil_defaultlib
INFO: [VRFC 10-311] analyzing module sync_sfo_top
INFO: [VRFC 10-2263] Analyzing SystemVerilog file "D:/008_MA_Dev/Sync_SFO/work/FN01/project/rtl/vendor/xpm/xpm_cdc.sv" into library xil_defaultlib
INFO: [VRFC 10-311] analyzing module xpm_cdc_single
INFO: [VRFC 10-311] analyzing module xpm_cdc_gray
INFO: [VRFC 10-311] analyzing module xpm_cdc_handshake
INFO: [VRFC 10-311] analyzing module xpm_cdc_pulse
INFO: [VRFC 10-311] analyzing module xpm_cdc_array_single
INFO: [VRFC 10-311] analyzing module xpm_cdc_sync_rst
INFO: [VRFC 10-311] analyzing module xpm_cdc_async_rst
INFO: [VRFC 10-311] analyzing module xpm_cdc_low_latency_handshake
INFO: [VRFC 10-2263] Analyzing SystemVerilog file "D:/008_MA_Dev/Sync_SFO/work/FN01/project/rtl/vendor/xpm/xpm_fifo.sv" into library xil_defaultlib
INFO: [VRFC 10-311] analyzing module xpm_fifo_base
INFO: [VRFC 10-311] analyzing module xpm_fifo_rst
INFO: [VRFC 10-311] analyzing module xpm_counter_updn
INFO: [VRFC 10-311] analyzing module xpm_fifo_reg_vec
INFO: [VRFC 10-311] analyzing module xpm_fifo_reg_bit
WARNING: [VRFC 10-8426] non-net output port 'd_out' cannot be initialized at declaration in SystemVerilog mode [D:/008_MA_Dev/Sync_SFO/work/FN01/project/rtl/vendor/xpm/xpm_fifo.sv:1909]
INFO: [VRFC 10-311] analyzing module xpm_reg_pipe_bit
INFO: [VRFC 10-311] analyzing module xpm_fifo_sync
INFO: [VRFC 10-311] analyzing module xpm_fifo_async
INFO: [VRFC 10-311] analyzing module xpm_fifo_axis
INFO: [VRFC 10-311] analyzing module xpm_fifo_axif
WARNING: [VRFC 10-2821] generate block is allowed only inside loop and conditional generate in SystemVerilog mode [D:/008_MA_Dev/Sync_SFO/work/FN01/project/rtl/vendor/xpm/xpm_fifo.sv:3660]
INFO: [VRFC 10-311] analyzing module xpm_fifo_axil
INFO: [VRFC 10-311] analyzing module xpm_fifo_axi_reg_slice
INFO: [VRFC 10-2263] Analyzing SystemVerilog file "D:/008_MA_Dev/Sync_SFO/work/FN01/project/rtl/vendor/xpm/xpm_memory.sv" into library xil_defaultlib
INFO: [VRFC 10-311] analyzing module xpm_memory_base
INFO: [VRFC 10-311] analyzing module asym_bwe_bb
INFO: [VRFC 10-311] analyzing module xpm_memory_dpdistram
INFO: [VRFC 10-311] analyzing module xpm_memory_dprom
INFO: [VRFC 10-311] analyzing module xpm_memory_sdpram
INFO: [VRFC 10-311] analyzing module xpm_memory_spram
INFO: [VRFC 10-311] analyzing module xpm_memory_sprom
INFO: [VRFC 10-311] analyzing module xpm_memory_tdpram
INFO: [VRFC 10-2263] Analyzing SystemVerilog file "D:/008_MA_Dev/Sync_SFO/work/FN01/project/sim/tb/sync_sfo_full_frame_tb.sv" into library xil_defaultlib
INFO: [VRFC 10-311] analyzing module sync_sfo_full_frame_tb
INFO: [VRFC 10-2263] Analyzing Verilog file "D:/008_MA_Dev/Sync_SFO/work/FN01/project/Sync_SFO.sim/sim_1/behav/xsim/glbl.v" into library xil_defaultlib
INFO: [VRFC 10-311] analyzing module glbl
"xvhdl --incr --relax -prj sync_sfo_full_frame_tb_vhdl.prj"
INFO: [VRFC 10-163] Analyzing VHDL file "D:/008_MA_Dev/Sync_SFO/work/FN01/project/ip/config/t07_g3_down47/sim/t07_g3_down47.vhd" into library xil_defaultlib
INFO: [VRFC 10-3107] analyzing entity 't07_g3_down47'
INFO: [VRFC 10-163] Analyzing VHDL file "D:/008_MA_Dev/Sync_SFO/work/FN01/project/ip/config/t07_g3_down15/sim/t07_g3_down15.vhd" into library xil_defaultlib
INFO: [VRFC 10-3107] analyzing entity 't07_g3_down15'
INFO: [VRFC 10-163] Analyzing VHDL file "D:/008_MA_Dev/Sync_SFO/work/FN01/project/ip/config/farrow_mul_t16/sim/farrow_mul_t16.vhd" into library xil_defaultlib
INFO: [VRFC 10-3107] analyzing entity 'farrow_mul_t16'
INFO: [VRFC 10-163] Analyzing VHDL file "D:/008_MA_Dev/Sync_SFO/work/FN01/project/ip/config/farrow_mul_h16/sim/farrow_mul_h16.vhd" into library xil_defaultlib
INFO: [VRFC 10-3107] analyzing entity 'farrow_mul_h16'
INFO: [VRFC 10-163] Analyzing VHDL file "D:/008_MA_Dev/Sync_SFO/work/FN01/project/ip/config/farrow_add_32/sim/farrow_add_32.vhd" into library xil_defaultlib
INFO: [VRFC 10-3107] analyzing entity 'farrow_add_32'
INFO: [VRFC 10-163] Analyzing VHDL file "D:/008_MA_Dev/Sync_SFO/work/FN01/project/ip/config/farrow_add_18/sim/farrow_add_18.vhd" into library xil_defaultlib
INFO: [VRFC 10-3107] analyzing entity 'farrow_add_18'
INFO: [VRFC 10-163] Analyzing VHDL file "D:/008_MA_Dev/Sync_SFO/work/FN01/project/ip/config/farrow_add_28/sim/farrow_add_28.vhd" into library xil_defaultlib
INFO: [VRFC 10-3107] analyzing entity 'farrow_add_28'
INFO: [VRFC 10-163] Analyzing VHDL file "D:/008_MA_Dev/Sync_SFO/work/FN01/project/ip/config/t07_g3_up15/sim/t07_g3_up15.vhd" into library xil_defaultlib
INFO: [VRFC 10-3107] analyzing entity 't07_g3_up15'
INFO: [VRFC 10-163] Analyzing VHDL file "D:/008_MA_Dev/Sync_SFO/work/FN01/project/ip/config/t07_g3_up47/sim/t07_g3_up47.vhd" into library xil_defaultlib
INFO: [VRFC 10-3107] analyzing entity 't07_g3_up47'
INFO: [VRFC 10-163] Analyzing VHDL file "D:/008_MA_Dev/Sync_SFO/work/FN01/project/ip/config/t03_xfft_16384_aux/sim/t03_xfft_16384_aux.vhd" into library xil_defaultlib
INFO: [VRFC 10-3107] analyzing entity 't03_xfft_16384_aux'
INFO: [VRFC 10-163] Analyzing VHDL file "D:/008_MA_Dev/Sync_SFO/work/FN01/project/ip/config/t03_xfft_2048_main/sim/t03_xfft_2048_main.vhd" into library xil_defaultlib
INFO: [VRFC 10-3107] analyzing entity 't03_xfft_2048_main'
INFO: [VRFC 10-163] Analyzing VHDL file "D:/008_MA_Dev/Sync_SFO/work/FN01/project/ip/config/t06_rt_mult_u48_u20/sim/t06_rt_mult_u48_u20.vhd" into library xil_defaultlib
INFO: [VRFC 10-3107] analyzing entity 't06_rt_mult_u48_u20'
INFO: [VRFC 10-163] Analyzing VHDL file "D:/008_MA_Dev/Sync_SFO/work/FN01/project/ip/config/t06_rt_mult_s41_s38/sim/t06_rt_mult_s41_s38.vhd" into library xil_defaultlib
INFO: [VRFC 10-3107] analyzing entity 't06_rt_mult_s41_s38'
INFO: [VRFC 10-163] Analyzing VHDL file "D:/008_MA_Dev/Sync_SFO/work/FN01/project/ip/config/t06_rt_mult_s41_u38/sim/t06_rt_mult_s41_u38.vhd" into library xil_defaultlib
INFO: [VRFC 10-3107] analyzing entity 't06_rt_mult_s41_u38'
INFO: [VRFC 10-163] Analyzing VHDL file "D:/008_MA_Dev/Sync_SFO/work/FN01/project/ip/config/t06_rt_mult_u30_s42/sim/t06_rt_mult_u30_s42.vhd" into library xil_defaultlib
INFO: [VRFC 10-3107] analyzing entity 't06_rt_mult_u30_s42'
INFO: [VRFC 10-163] Analyzing VHDL file "D:/008_MA_Dev/Sync_SFO/work/FN01/project/ip/config/t06_rt_mult_u30_u43/sim/t06_rt_mult_u30_u43.vhd" into library xil_defaultlib
INFO: [VRFC 10-3107] analyzing entity 't06_rt_mult_u30_u43'
INFO: [VRFC 10-163] Analyzing VHDL file "D:/008_MA_Dev/Sync_SFO/work/FN01/project/ip/config/t06_rt_mult_s41_s41/sim/t06_rt_mult_s41_s41.vhd" into library xil_defaultlib
INFO: [VRFC 10-3107] analyzing entity 't06_rt_mult_s41_s41'
INFO: [VRFC 10-163] Analyzing VHDL file "D:/008_MA_Dev/Sync_SFO/work/FN01/project/ip/config/t06_rt_mult_u30_u48/sim/t06_rt_mult_u30_u48.vhd" into library xil_defaultlib
INFO: [VRFC 10-3107] analyzing entity 't06_rt_mult_u30_u48'
INFO: [VRFC 10-163] Analyzing VHDL file "D:/008_MA_Dev/Sync_SFO/work/FN01/project/ip/config/t06_fs_mult_s29_s48/sim/t06_fs_mult_s29_s48.vhd" into library xil_defaultlib
INFO: [VRFC 10-3107] analyzing entity 't06_fs_mult_s29_s48'
INFO: [VRFC 10-163] Analyzing VHDL file "D:/008_MA_Dev/Sync_SFO/work/FN01/project/ip/config/t06_fs_mult_s29_s11/sim/t06_fs_mult_s29_s11.vhd" into library xil_defaultlib
INFO: [VRFC 10-3107] analyzing entity 't06_fs_mult_s29_s11'
INFO: [VRFC 10-163] Analyzing VHDL file "D:/008_MA_Dev/Sync_SFO/work/FN01/project/ip/config/t06_fs_mult_u18_s48/sim/t06_fs_mult_u18_s48.vhd" into library xil_defaultlib
INFO: [VRFC 10-3107] analyzing entity 't06_fs_mult_u18_s48'
INFO: [VRFC 10-163] Analyzing VHDL file "D:/008_MA_Dev/Sync_SFO/work/FN01/project/ip/config/t06_fs_mult_u18_s11/sim/t06_fs_mult_u18_s11.vhd" into library xil_defaultlib
INFO: [VRFC 10-3107] analyzing entity 't06_fs_mult_u18_s11'
INFO: [VRFC 10-163] Analyzing VHDL file "D:/008_MA_Dev/Sync_SFO/work/FN01/project/ip/config/t04_div_u63_u47/sim/t04_div_u63_u47.vhd" into library xil_defaultlib
INFO: [VRFC 10-3107] analyzing entity 't04_div_u63_u47'
INFO: [VRFC 10-163] Analyzing VHDL file "D:/008_MA_Dev/Sync_SFO/work/FN01/project/ip/config/t06_wp_mult_u64_u33/sim/t06_wp_mult_u64_u33.vhd" into library xil_defaultlib
INFO: [VRFC 10-3107] analyzing entity 't06_wp_mult_u64_u33'
INFO: [VRFC 10-163] Analyzing VHDL file "D:/008_MA_Dev/Sync_SFO/work/FN01/project/ip/config/t06_pair_max_tracker_2lane_cross/sim/t06_pair_max_tracker_2lane_cross.vhd" into library xil_defaultlib
INFO: [VRFC 10-3107] analyzing entity 't06_pair_max_tracker_2lane_cross'
INFO: [VRFC 10-163] Analyzing VHDL file "D:/008_MA_Dev/Sync_SFO/work/FN01/project/ip/config/t06_observation_engine_weight_product/sim/t06_observation_engine_weight_product.vhd" into library xil_defaultlib
INFO: [VRFC 10-3107] analyzing entity 't06_observation_engine_weight_product'
INFO: [VRFC 10-163] Analyzing VHDL file "D:/008_MA_Dev/Sync_SFO/work/FN01/project/ip/config/t06_observation_engine_square/sim/t06_observation_engine_square.vhd" into library xil_defaultlib
INFO: [VRFC 10-3107] analyzing entity 't06_observation_engine_square'
INFO: [VRFC 10-163] Analyzing VHDL file "D:/008_MA_Dev/Sync_SFO/work/FN01/project/ip/config/t06_cordic_translate48_parallel/sim/t06_cordic_translate48_parallel.vhd" into library xil_defaultlib
INFO: [VRFC 10-3107] analyzing entity 't06_cordic_translate48_parallel'
INFO: [VRFC 10-163] Analyzing VHDL file "D:/008_MA_Dev/Sync_SFO/work/FN01/project/ip/config/t04_cmpy_17x16/sim/t04_cmpy_17x16.vhd" into library xil_defaultlib
INFO: [VRFC 10-3107] analyzing entity 't04_cmpy_17x16'
INFO: [VRFC 10-163] Analyzing VHDL file "D:/008_MA_Dev/Sync_SFO/work/FN01/project/ip/config/t06_sg_div_u53_u37/sim/t06_sg_div_u53_u37.vhd" into library xil_defaultlib
INFO: [VRFC 10-3107] analyzing entity 't06_sg_div_u53_u37'
INFO: [VRFC 10-163] Analyzing VHDL file "D:/008_MA_Dev/Sync_SFO/work/FN01/project/ip/config/t06_sg_mult_u37_u16/sim/t06_sg_mult_u37_u16.vhd" into library xil_defaultlib
INFO: [VRFC 10-3107] analyzing entity 't06_sg_mult_u37_u16'
INFO: [VRFC 10-163] Analyzing VHDL file "D:/008_MA_Dev/Sync_SFO/work/FN01/project/ip/config/t05_cmpy_rotate_18x18/sim/t05_cmpy_rotate_18x18.vhd" into library xil_defaultlib
INFO: [VRFC 10-3107] analyzing entity 't05_cmpy_rotate_18x18'
INFO: [VRFC 10-163] Analyzing VHDL file "D:/008_MA_Dev/Sync_SFO/work/FN01/project/ip/config/t06_dds_phase_s32_sincos18/sim/t06_dds_phase_s32_sincos18.vhd" into library xil_defaultlib
INFO: [VRFC 10-3107] analyzing entity 't06_dds_phase_s32_sincos18'
INFO: [VRFC 10-163] Analyzing VHDL file "D:/008_MA_Dev/Sync_SFO/work/FN01/project/ip/config/t05_mult_cfo_s19_const40_full59/sim/t05_mult_cfo_s19_const40_full59.vhd" into library xil_defaultlib
INFO: [VRFC 10-3107] analyzing entity 't05_mult_cfo_s19_const40_full59'
run_program: Time (s): cpu = 00:00:00 ; elapsed = 00:00:15 . Memory (MB): peak = 1129.855 ; gain = 0.000
INFO: [USF-XSim-69] 'compile' step finished in '15' seconds
launch_simulation: Time (s): cpu = 00:00:01 ; elapsed = 00:00:20 . Memory (MB): peak = 1129.855 ; gain = 0.000
SFO_FN01_STAGE COMPILE_COMMAND_COMPLETED
Command: launch_simulation -simset sim_1 -mode behavioral
INFO: [Vivado 12-12493] Simulation top is 'sync_sfo_full_frame_tb'
INFO: [Vivado 12-5698] Checking validity of IPs in the design for the 'XSim' simulator...
INFO: [Runs 36-567] Checking/generating simulation output products for IPs/BDs (if any)...
INFO: [Vivado 12-5682] Launching behavioral simulation in 'D:/008_MA_Dev/Sync_SFO/work/FN01/project/Sync_SFO.sim/sim_1/behav/xsim'
INFO: [Vivado 12-4795] Using compiled simulation libraries for IPs
INFO: [USF-XSim-3] XSim::Elaborate design
INFO: [USF-XSim-61] Executing 'ELABORATE' step in 'D:/008_MA_Dev/Sync_SFO/work/FN01/project/Sync_SFO.sim/sim_1/behav/xsim'
"xelab -wto e5ffb644d27d4a329463daf932bffb67 --incr --debug typical --relax --mt 16 -L xil_defaultlib -L xbip_utils_v3_0_10 -L axi_utils_v2_0_6 -L fir_compiler_v7_2_16 -L xbip_pipe_v3_0_6 -L xbip_bram18k_v3_0_6 -L mult_gen_v12_0_17 -L c_reg_fd_v12_0_6 -L xbip_dsp48_wrapper_v3_0_4 -L xbip_dsp48_addsub_v3_0_6 -L xbip_addsub_v3_0_6 -L c_addsub_v12_0_14 -L c_mux_bit_v12_0_6 -L c_shift_ram_v12_0_14 -L cmpy_v6_0_20 -L floating_point_v7_0_19 -L xfft_v9_1_6 -L xbip_dsp48_mult_v3_0_6 -L xbip_dsp48_multadd_v3_0_6 -L div_gen_v5_1_18 -L cordic_v6_0_17 -L dds_compiler_v6_0_21 -L uvm -L unisims_ver -L unimacro_ver -L secureip -L xpm --snapshot sync_sfo_full_frame_tb_behav xil_defaultlib.sync_sfo_full_frame_tb xil_defaultlib.glbl -log elaborate.log"
Vivado Simulator v2021.1
Copyright 1986-1999, 2001-2021 Xilinx, Inc. All Rights Reserved.
Running: C:/NIFPGA/programs/Vivado2021_1/bin/unwrapped/win64.o/xelab.exe -wto e5ffb644d27d4a329463daf932bffb67 --incr --debug typical --relax --mt 16 -L xil_defaultlib -L xbip_utils_v3_0_10 -L axi_utils_v2_0_6 -L fir_compiler_v7_2_16 -L xbip_pipe_v3_0_6 -L xbip_bram18k_v3_0_6 -L mult_gen_v12_0_17 -L c_reg_fd_v12_0_6 -L xbip_dsp48_wrapper_v3_0_4 -L xbip_dsp48_addsub_v3_0_6 -L xbip_addsub_v3_0_6 -L c_addsub_v12_0_14 -L c_mux_bit_v12_0_6 -L c_shift_ram_v12_0_14 -L cmpy_v6_0_20 -L floating_point_v7_0_19 -L xfft_v9_1_6 -L xbip_dsp48_mult_v3_0_6 -L xbip_dsp48_multadd_v3_0_6 -L div_gen_v5_1_18 -L cordic_v6_0_17 -L dds_compiler_v6_0_21 -L uvm -L unisims_ver -L unimacro_ver -L secureip -L xpm --snapshot sync_sfo_full_frame_tb_behav xil_defaultlib.sync_sfo_full_frame_tb xil_defaultlib.glbl -log elaborate.log 
Using 16 slave threads.
Starting static elaboration
Pass Through NonSizing Optimizer
WARNING: [VRFC 10-5021] port 'm_axis_data_tuser' is not connected on this instance [D:/008_MA_Dev/Sync_SFO/work/FN01/project/rtl/fft_service/sfo_initial_fft_service.sv:162]
Completed static elaboration
Starting simulation data flow analysis
WARNING: [XSIM 43-3980] File "D:/008_MA_Dev/Sync_SFO/work/FN01/project/sim/tb/sync_sfo_full_frame_tb.sv" Line 36 : The SystemVerilog feature ": Sensitivity on Associative Array" is not supported yet for simulation.
Completed simulation data flow analysis
Time Resolution for simulation is 1ps
Compiling package std.standard
Compiling package std.textio
Compiling package ieee.std_logic_1164
Compiling package ieee.numeric_std
Compiling package mult_gen_v12_0_17.mult_gen_v12_0_17_viv_comp
Compiling package xbip_utils_v3_0_10.xbip_utils_v3_0_10_pkg
Compiling package mult_gen_v12_0_17.mult_gen_v12_0_17_pkg
Compiling package ieee.std_logic_arith
Compiling package ieee.std_logic_signed
Compiling package unisim.vcomponents
Compiling package mult_gen_v12_0_17.dsp_pkg
Compiling package ieee.vital_timing
Compiling package ieee.vital_primitives
Compiling package unisim.vpkg
Compiling package xbip_utils_v3_0_10.xcc_utils_v3_0
Compiling package dds_compiler_v6_0_21.dds_compiler_v6_0_21_viv_comp
Compiling package dds_compiler_v6_0_21.pkg_dds_compiler_v6_0_21
Compiling package dds_compiler_v6_0_21.dds_compiler_v6_0_21_hdl_comps
Compiling package xbip_pipe_v3_0_6.xbip_pipe_v3_0_6_viv_comp
Compiling package axi_utils_v2_0_6.axi_utils_v2_0_6_pkg
Compiling package ieee.math_real
Compiling package axi_utils_v2_0_6.global_util_pkg
Compiling package axi_utils_v2_0_6.axi_utils_comps
Compiling package ieee.std_logic_unsigned
Compiling package dds_compiler_v6_0_21.pkg_betas
Compiling package dds_compiler_v6_0_21.pkg_alphas
Compiling package xbip_dsp48_multadd_v3_0_6.xbip_dsp48_multadd_v3_0_6_viv_co...
Compiling package xbip_dsp48_multadd_v3_0_6.xbip_dsp48_multadd_v3_0_6_pkg
Compiling package cmpy_v6_0_20.cmpy_v6_0_20_viv_comp
Compiling package cmpy_v6_0_20.cmpy_v6_0_20_pkg
Compiling package div_gen_v5_1_18.div_gen_v5_1_18_viv_comp
Compiling package xbip_bram18k_v3_0_6.xbip_bram18k_v3_0_6_pkg
Compiling package div_gen_v5_1_18.div_gen_pkg
Compiling package div_gen_v5_1_18.pkg_addsub
Compiling package cordic_v6_0_17.cordic_v6_0_17_viv_comp
Compiling package cordic_v6_0_17.cordic_pack
Compiling package cordic_v6_0_17.cordic_hdl_comps
Compiling package c_addsub_v12_0_14.c_addsub_v12_0_14_viv_comp
Compiling package xbip_addsub_v3_0_6.xbip_addsub_v3_0_6_viv_comp
Compiling package c_addsub_v12_0_14.c_addsub_v12_0_14_pkg
Compiling package c_addsub_v12_0_14.c_addsub_v12_0_14_pkg_legacy
Compiling package c_reg_fd_v12_0_6.c_reg_fd_v12_0_6_viv_comp
Compiling package xfft_v9_1_6.xfft_v9_1_6_viv_comp
Compiling package floating_point_v7_0_19.floating_point_v7_0_19_consts
Compiling package floating_point_v7_0_19.floating_point_v7_0_19_exp_table...
Compiling package floating_point_v7_0_19.floating_point_v7_0_19_pkg
Compiling package xfft_v9_1_6.pkg
Compiling package xfft_v9_1_6.xfft_v9_1_6_axi_pkg
Compiling package c_shift_ram_v12_0_14.c_shift_ram_v12_0_14_pkg
Compiling package c_mux_bit_v12_0_6.c_mux_bit_v12_0_6_viv_comp
Compiling package xpm.vcomponents
Compiling package ieee.std_logic_textio
Compiling package xfft_v9_1_6.quarter_sin_tw_table
Compiling package xfft_v9_1_6.half_sincos_tw_table
Compiling package xfft_v9_1_6.quarter2_sin_tw_table
Compiling package fir_compiler_v7_2_16.fir_compiler_v7_2_16_viv_comp
Compiling package fir_compiler_v7_2_16.globals_pkg
Compiling package fir_compiler_v7_2_16.components
Compiling package xil_defaultlib.sfo_stream_pkg
Compiling module xil_defaultlib.xpm_fifo_rst(SIM_ASSERT_CHK=1)
Compiling module xil_defaultlib.xpm_fifo_reg_bit
Compiling module xil_defaultlib.xpm_counter_updn(COUNTER_WIDTH=6...
Compiling module xil_defaultlib.xpm_counter_updn(COUNTER_WIDTH=5...
Compiling module xil_defaultlib.xpm_memory_base(MEMORY_TYPE=1,ME...
Compiling module xil_defaultlib.xpm_counter_updn(COUNTER_WIDTH=2...
Compiling module xil_defaultlib.sfo_fifo_history_observer
Compiling module xil_defaultlib.xpm_fifo_base(FIFO_MEMORY_TYPE=2...
Compiling module xil_defaultlib.xpm_fifo_sync(FIFO_MEMORY_TYPE="...
Compiling module xil_defaultlib.sfo_sync_fifo(WIDTH=32'b01011110...
Compiling module xil_defaultlib.xpm_memory_base(MEMORY_TYPE=1,ME...
Compiling module xil_defaultlib.xpm_fifo_base(FIFO_MEMORY_TYPE=2...
Compiling module xil_defaultlib.xpm_fifo_sync(FIFO_MEMORY_TYPE="...
Compiling module xil_defaultlib.sfo_sync_fifo(WIDTH=32'b01100000...
Compiling module xil_defaultlib.sfo_initial_frame_context_join_d...
Compiling module xil_defaultlib.xpm_memory_base(MEMORY_TYPE=1,ME...
Compiling module xil_defaultlib.xpm_memory_sdpram(MEMORY_SIZE=66...
Compiling module xil_defaultlib.sfo_training_capture_buffer(FIRS...
Compiling module xil_defaultlib.xpm_fifo_rst_default
Compiling module xil_defaultlib.xpm_counter_updn
Compiling module xil_defaultlib.xpm_memory_base(MEMORY_TYPE=1,ME...
Compiling module xil_defaultlib.xpm_fifo_base(FIFO_MEMORY_TYPE=1...
Compiling module xil_defaultlib.xpm_fifo_sync(FIFO_MEMORY_TYPE="...
Compiling module xil_defaultlib.sfo_initial_raw_reader_4lane(DEP...
Compiling module xil_defaultlib.sfo_initial_raw_reader_local_cap...
Compiling module xil_defaultlib.sfo_cfo_phase_increment
Compiling architecture xilinx of entity mult_gen_v12_0_17.delay_line [\delay_line(c_xdevicefamily="vir...]
Compiling architecture xilinx of entity mult_gen_v12_0_17.delay_line [\delay_line(c_xdevicefamily="vir...]
Compiling architecture xilinx of entity mult_gen_v12_0_17.delay_line [\delay_line(c_xdevicefamily="vir...]
Compiling architecture xilinx of entity mult_gen_v12_0_17.delay_line [\delay_line(c_xdevicefamily="vir...]
Compiling architecture dsp48e2_v of entity unisim.DSP48E2 [\DSP48E2(alumodereg=0,carryinreg...]
Compiling architecture srl16e_v of entity unisim.SRL16E [\SRL16E(0,15)\]
Compiling architecture fdre_v of entity unisim.FDRE [fdre_default]
Compiling architecture xilinx of entity mult_gen_v12_0_17.delay_line [\delay_line(c_xdevicefamily="vir...]
Compiling architecture xilinx of entity mult_gen_v12_0_17.delay_line [\delay_line(c_xdevicefamily="vir...]
Compiling architecture dsp48e2_v of entity unisim.DSP48E2 [\DSP48E2(a_input="CASCADE",bcasc...]
Compiling architecture xilinx of entity mult_gen_v12_0_17.delay_line [\delay_line(c_xdevicefamily="vir...]
Compiling architecture xilinx of entity mult_gen_v12_0_17.delay_line [\delay_line(c_xdevicefamily="vir...]
Compiling architecture xilinx of entity mult_gen_v12_0_17.op_resize [\op_resize(ai_width=19,bi_width=...]
Compiling architecture xilinx of entity mult_gen_v12_0_17.dsp [\dsp(c_xdevicefamily="virtexuplu...]
Compiling architecture xilinx of entity mult_gen_v12_0_17.mult_gen_v12_0_17_viv [\mult_gen_v12_0_17_viv(c_verbosi...]
Compiling architecture xilinx of entity mult_gen_v12_0_17.mult_gen_v12_0_17 [\mult_gen_v12_0_17(c_xdevicefami...]
Compiling architecture t05_mult_cfo_s19_const40_full59_arch of entity xil_defaultlib.t05_mult_cfo_s19_const40_full59 [t05_mult_cfo_s19_const40_full59_...]
Compiling module xil_defaultlib.sfo_cfo_scale_vendor_adapter
Compiling module xil_defaultlib.sfo_initial_ps3_ps10_job_sequenc...
Compiling architecture synth of entity xbip_pipe_v3_0_6.xbip_pipe_v3_0_6_viv [\xbip_pipe_v3_0_6_viv(c_latency=...]
Compiling architecture xilinx of entity axi_utils_v2_0_6.glb_srl_fifo [\glb_srl_fifo(width=65,has_uvpro...]
Compiling architecture xilinx of entity axi_utils_v2_0_6.glb_ifx_slave [\glb_ifx_slave(width=65,has_uvpr...]
Compiling architecture synth of entity xbip_pipe_v3_0_6.xbip_pipe_v3_0_6_viv [\xbip_pipe_v3_0_6_viv(c_latency=...]
Compiling architecture synth of entity xbip_pipe_v3_0_6.xbip_pipe_v3_0_6_viv [\xbip_pipe_v3_0_6_viv(c_latency=...]
Compiling architecture xilinx of entity axi_utils_v2_0_6.glb_srl_fifo [\glb_srl_fifo(width=69,has_uvpro...]
Compiling architecture xilinx of entity axi_utils_v2_0_6.glb_ifx_master [\glb_ifx_master(width=69,afull_t...]
Compiling architecture synth of entity xbip_pipe_v3_0_6.xbip_pipe_v3_0_6_viv [\xbip_pipe_v3_0_6_viv(c_latency=...]
Compiling architecture synth of entity dds_compiler_v6_0_21.dds_compiler_v6_0_21_rdy [\dds_compiler_v6_0_21_rdy(c_has_...]
Compiling architecture synth of entity xbip_pipe_v3_0_6.xbip_pipe_v3_0_6_viv [\xbip_pipe_v3_0_6_viv(c_latency=...]
Compiling architecture synth of entity xbip_pipe_v3_0_6.xbip_pipe_v3_0_6_viv [\xbip_pipe_v3_0_6_viv(c_has_ce=1...]
Compiling architecture synth of entity xbip_pipe_v3_0_6.xbip_pipe_v3_0_6_viv [\xbip_pipe_v3_0_6_viv(c_latency=...]
Compiling architecture synth of entity xbip_pipe_v3_0_6.xbip_pipe_v3_0_6_viv [\xbip_pipe_v3_0_6_viv(c_has_ce=1...]
Compiling architecture synth of entity xbip_pipe_v3_0_6.xbip_pipe_v3_0_6_viv [\xbip_pipe_v3_0_6_viv(c_has_ce=1...]
Compiling architecture synth of entity xbip_pipe_v3_0_6.xbip_pipe_v3_0_6_viv [\xbip_pipe_v3_0_6_viv(c_latency=...]
Compiling architecture synth of entity dds_compiler_v6_0_21.pipe_add [\pipe_add(c_width=32,c_num_segs=...]
Compiling architecture synth of entity dds_compiler_v6_0_21.accum [\accum(c_xdevicefamily="virtexup...]
Compiling architecture synth of entity xbip_pipe_v3_0_6.xbip_pipe_v3_0_6_viv [\xbip_pipe_v3_0_6_viv(c_latency=...]
Compiling architecture synth of entity xbip_pipe_v3_0_6.xbip_pipe_v3_0_6_viv [\xbip_pipe_v3_0_6_viv(c_latency=...]
Compiling architecture synth of entity xbip_pipe_v3_0_6.xbip_pipe_v3_0_6_viv [\xbip_pipe_v3_0_6_viv(c_has_ce=1...]
Compiling architecture synth of entity dds_compiler_v6_0_21.sin_cos [\sin_cos(c_xdevicefamily="virtex...]
Compiling architecture dsp48e2_v of entity unisim.DSP48E2 [\DSP48E2(adreg=0,carryinselreg=0...]
Compiling architecture synth of entity xbip_dsp48_wrapper_v3_0_4.xbip_dsp48e2_wrapper_v3_0 [\xbip_dsp48e2_wrapper_v3_0(areg=...]
Compiling architecture synth of entity xbip_dsp48_multadd_v3_0_6.xbip_dsp48_multadd_synth [\xbip_dsp48_multadd_synth(c_xdev...]
Compiling architecture synth of entity xbip_dsp48_multadd_v3_0_6.xbip_dsp48_multadd_v3_0_6_viv [\xbip_dsp48_multadd_v3_0_6_viv(c...]
Compiling architecture synth of entity xbip_pipe_v3_0_6.xbip_pipe_v3_0_6_viv [\xbip_pipe_v3_0_6_viv(c_latency=...]
Compiling architecture synth of entity dds_compiler_v6_0_21.dds_compiler_v6_0_21_eff [\dds_compiler_v6_0_21_eff(c_xdev...]
Compiling architecture synth of entity xbip_pipe_v3_0_6.xbip_pipe_v3_0_6_viv [\xbip_pipe_v3_0_6_viv(c_has_ce=1...]
Compiling architecture synth of entity dds_compiler_v6_0_21.dds_compiler_v6_0_21_core [\dds_compiler_v6_0_21_core(c_xde...]
Compiling architecture synth of entity dds_compiler_v6_0_21.dds_compiler_v6_0_21_viv [\dds_compiler_v6_0_21_viv(c_xdev...]
Compiling architecture xilinx of entity dds_compiler_v6_0_21.dds_compiler_v6_0_21 [\dds_compiler_v6_0_21(c_xdevicef...]
Compiling architecture t06_dds_phase_s32_sincos18_arch of entity xil_defaultlib.t06_dds_phase_s32_sincos18 [t06_dds_phase_s32_sincos18_defau...]
Compiling module xil_defaultlib.sfo_initial_dds_phase_4lane_defa...
Compiling architecture xilinx of entity cmpy_v6_0_20.delay_line [\delay_line(c_xdevicefamily="vir...]
Compiling architecture xilinx of entity cmpy_v6_0_20.delay_line [\delay_line(c_xdevicefamily="vir...]
Compiling architecture xilinx of entity cmpy_v6_0_20.delay_line [\delay_line(c_xdevicefamily="vir...]
Compiling architecture dsp48e2_v of entity unisim.DSP48E2 [\DSP48E2(adreg=0,alumodereg=0,ca...]
Compiling architecture dsp48e2_v of entity unisim.DSP48E2 [\DSP48E2(acascreg=2,adreg=0,alum...]
Compiling architecture xilinx of entity cmpy_v6_0_20.delay_line [\delay_line(c_xdevicefamily="vir...]
Compiling architecture xilinx of entity mult_gen_v12_0_17.op_resize [\op_resize(ai_width=18,bi_width=...]
Compiling architecture xilinx of entity cmpy_v6_0_20.cmpy_4_dsp48_mult [\cmpy_4_dsp48_mult(c_xdevicefami...]
Compiling architecture xilinx of entity cmpy_v6_0_20.cmpy_4_dsp48 [\cmpy_4_dsp48(c_xdevicefamily="v...]
Compiling architecture xilinx of entity cmpy_v6_0_20.cmpy_v6_0_20_synth [\cmpy_v6_0_20_synth(c_xdevicefam...]
Compiling architecture xilinx of entity cmpy_v6_0_20.cmpy_v6_0_20_viv [\cmpy_v6_0_20_viv(c_xdevicefamil...]
Compiling architecture xilinx of entity cmpy_v6_0_20.cmpy_v6_0_20 [\cmpy_v6_0_20(c_xdevicefamily="v...]
Compiling architecture t05_cmpy_rotate_18x18_arch of entity xil_defaultlib.t05_cmpy_rotate_18x18 [t05_cmpy_rotate_18x18_default]
Compiling module xil_defaultlib.xpm_memory_base(MEMORY_TYPE=1,ME...
Compiling module xil_defaultlib.xpm_fifo_base(FIFO_MEMORY_TYPE=2...
Compiling module xil_defaultlib.xpm_fifo_sync(FIFO_MEMORY_TYPE="...
Compiling module xil_defaultlib.sfo_initial_derotate_wide_4lane_...
Compiling architecture xilinx of entity mult_gen_v12_0_17.delay_line [\delay_line(c_xdevicefamily="vir...]
Compiling architecture xilinx of entity mult_gen_v12_0_17.delay_line [\delay_line(c_xdevicefamily="vir...]
Compiling architecture xilinx of entity mult_gen_v12_0_17.delay_line [\delay_line(c_xdevicefamily="vir...]
Compiling architecture dsp48e2_v of entity unisim.DSP48E2 [\DSP48E2(alumodereg=0,carryinreg...]
Compiling architecture xilinx of entity mult_gen_v12_0_17.delay_line [\delay_line(c_xdevicefamily="vir...]
Compiling architecture dsp48e2_v of entity unisim.DSP48E2 [\DSP48E2(acascreg=2,alumodereg=0...]
Compiling architecture xilinx of entity mult_gen_v12_0_17.delay_line [\delay_line(c_xdevicefamily="vir...]
Compiling architecture xilinx of entity mult_gen_v12_0_17.op_resize [\op_resize(ai_width=37,ai_type=1...]
Compiling architecture xilinx of entity mult_gen_v12_0_17.dsp [\dsp(c_xdevicefamily="virtexuplu...]
Compiling architecture xilinx of entity mult_gen_v12_0_17.mult_gen_v12_0_17_viv [\mult_gen_v12_0_17_viv(c_verbosi...]
Compiling architecture xilinx of entity mult_gen_v12_0_17.mult_gen_v12_0_17 [\mult_gen_v12_0_17(c_xdevicefami...]
Compiling architecture t06_sg_mult_u37_u16_arch of entity xil_defaultlib.t06_sg_mult_u37_u16 [t06_sg_mult_u37_u16_default]
Compiling architecture synth of entity xbip_pipe_v3_0_6.xbip_pipe_v3_0_6_viv [\xbip_pipe_v3_0_6_viv(c_latency=...]
Compiling architecture synth of entity xbip_pipe_v3_0_6.xbip_pipe_v3_0_6_viv [\xbip_pipe_v3_0_6_viv(c_latency=...]
Compiling architecture synth of entity xbip_pipe_v3_0_6.xbip_pipe_v3_0_6_viv [\xbip_pipe_v3_0_6_viv(c_latency=...]
Compiling architecture synth of entity xbip_pipe_v3_0_6.xbip_pipe_v3_0_6_viv [\xbip_pipe_v3_0_6_viv(c_latency=...]
Compiling architecture synth of entity xbip_pipe_v3_0_6.xbip_pipe_v3_0_6_viv [\xbip_pipe_v3_0_6_viv(c_latency=...]
Compiling architecture synth of entity xbip_pipe_v3_0_6.xbip_pipe_v3_0_6_viv [\xbip_pipe_v3_0_6_viv(c_latency=...]
Compiling architecture muxcy_v of entity unisim.MUXCY [muxcy_default]
Compiling architecture xorcy_v of entity unisim.XORCY [xorcy_default]
Compiling architecture rtl of entity div_gen_v5_1_18.c_addsub_lut6 [\c_addsub_lut6(c_width=38,c_add_...]
Compiling architecture synth of entity div_gen_v5_1_18.c_addsub_viv [\c_addsub_viv(c_a_width=38,c_b_w...]
Compiling architecture virtex of entity div_gen_v5_1_18.addsubreg_v [\addsubreg_v(c_bus_width=38,c_ai...]
Compiling architecture synth of entity xbip_pipe_v3_0_6.xbip_pipe_v3_0_6_viv [\xbip_pipe_v3_0_6_viv(c_latency=...]
Compiling architecture synth of entity xbip_pipe_v3_0_6.xbip_pipe_v3_0_6_viv [\xbip_pipe_v3_0_6_viv(c_latency=...]
Compiling architecture synth of entity xbip_pipe_v3_0_6.xbip_pipe_v3_0_6_viv [\xbip_pipe_v3_0_6_viv(c_latency=...]
Compiling architecture synth of entity xbip_pipe_v3_0_6.xbip_pipe_v3_0_6_viv [\xbip_pipe_v3_0_6_viv(c_latency=...]
Compiling architecture synth of entity xbip_pipe_v3_0_6.xbip_pipe_v3_0_6_viv [\xbip_pipe_v3_0_6_viv(c_latency=...]
Compiling architecture synth of entity xbip_pipe_v3_0_6.xbip_pipe_v3_0_6_viv [\xbip_pipe_v3_0_6_viv(c_latency=...]
Compiling architecture synth of entity xbip_pipe_v3_0_6.xbip_pipe_v3_0_6_viv [\xbip_pipe_v3_0_6_viv(c_latency=...]
Compiling architecture synth of entity xbip_pipe_v3_0_6.xbip_pipe_v3_0_6_viv [\xbip_pipe_v3_0_6_viv(c_latency=...]
Compiling architecture synth of entity xbip_pipe_v3_0_6.xbip_pipe_v3_0_6_viv [\xbip_pipe_v3_0_6_viv(c_latency=...]
Compiling architecture synth of entity xbip_pipe_v3_0_6.xbip_pipe_v3_0_6_viv [\xbip_pipe_v3_0_6_viv(c_latency=...]
Compiling architecture synth of entity xbip_pipe_v3_0_6.xbip_pipe_v3_0_6_viv [\xbip_pipe_v3_0_6_viv(c_latency=...]
Compiling architecture synth of entity xbip_pipe_v3_0_6.xbip_pipe_v3_0_6_viv [\xbip_pipe_v3_0_6_viv(c_latency=...]
Compiling architecture synth of entity xbip_pipe_v3_0_6.xbip_pipe_v3_0_6_viv [\xbip_pipe_v3_0_6_viv(c_latency=...]
Compiling architecture synth of entity xbip_pipe_v3_0_6.xbip_pipe_v3_0_6_viv [\xbip_pipe_v3_0_6_viv(c_latency=...]
Compiling architecture synth of entity xbip_pipe_v3_0_6.xbip_pipe_v3_0_6_viv [\xbip_pipe_v3_0_6_viv(c_latency=...]
Compiling architecture synth of entity xbip_pipe_v3_0_6.xbip_pipe_v3_0_6_viv [\xbip_pipe_v3_0_6_viv(c_latency=...]
Compiling architecture synth of entity xbip_pipe_v3_0_6.xbip_pipe_v3_0_6_viv [\xbip_pipe_v3_0_6_viv(c_latency=...]
Compiling architecture synth of entity xbip_pipe_v3_0_6.xbip_pipe_v3_0_6_viv [\xbip_pipe_v3_0_6_viv(c_latency=...]
Compiling architecture synth of entity xbip_pipe_v3_0_6.xbip_pipe_v3_0_6_viv [\xbip_pipe_v3_0_6_viv(c_latency=...]
Compiling architecture synth of entity xbip_pipe_v3_0_6.xbip_pipe_v3_0_6_viv [\xbip_pipe_v3_0_6_viv(c_latency=...]
Compiling architecture synth of entity xbip_pipe_v3_0_6.xbip_pipe_v3_0_6_viv [\xbip_pipe_v3_0_6_viv(c_latency=...]
Compiling architecture synth of entity xbip_pipe_v3_0_6.xbip_pipe_v3_0_6_viv [\xbip_pipe_v3_0_6_viv(c_latency=...]
Compiling architecture synth of entity xbip_pipe_v3_0_6.xbip_pipe_v3_0_6_viv [\xbip_pipe_v3_0_6_viv(c_latency=...]
Compiling architecture synth of entity xbip_pipe_v3_0_6.xbip_pipe_v3_0_6_viv [\xbip_pipe_v3_0_6_viv(c_latency=...]
Compiling architecture synth of entity xbip_pipe_v3_0_6.xbip_pipe_v3_0_6_viv [\xbip_pipe_v3_0_6_viv(c_latency=...]
Compiling architecture synth of entity xbip_pipe_v3_0_6.xbip_pipe_v3_0_6_viv [\xbip_pipe_v3_0_6_viv(c_latency=...]
Compiling architecture synth of entity xbip_pipe_v3_0_6.xbip_pipe_v3_0_6_viv [\xbip_pipe_v3_0_6_viv(c_latency=...]
Compiling architecture synth of entity xbip_pipe_v3_0_6.xbip_pipe_v3_0_6_viv [\xbip_pipe_v3_0_6_viv(c_latency=...]
Compiling architecture synth of entity xbip_pipe_v3_0_6.xbip_pipe_v3_0_6_viv [\xbip_pipe_v3_0_6_viv(c_latency=...]
Compiling architecture synth of entity xbip_pipe_v3_0_6.xbip_pipe_v3_0_6_viv [\xbip_pipe_v3_0_6_viv(c_latency=...]
Compiling architecture synth of entity xbip_pipe_v3_0_6.xbip_pipe_v3_0_6_viv [\xbip_pipe_v3_0_6_viv(c_latency=...]
Compiling architecture synth of entity xbip_pipe_v3_0_6.xbip_pipe_v3_0_6_viv [\xbip_pipe_v3_0_6_viv(c_latency=...]
Compiling architecture synth of entity xbip_pipe_v3_0_6.xbip_pipe_v3_0_6_viv [\xbip_pipe_v3_0_6_viv(c_latency=...]
Compiling architecture synth of entity xbip_pipe_v3_0_6.xbip_pipe_v3_0_6_viv [\xbip_pipe_v3_0_6_viv(c_latency=...]
Compiling architecture synth of entity xbip_pipe_v3_0_6.xbip_pipe_v3_0_6_viv [\xbip_pipe_v3_0_6_viv(c_latency=...]
Compiling architecture synth of entity xbip_pipe_v3_0_6.xbip_pipe_v3_0_6_viv [\xbip_pipe_v3_0_6_viv(c_latency=...]
Compiling architecture synth of entity xbip_pipe_v3_0_6.xbip_pipe_v3_0_6_viv [\xbip_pipe_v3_0_6_viv(c_latency=...]
Compiling architecture synth of entity xbip_pipe_v3_0_6.xbip_pipe_v3_0_6_viv [\xbip_pipe_v3_0_6_viv(c_latency=...]
Compiling architecture synth of entity xbip_pipe_v3_0_6.xbip_pipe_v3_0_6_viv [\xbip_pipe_v3_0_6_viv(c_latency=...]
Compiling architecture synth of entity xbip_pipe_v3_0_6.xbip_pipe_v3_0_6_viv [\xbip_pipe_v3_0_6_viv(c_latency=...]
Compiling architecture synth of entity xbip_pipe_v3_0_6.xbip_pipe_v3_0_6_viv [\xbip_pipe_v3_0_6_viv(c_latency=...]
Compiling architecture synth of entity xbip_pipe_v3_0_6.xbip_pipe_v3_0_6_viv [\xbip_pipe_v3_0_6_viv(c_latency=...]
Compiling architecture synth of entity xbip_pipe_v3_0_6.xbip_pipe_v3_0_6_viv [\xbip_pipe_v3_0_6_viv(c_latency=...]
Compiling architecture synth of entity xbip_pipe_v3_0_6.xbip_pipe_v3_0_6_viv [\xbip_pipe_v3_0_6_viv(c_latency=...]
Compiling architecture synth of entity xbip_pipe_v3_0_6.xbip_pipe_v3_0_6_viv [\xbip_pipe_v3_0_6_viv(c_latency=...]
Compiling architecture synth of entity xbip_pipe_v3_0_6.xbip_pipe_v3_0_6_viv [\xbip_pipe_v3_0_6_viv(c_latency=...]
Compiling architecture synth of entity xbip_pipe_v3_0_6.xbip_pipe_v3_0_6_viv [\xbip_pipe_v3_0_6_viv(c_latency=...]
Compiling architecture synth of entity xbip_pipe_v3_0_6.xbip_pipe_v3_0_6_viv [\xbip_pipe_v3_0_6_viv(c_latency=...]
Compiling architecture synth of entity xbip_pipe_v3_0_6.xbip_pipe_v3_0_6_viv [\xbip_pipe_v3_0_6_viv(c_latency=...]
Compiling architecture synth of entity xbip_pipe_v3_0_6.xbip_pipe_v3_0_6_viv [\xbip_pipe_v3_0_6_viv(c_latency=...]
Compiling architecture synth of entity xbip_pipe_v3_0_6.xbip_pipe_v3_0_6_viv [\xbip_pipe_v3_0_6_viv(c_latency=...]
Compiling architecture synth of entity xbip_pipe_v3_0_6.xbip_pipe_v3_0_6_viv [\xbip_pipe_v3_0_6_viv(c_latency=...]
Compiling architecture synth of entity xbip_pipe_v3_0_6.xbip_pipe_v3_0_6_viv [\xbip_pipe_v3_0_6_viv(c_latency=...]
Compiling architecture synth of entity xbip_pipe_v3_0_6.xbip_pipe_v3_0_6_viv [\xbip_pipe_v3_0_6_viv(c_latency=...]
Compiling architecture synth of entity xbip_pipe_v3_0_6.xbip_pipe_v3_0_6_viv [\xbip_pipe_v3_0_6_viv(c_latency=...]
Compiling architecture synth of entity xbip_pipe_v3_0_6.xbip_pipe_v3_0_6_viv [\xbip_pipe_v3_0_6_viv(c_latency=...]
Compiling architecture synth of entity xbip_pipe_v3_0_6.xbip_pipe_v3_0_6_viv [\xbip_pipe_v3_0_6_viv(c_latency=...]
Compiling architecture synth of entity xbip_pipe_v3_0_6.xbip_pipe_v3_0_6_viv [\xbip_pipe_v3_0_6_viv(c_latency=...]
Compiling architecture synth of entity xbip_pipe_v3_0_6.xbip_pipe_v3_0_6_viv [\xbip_pipe_v3_0_6_viv(c_latency=...]
Compiling architecture synth of entity xbip_pipe_v3_0_6.xbip_pipe_v3_0_6_viv [\xbip_pipe_v3_0_6_viv(c_latency=...]
Compiling architecture synth of entity xbip_pipe_v3_0_6.xbip_pipe_v3_0_6_viv [\xbip_pipe_v3_0_6_viv(c_latency=...]
Compiling architecture synth of entity xbip_pipe_v3_0_6.xbip_pipe_v3_0_6_viv [\xbip_pipe_v3_0_6_viv(c_latency=...]
Compiling architecture synth of entity xbip_pipe_v3_0_6.xbip_pipe_v3_0_6_viv [\xbip_pipe_v3_0_6_viv(c_latency=...]
Compiling architecture synth of entity xbip_pipe_v3_0_6.xbip_pipe_v3_0_6_viv [\xbip_pipe_v3_0_6_viv(c_latency=...]
Compiling architecture synth of entity xbip_pipe_v3_0_6.xbip_pipe_v3_0_6_viv [\xbip_pipe_v3_0_6_viv(c_latency=...]
Compiling architecture synth of entity xbip_pipe_v3_0_6.xbip_pipe_v3_0_6_viv [\xbip_pipe_v3_0_6_viv(c_latency=...]
Compiling architecture synth of entity xbip_pipe_v3_0_6.xbip_pipe_v3_0_6_viv [\xbip_pipe_v3_0_6_viv(c_latency=...]
Compiling architecture synth of entity xbip_pipe_v3_0_6.xbip_pipe_v3_0_6_viv [\xbip_pipe_v3_0_6_viv(c_latency=...]
Compiling architecture synth of entity xbip_pipe_v3_0_6.xbip_pipe_v3_0_6_viv [\xbip_pipe_v3_0_6_viv(c_latency=...]
Compiling architecture synth of entity xbip_pipe_v3_0_6.xbip_pipe_v3_0_6_viv [\xbip_pipe_v3_0_6_viv(c_latency=...]
Compiling architecture synth of entity xbip_pipe_v3_0_6.xbip_pipe_v3_0_6_viv [\xbip_pipe_v3_0_6_viv(c_latency=...]
Compiling architecture synth of entity xbip_pipe_v3_0_6.xbip_pipe_v3_0_6_viv [\xbip_pipe_v3_0_6_viv(c_latency=...]
Compiling architecture synth of entity xbip_pipe_v3_0_6.xbip_pipe_v3_0_6_viv [\xbip_pipe_v3_0_6_viv(c_latency=...]
Compiling architecture synth of entity xbip_pipe_v3_0_6.xbip_pipe_v3_0_6_viv [\xbip_pipe_v3_0_6_viv(c_latency=...]
Compiling architecture synth of entity xbip_pipe_v3_0_6.xbip_pipe_v3_0_6_viv [\xbip_pipe_v3_0_6_viv(c_latency=...]
Compiling architecture synth of entity xbip_pipe_v3_0_6.xbip_pipe_v3_0_6_viv [\xbip_pipe_v3_0_6_viv(c_latency=...]
Compiling architecture synth of entity xbip_pipe_v3_0_6.xbip_pipe_v3_0_6_viv [\xbip_pipe_v3_0_6_viv(c_latency=...]
Compiling architecture synth of entity xbip_pipe_v3_0_6.xbip_pipe_v3_0_6_viv [\xbip_pipe_v3_0_6_viv(c_latency=...]
Compiling architecture synth of entity xbip_pipe_v3_0_6.xbip_pipe_v3_0_6_viv [\xbip_pipe_v3_0_6_viv(c_latency=...]
Compiling architecture synth of entity xbip_pipe_v3_0_6.xbip_pipe_v3_0_6_viv [\xbip_pipe_v3_0_6_viv(c_latency=...]
Compiling architecture synth of entity xbip_pipe_v3_0_6.xbip_pipe_v3_0_6_viv [\xbip_pipe_v3_0_6_viv(c_latency=...]
Compiling architecture synth of entity xbip_pipe_v3_0_6.xbip_pipe_v3_0_6_viv [\xbip_pipe_v3_0_6_viv(c_latency=...]
Compiling architecture synth of entity xbip_pipe_v3_0_6.xbip_pipe_v3_0_6_viv [\xbip_pipe_v3_0_6_viv(c_latency=...]
Compiling architecture synth of entity xbip_pipe_v3_0_6.xbip_pipe_v3_0_6_viv [\xbip_pipe_v3_0_6_viv(c_latency=...]
Compiling architecture synth of entity xbip_pipe_v3_0_6.xbip_pipe_v3_0_6_viv [\xbip_pipe_v3_0_6_viv(c_latency=...]
Compiling architecture synth of entity xbip_pipe_v3_0_6.xbip_pipe_v3_0_6_viv [\xbip_pipe_v3_0_6_viv(c_latency=...]
Compiling architecture synth of entity xbip_pipe_v3_0_6.xbip_pipe_v3_0_6_viv [\xbip_pipe_v3_0_6_viv(c_latency=...]
Compiling architecture synth of entity xbip_pipe_v3_0_6.xbip_pipe_v3_0_6_viv [\xbip_pipe_v3_0_6_viv(c_latency=...]
Compiling architecture synth of entity xbip_pipe_v3_0_6.xbip_pipe_v3_0_6_viv [\xbip_pipe_v3_0_6_viv(c_latency=...]
Compiling architecture synth of entity xbip_pipe_v3_0_6.xbip_pipe_v3_0_6_viv [\xbip_pipe_v3_0_6_viv(c_latency=...]
Compiling architecture synth of entity xbip_pipe_v3_0_6.xbip_pipe_v3_0_6_viv [\xbip_pipe_v3_0_6_viv(c_latency=...]
Compiling architecture synth of entity xbip_pipe_v3_0_6.xbip_pipe_v3_0_6_viv [\xbip_pipe_v3_0_6_viv(c_latency=...]
Compiling architecture synth of entity xbip_pipe_v3_0_6.xbip_pipe_v3_0_6_viv [\xbip_pipe_v3_0_6_viv(c_latency=...]
Compiling architecture synth of entity xbip_pipe_v3_0_6.xbip_pipe_v3_0_6_viv [\xbip_pipe_v3_0_6_viv(c_latency=...]
Compiling architecture synth of entity xbip_pipe_v3_0_6.xbip_pipe_v3_0_6_viv [\xbip_pipe_v3_0_6_viv(c_latency=...]
Compiling architecture synth of entity xbip_pipe_v3_0_6.xbip_pipe_v3_0_6_viv [\xbip_pipe_v3_0_6_viv(c_latency=...]
Compiling architecture synth of entity xbip_pipe_v3_0_6.xbip_pipe_v3_0_6_viv [\xbip_pipe_v3_0_6_viv(c_latency=...]
Compiling architecture synth of entity xbip_pipe_v3_0_6.xbip_pipe_v3_0_6_viv [\xbip_pipe_v3_0_6_viv(c_latency=...]
Compiling architecture synth of entity xbip_pipe_v3_0_6.xbip_pipe_v3_0_6_viv [\xbip_pipe_v3_0_6_viv(c_latency=...]
Compiling architecture synth of entity xbip_pipe_v3_0_6.xbip_pipe_v3_0_6_viv [\xbip_pipe_v3_0_6_viv(c_latency=...]
Compiling architecture synth of entity xbip_pipe_v3_0_6.xbip_pipe_v3_0_6_viv [\xbip_pipe_v3_0_6_viv(c_latency=...]
Compiling architecture rtl of entity div_gen_v5_1_18.c_addsub_lut6 [\c_addsub_lut6(c_width=38,c_add_...]
Compiling architecture synth of entity div_gen_v5_1_18.c_addsub_viv [\c_addsub_viv(c_a_width=38,c_b_w...]
Compiling architecture virtex of entity div_gen_v5_1_18.addsubreg_v [\addsubreg_v(c_bus_width=38,c_ha...]
Compiling architecture virtex of entity div_gen_v5_1_18.dividervdc_v [\dividervdc_v(bus_num=53,bus_div...]
Compiling architecture synth of entity div_gen_v5_1_18.bip_sdivider_synth [\bip_sdivider_synth(c_xdevicefam...]
Compiling architecture synth of entity div_gen_v5_1_18.div_gen_synth [\div_gen_synth(c_xdevicefamily="...]
Compiling architecture synth of entity xbip_pipe_v3_0_6.xbip_pipe_v3_0_6_viv [\xbip_pipe_v3_0_6_viv(c_latency=...]
Compiling architecture synth of entity div_gen_v5_1_18.div_gen_v5_1_18_viv [\div_gen_v5_1_18_viv(c_xdevicefa...]
Compiling architecture xilinx of entity div_gen_v5_1_18.div_gen_v5_1_18 [\div_gen_v5_1_18(c_xdevicefamily...]
Compiling architecture t06_sg_div_u53_u37_arch of entity xil_defaultlib.t06_sg_div_u53_u37 [t06_sg_div_u53_u37_default]
Compiling module xil_defaultlib.sfo_initial_shared_gain_s16_lane
Compiling module xil_defaultlib.sfo_initial_shared_gain_s16_4lan...
Compiling module xil_defaultlib.xpm_memory_base(MEMORY_TYPE=1,ME...
Compiling module xil_defaultlib.xpm_fifo_base(FIFO_MEMORY_TYPE=2...
Compiling module xil_defaultlib.xpm_fifo_sync(FIFO_MEMORY_TYPE="...
Compiling module xil_defaultlib.sfo_initial_cfo_derotate_s16_4la...
Compiling module xil_defaultlib.sfo_initial_raw_to_fft_frontend
Compiling module xil_defaultlib.xpm_memory_base(MEMORY_TYPE=1,ME...
Compiling module xil_defaultlib.xpm_memory_sdpram(MEMORY_SIZE=65...
Compiling module xil_defaultlib.sfo_initial_fft_pair_extractor_m...
Compiling module xil_defaultlib.xpm_counter_updn(COUNTER_WIDTH=1...
Compiling module xil_defaultlib.xpm_counter_updn(COUNTER_WIDTH=9...
Compiling module xil_defaultlib.xpm_counter_updn(COUNTER_WIDTH=1...
Compiling module xil_defaultlib.xpm_memory_base(MEMORY_TYPE=1,ME...
Compiling module xil_defaultlib.xpm_fifo_base(FIFO_MEMORY_TYPE=2...
Compiling module xil_defaultlib.xpm_fifo_sync(FIFO_MEMORY_TYPE="...
Compiling module xil_defaultlib.sfo_initial_fft_pair_extractor_f...
Compiling module xil_defaultlib.sfo_initial_fft_pair_extractor
Compiling architecture xilinx of entity mult_gen_v12_0_17.op_resize [\op_resize(ai_width=17,ao_width=...]
Compiling architecture xilinx of entity cmpy_v6_0_20.cmpy_4_dsp48_mult [\cmpy_4_dsp48_mult(c_xdevicefami...]
Compiling architecture xilinx of entity cmpy_v6_0_20.cmpy_4_dsp48 [\cmpy_4_dsp48(c_xdevicefamily="v...]
Compiling architecture xilinx of entity cmpy_v6_0_20.cmpy_v6_0_20_synth [\cmpy_v6_0_20_synth(c_xdevicefam...]
Compiling architecture xilinx of entity cmpy_v6_0_20.cmpy_v6_0_20_viv [\cmpy_v6_0_20_viv(c_xdevicefamil...]
Compiling architecture xilinx of entity cmpy_v6_0_20.cmpy_v6_0_20 [\cmpy_v6_0_20(c_xdevicefamily="v...]
Compiling architecture t04_cmpy_17x16_arch of entity xil_defaultlib.t04_cmpy_17x16 [t04_cmpy_17x16_default]
Compiling module xil_defaultlib.xpm_memory_base(MEMORY_TYPE=1,ME...
Compiling module xil_defaultlib.xpm_fifo_base(FIFO_MEMORY_TYPE=2...
Compiling module xil_defaultlib.xpm_fifo_sync(FIFO_MEMORY_TYPE="...
Compiling module xil_defaultlib.sfo_initial_pair_phasor_bfp
Compiling module xil_defaultlib.xpm_fifo_base(FIFO_MEMORY_TYPE=2...
Compiling module xil_defaultlib.xpm_fifo_sync(FIFO_MEMORY_TYPE="...
Compiling module xil_defaultlib.sfo_initial_observation_engine_f...
Compiling architecture synth of entity xbip_pipe_v3_0_6.xbip_pipe_v3_0_6_viv [\xbip_pipe_v3_0_6_viv(c_latency=...]
Compiling architecture structural of entity c_reg_fd_v12_0_6.c_reg_fd_v12_0_6_viv [\c_reg_fd_v12_0_6_viv(c_width=56...]
Compiling architecture rtl of entity c_addsub_v12_0_14.c_addsub_v12_0_14_lut6_legacy [\c_addsub_v12_0_14_lut6_legacy(c...]
Compiling architecture synth of entity c_addsub_v12_0_14.c_addsub_v12_0_14_fabric_legacy [\c_addsub_v12_0_14_fabric_legacy...]
Compiling architecture synth of entity c_addsub_v12_0_14.c_addsub_v12_0_14_legacy [\c_addsub_v12_0_14_legacy(c_fami...]
Compiling architecture synth of entity c_addsub_v12_0_14.c_addsub_v12_0_14_viv [\c_addsub_v12_0_14_viv(c_xdevice...]
Compiling architecture synth of entity cordic_v6_0_17.addsub [\addsub(family="virtexuplus",add...]
Compiling architecture rtl of entity c_addsub_v12_0_14.c_addsub_v12_0_14_lut6_legacy [\c_addsub_v12_0_14_lut6_legacy(c...]
Compiling architecture synth of entity c_addsub_v12_0_14.c_addsub_v12_0_14_fabric_legacy [\c_addsub_v12_0_14_fabric_legacy...]
Compiling architecture synth of entity c_addsub_v12_0_14.c_addsub_v12_0_14_legacy [\c_addsub_v12_0_14_legacy(c_fami...]
Compiling architecture synth of entity c_addsub_v12_0_14.c_addsub_v12_0_14_viv [\c_addsub_v12_0_14_viv(c_xdevice...]
Compiling architecture synth of entity cordic_v6_0_17.addsub [\addsub(family="virtexuplus",add...]
Compiling architecture struct_all of entity cordic_v6_0_17.delay [\delay(delay_len=1,family="virte...]
Compiling architecture structural of entity c_reg_fd_v12_0_6.c_reg_fd_v12_0_6_viv [\c_reg_fd_v12_0_6_viv(c_width=55...]
Compiling architecture rtl of entity c_addsub_v12_0_14.c_addsub_v12_0_14_lut6_legacy [\c_addsub_v12_0_14_lut6_legacy(c...]
Compiling architecture synth of entity c_addsub_v12_0_14.c_addsub_v12_0_14_fabric_legacy [\c_addsub_v12_0_14_fabric_legacy...]
Compiling architecture synth of entity c_addsub_v12_0_14.c_addsub_v12_0_14_legacy [\c_addsub_v12_0_14_legacy(c_fami...]
Compiling architecture synth of entity c_addsub_v12_0_14.c_addsub_v12_0_14_viv [\c_addsub_v12_0_14_viv(c_xdevice...]
Compiling architecture synth of entity cordic_v6_0_17.addsub [\addsub(family="virtexuplus",add...]
Compiling architecture struct_all of entity cordic_v6_0_17.delay [\delay(delay_len=1,family="virte...]
Compiling architecture struct_all of entity cordic_v6_0_17.delay_bit [\delay_bit(delay_len=2,family="v...]
Compiling architecture synth of entity cordic_v6_0_17.cordic_inp_config [\cordic_inp_config(p_xdevicefami...]
Compiling architecture synth of entity cordic_v6_0_17.cordic_dat_acc_slice_par [\cordic_dat_acc_slice_par(p_xdev...]
Compiling architecture synth of entity cordic_v6_0_17.cordic_pha_acc_slice_par [\cordic_pha_acc_slice_par(p_xdev...]
Compiling architecture struct_all of entity cordic_v6_0_17.delay [\delay(delay_len=1,family="virte...]
Compiling architecture struct_all of entity cordic_v6_0_17.delay_bit [\delay_bit(delay_len=1,family="v...]
Compiling architecture synth of entity cordic_v6_0_17.cordic_ctrl_slice_par [\cordic_ctrl_slice_par(p_xdevice...]
Compiling architecture synth of entity cordic_v6_0_17.cordic_eng_slice_par [\cordic_eng_slice_par(p_xdevicef...]
Compiling architecture synth of entity cordic_v6_0_17.cordic_dat_acc_slice_par [\cordic_dat_acc_slice_par(p_xdev...]
Compiling architecture synth of entity cordic_v6_0_17.cordic_eng_slice_par [\cordic_eng_slice_par(p_xdevicef...]
Compiling architecture synth of entity cordic_v6_0_17.cordic_dat_acc_slice_par [\cordic_dat_acc_slice_par(p_xdev...]
Compiling architecture synth of entity cordic_v6_0_17.cordic_eng_slice_par [\cordic_eng_slice_par(p_xdevicef...]
Compiling architecture synth of entity cordic_v6_0_17.cordic_dat_acc_slice_par [\cordic_dat_acc_slice_par(p_xdev...]
Compiling architecture synth of entity cordic_v6_0_17.cordic_eng_slice_par [\cordic_eng_slice_par(p_xdevicef...]
Compiling architecture synth of entity cordic_v6_0_17.cordic_dat_acc_slice_par [\cordic_dat_acc_slice_par(p_xdev...]
Compiling architecture synth of entity cordic_v6_0_17.cordic_eng_slice_par [\cordic_eng_slice_par(p_xdevicef...]
Compiling architecture synth of entity cordic_v6_0_17.cordic_dat_acc_slice_par [\cordic_dat_acc_slice_par(p_xdev...]
Compiling architecture synth of entity cordic_v6_0_17.cordic_eng_slice_par [\cordic_eng_slice_par(p_xdevicef...]
Compiling architecture synth of entity cordic_v6_0_17.cordic_dat_acc_slice_par [\cordic_dat_acc_slice_par(p_xdev...]
Compiling architecture synth of entity cordic_v6_0_17.cordic_eng_slice_par [\cordic_eng_slice_par(p_xdevicef...]
Compiling architecture synth of entity cordic_v6_0_17.cordic_dat_acc_slice_par [\cordic_dat_acc_slice_par(p_xdev...]
Compiling architecture synth of entity cordic_v6_0_17.cordic_eng_slice_par [\cordic_eng_slice_par(p_xdevicef...]
Compiling architecture synth of entity cordic_v6_0_17.cordic_dat_acc_slice_par [\cordic_dat_acc_slice_par(p_xdev...]
Compiling architecture synth of entity cordic_v6_0_17.cordic_eng_slice_par [\cordic_eng_slice_par(p_xdevicef...]
Compiling architecture synth of entity cordic_v6_0_17.cordic_dat_acc_slice_par [\cordic_dat_acc_slice_par(p_xdev...]
Compiling architecture synth of entity cordic_v6_0_17.cordic_eng_slice_par [\cordic_eng_slice_par(p_xdevicef...]
Compiling architecture synth of entity cordic_v6_0_17.cordic_dat_acc_slice_par [\cordic_dat_acc_slice_par(p_xdev...]
Compiling architecture synth of entity cordic_v6_0_17.cordic_eng_slice_par [\cordic_eng_slice_par(p_xdevicef...]
Compiling architecture synth of entity cordic_v6_0_17.cordic_dat_acc_slice_par [\cordic_dat_acc_slice_par(p_xdev...]
Compiling architecture synth of entity cordic_v6_0_17.cordic_eng_slice_par [\cordic_eng_slice_par(p_xdevicef...]
Compiling architecture synth of entity cordic_v6_0_17.cordic_dat_acc_slice_par [\cordic_dat_acc_slice_par(p_xdev...]
Compiling architecture synth of entity cordic_v6_0_17.cordic_eng_slice_par [\cordic_eng_slice_par(p_xdevicef...]
Compiling architecture synth of entity cordic_v6_0_17.cordic_dat_acc_slice_par [\cordic_dat_acc_slice_par(p_xdev...]
Compiling architecture synth of entity cordic_v6_0_17.cordic_eng_slice_par [\cordic_eng_slice_par(p_xdevicef...]
Compiling architecture synth of entity cordic_v6_0_17.cordic_dat_acc_slice_par [\cordic_dat_acc_slice_par(p_xdev...]
Compiling architecture synth of entity cordic_v6_0_17.cordic_eng_slice_par [\cordic_eng_slice_par(p_xdevicef...]
Compiling architecture synth of entity cordic_v6_0_17.cordic_dat_acc_slice_par [\cordic_dat_acc_slice_par(p_xdev...]
Compiling architecture synth of entity cordic_v6_0_17.cordic_eng_slice_par [\cordic_eng_slice_par(p_xdevicef...]
Compiling architecture synth of entity cordic_v6_0_17.cordic_dat_acc_slice_par [\cordic_dat_acc_slice_par(p_xdev...]
Compiling architecture synth of entity cordic_v6_0_17.cordic_eng_slice_par [\cordic_eng_slice_par(p_xdevicef...]
Compiling architecture synth of entity cordic_v6_0_17.cordic_dat_acc_slice_par [\cordic_dat_acc_slice_par(p_xdev...]
Compiling architecture synth of entity cordic_v6_0_17.cordic_eng_slice_par [\cordic_eng_slice_par(p_xdevicef...]
Compiling architecture synth of entity cordic_v6_0_17.cordic_dat_acc_slice_par [\cordic_dat_acc_slice_par(p_xdev...]
Compiling architecture synth of entity cordic_v6_0_17.cordic_eng_slice_par [\cordic_eng_slice_par(p_xdevicef...]
Compiling architecture synth of entity cordic_v6_0_17.cordic_dat_acc_slice_par [\cordic_dat_acc_slice_par(p_xdev...]
Compiling architecture synth of entity cordic_v6_0_17.cordic_eng_slice_par [\cordic_eng_slice_par(p_xdevicef...]
Compiling architecture synth of entity cordic_v6_0_17.cordic_dat_acc_slice_par [\cordic_dat_acc_slice_par(p_xdev...]
Compiling architecture synth of entity cordic_v6_0_17.cordic_eng_slice_par [\cordic_eng_slice_par(p_xdevicef...]
Compiling architecture synth of entity cordic_v6_0_17.cordic_dat_acc_slice_par [\cordic_dat_acc_slice_par(p_xdev...]
Compiling architecture synth of entity cordic_v6_0_17.cordic_eng_slice_par [\cordic_eng_slice_par(p_xdevicef...]
Compiling architecture synth of entity cordic_v6_0_17.cordic_dat_acc_slice_par [\cordic_dat_acc_slice_par(p_xdev...]
Compiling architecture synth of entity cordic_v6_0_17.cordic_eng_slice_par [\cordic_eng_slice_par(p_xdevicef...]
Compiling architecture synth of entity cordic_v6_0_17.cordic_dat_acc_slice_par [\cordic_dat_acc_slice_par(p_xdev...]
Compiling architecture synth of entity cordic_v6_0_17.cordic_eng_slice_par [\cordic_eng_slice_par(p_xdevicef...]
Compiling architecture synth of entity cordic_v6_0_17.cordic_dat_acc_slice_par [\cordic_dat_acc_slice_par(p_xdev...]
Compiling architecture synth of entity cordic_v6_0_17.cordic_eng_slice_par [\cordic_eng_slice_par(p_xdevicef...]
Compiling architecture synth of entity cordic_v6_0_17.cordic_dat_acc_slice_par [\cordic_dat_acc_slice_par(p_xdev...]
Compiling architecture synth of entity cordic_v6_0_17.cordic_eng_slice_par [\cordic_eng_slice_par(p_xdevicef...]
Compiling architecture synth of entity cordic_v6_0_17.cordic_dat_acc_slice_par [\cordic_dat_acc_slice_par(p_xdev...]
Compiling architecture synth of entity cordic_v6_0_17.cordic_eng_slice_par [\cordic_eng_slice_par(p_xdevicef...]
Compiling architecture synth of entity cordic_v6_0_17.cordic_dat_acc_slice_par [\cordic_dat_acc_slice_par(p_xdev...]
Compiling architecture synth of entity cordic_v6_0_17.cordic_eng_slice_par [\cordic_eng_slice_par(p_xdevicef...]
Compiling architecture synth of entity cordic_v6_0_17.cordic_dat_acc_slice_par [\cordic_dat_acc_slice_par(p_xdev...]
Compiling architecture synth of entity cordic_v6_0_17.cordic_eng_slice_par [\cordic_eng_slice_par(p_xdevicef...]
Compiling architecture synth of entity cordic_v6_0_17.cordic_dat_acc_slice_par [\cordic_dat_acc_slice_par(p_xdev...]
Compiling architecture synth of entity cordic_v6_0_17.cordic_eng_slice_par [\cordic_eng_slice_par(p_xdevicef...]
Compiling architecture synth of entity cordic_v6_0_17.cordic_dat_acc_slice_par [\cordic_dat_acc_slice_par(p_xdev...]
Compiling architecture synth of entity cordic_v6_0_17.cordic_eng_slice_par [\cordic_eng_slice_par(p_xdevicef...]
Compiling architecture synth of entity cordic_v6_0_17.cordic_dat_acc_slice_par [\cordic_dat_acc_slice_par(p_xdev...]
Compiling architecture synth of entity cordic_v6_0_17.cordic_eng_slice_par [\cordic_eng_slice_par(p_xdevicef...]
Compiling architecture synth of entity cordic_v6_0_17.cordic_dat_acc_slice_par [\cordic_dat_acc_slice_par(p_xdev...]
Compiling architecture synth of entity cordic_v6_0_17.cordic_eng_slice_par [\cordic_eng_slice_par(p_xdevicef...]
Compiling architecture synth of entity cordic_v6_0_17.cordic_dat_acc_slice_par [\cordic_dat_acc_slice_par(p_xdev...]
Compiling architecture synth of entity cordic_v6_0_17.cordic_eng_slice_par [\cordic_eng_slice_par(p_xdevicef...]
Compiling architecture synth of entity cordic_v6_0_17.cordic_dat_acc_slice_par [\cordic_dat_acc_slice_par(p_xdev...]
Compiling architecture synth of entity cordic_v6_0_17.cordic_eng_slice_par [\cordic_eng_slice_par(p_xdevicef...]
Compiling architecture synth of entity cordic_v6_0_17.cordic_dat_acc_slice_par [\cordic_dat_acc_slice_par(p_xdev...]
Compiling architecture synth of entity cordic_v6_0_17.cordic_eng_slice_par [\cordic_eng_slice_par(p_xdevicef...]
Compiling architecture synth of entity cordic_v6_0_17.cordic_dat_acc_slice_par [\cordic_dat_acc_slice_par(p_xdev...]
Compiling architecture synth of entity cordic_v6_0_17.cordic_eng_slice_par [\cordic_eng_slice_par(p_xdevicef...]
Compiling architecture synth of entity cordic_v6_0_17.cordic_dat_acc_slice_par [\cordic_dat_acc_slice_par(p_xdev...]
Compiling architecture synth of entity cordic_v6_0_17.cordic_eng_slice_par [\cordic_eng_slice_par(p_xdevicef...]
Compiling architecture synth of entity cordic_v6_0_17.cordic_dat_acc_slice_par [\cordic_dat_acc_slice_par(p_xdev...]
Compiling architecture synth of entity cordic_v6_0_17.cordic_eng_slice_par [\cordic_eng_slice_par(p_xdevicef...]
Compiling architecture synth of entity cordic_v6_0_17.cordic_dat_acc_slice_par [\cordic_dat_acc_slice_par(p_xdev...]
Compiling architecture synth of entity cordic_v6_0_17.cordic_eng_slice_par [\cordic_eng_slice_par(p_xdevicef...]
Compiling architecture synth of entity cordic_v6_0_17.cordic_dat_acc_slice_par [\cordic_dat_acc_slice_par(p_xdev...]
Compiling architecture synth of entity cordic_v6_0_17.cordic_eng_slice_par [\cordic_eng_slice_par(p_xdevicef...]
Compiling architecture synth of entity cordic_v6_0_17.cordic_dat_acc_slice_par [\cordic_dat_acc_slice_par(p_xdev...]
Compiling architecture synth of entity cordic_v6_0_17.cordic_eng_slice_par [\cordic_eng_slice_par(p_xdevicef...]
Compiling architecture synth of entity cordic_v6_0_17.cordic_dat_acc_slice_par [\cordic_dat_acc_slice_par(p_xdev...]
Compiling architecture synth of entity cordic_v6_0_17.cordic_eng_slice_par [\cordic_eng_slice_par(p_xdevicef...]
Compiling architecture synth of entity cordic_v6_0_17.cordic_dat_acc_slice_par [\cordic_dat_acc_slice_par(p_xdev...]
Compiling architecture synth of entity cordic_v6_0_17.cordic_eng_slice_par [\cordic_eng_slice_par(p_xdevicef...]
Compiling architecture synth of entity cordic_v6_0_17.cordic_dat_acc_slice_par [\cordic_dat_acc_slice_par(p_xdev...]
Compiling architecture synth of entity cordic_v6_0_17.cordic_eng_slice_par [\cordic_eng_slice_par(p_xdevicef...]
Compiling architecture synth of entity cordic_v6_0_17.cordic_dat_acc_slice_par [\cordic_dat_acc_slice_par(p_xdev...]
Compiling architecture synth of entity cordic_v6_0_17.cordic_eng_slice_par [\cordic_eng_slice_par(p_xdevicef...]
Compiling architecture synth of entity cordic_v6_0_17.cordic_eng [\cordic_eng(p_xdevicefamily="vir...]
Compiling architecture struct_all of entity cordic_v6_0_17.delay [\delay(delay_len=2,family="virte...]
Compiling architecture xilinx of entity mult_gen_v12_0_17.ccm_dist_mem [\ccm_dist_mem(c_addr_width=6,c_d...]
Compiling architecture xilinx of entity mult_gen_v12_0_17.ccm_syncmem [\ccm_syncmem(c_xdevicefamily="vi...]
Compiling architecture xilinx of entity mult_gen_v12_0_17.ccm_scaled_adder [\ccm_scaled_adder(a_width=58,b_w...]
Compiling architecture xilinx of entity mult_gen_v12_0_17.ccm_scaled_adder [\ccm_scaled_adder(a_width=65,b_w...]
Compiling architecture xilinx of entity mult_gen_v12_0_17.ccm_scaled_adder [\ccm_scaled_adder(a_width=78,b_w...]
Compiling architecture xilinx of entity mult_gen_v12_0_17.ccm_dist_mem [\ccm_dist_mem(c_addr_width=6,c_d...]
Compiling architecture xilinx of entity mult_gen_v12_0_17.ccm_syncmem [\ccm_syncmem(c_xdevicefamily="vi...]
Compiling architecture xilinx of entity mult_gen_v12_0_17.delay_line [\delay_line(c_xdevicefamily="vir...]
Compiling architecture xilinx of entity mult_gen_v12_0_17.ccm_scaled_adder [\ccm_scaled_adder(a_width=103,b_...]
Compiling architecture xilinx of entity mult_gen_v12_0_17.delay_line [\delay_line(c_xdevicefamily="vir...]
Compiling architecture xilinx of entity mult_gen_v12_0_17.ccm_operation [\ccm_operation(c_xdevicefamily="...]
Compiling architecture xilinx of entity mult_gen_v12_0_17.ccm [\ccm(c_xdevicefamily="virtexuplu...]
Compiling architecture xilinx of entity mult_gen_v12_0_17.mult_gen_v12_0_17_viv [\mult_gen_v12_0_17_viv(c_verbosi...]
Compiling architecture synth of entity cordic_v6_0_17.cordic_scale [\cordic_scale(p_xdevicefamily="v...]
Compiling architecture struct_all of entity cordic_v6_0_17.delay [\delay(delay_len=5,family="virte...]
Compiling architecture struct_all of entity cordic_v6_0_17.delay_bit [\delay_bit(delay_len=5,family="v...]
Compiling architecture structural of entity c_reg_fd_v12_0_6.c_reg_fd_v12_0_6_viv [\c_reg_fd_v12_0_6_viv(c_width=55...]
Compiling architecture rtl of entity c_addsub_v12_0_14.c_addsub_v12_0_14_lut6_legacy [\c_addsub_v12_0_14_lut6_legacy(c...]
Compiling architecture synth of entity c_addsub_v12_0_14.c_addsub_v12_0_14_fabric_legacy [\c_addsub_v12_0_14_fabric_legacy...]
Compiling architecture synth of entity c_addsub_v12_0_14.c_addsub_v12_0_14_legacy [\c_addsub_v12_0_14_legacy(c_fami...]
Compiling architecture synth of entity c_addsub_v12_0_14.c_addsub_v12_0_14_viv [\c_addsub_v12_0_14_viv(c_xdevice...]
Compiling architecture synth of entity cordic_v6_0_17.addsub [\addsub(family="virtexuplus",add...]
Compiling architecture synth of entity cordic_v6_0_17.cordic_round [\cordic_round(p_xdevicefamily="v...]
Compiling architecture struct_all of entity cordic_v6_0_17.delay_bit [\delay_bit(delay_len=0,family="v...]
Compiling architecture synth of entity cordic_v6_0_17.cordic_out_config [\cordic_out_config(p_xdevicefami...]
Compiling architecture synth of entity cordic_v6_0_17.cordic_v6_0_17_synth [\cordic_v6_0_17_synth(c_architec...]
Compiling architecture synth of entity cordic_v6_0_17.cordic_v6_0_17_viv [\cordic_v6_0_17_viv(c_architectu...]
Compiling architecture xilinx of entity cordic_v6_0_17.cordic_v6_0_17 [\cordic_v6_0_17(c_architecture=2...]
Compiling architecture t06_cordic_translate48_parallel_arch of entity xil_defaultlib.t06_cordic_translate48_parallel [t06_cordic_translate48_parallel_...]
Compiling architecture xilinx of entity mult_gen_v12_0_17.delay_line [\delay_line(c_xdevicefamily="vir...]
Compiling architecture xilinx of entity mult_gen_v12_0_17.op_resize [\op_resize(ao_width=27)\]
Compiling architecture xilinx of entity mult_gen_v12_0_17.dsp [\dsp(c_xdevicefamily="virtexuplu...]
Compiling architecture xilinx of entity mult_gen_v12_0_17.mult_gen_v12_0_17_viv [\mult_gen_v12_0_17_viv(c_verbosi...]
Compiling architecture xilinx of entity mult_gen_v12_0_17.mult_gen_v12_0_17 [\mult_gen_v12_0_17(c_xdevicefami...]
Compiling architecture t06_observation_engine_square_arch of entity xil_defaultlib.t06_observation_engine_square [t06_observation_engine_square_de...]
Compiling architecture xilinx of entity mult_gen_v12_0_17.delay_line [\delay_line(c_xdevicefamily="vir...]
Compiling architecture xilinx of entity mult_gen_v12_0_17.delay_line [\delay_line(c_xdevicefamily="vir...]
Compiling architecture dsp48e2_v of entity unisim.DSP48E2 [\DSP48E2(alumodereg=0,a_input="C...]
Compiling architecture dsp48e2_v of entity unisim.DSP48E2 [\DSP48E2(acascreg=2,areg=2,bcasc...]
Compiling architecture xilinx of entity mult_gen_v12_0_17.delay_line [\delay_line(c_xdevicefamily="vir...]
Compiling architecture xilinx of entity mult_gen_v12_0_17.op_resize [\op_resize(ai_width=32,bi_width=...]
Compiling architecture xilinx of entity mult_gen_v12_0_17.dsp [\dsp(c_xdevicefamily="virtexuplu...]
Compiling architecture xilinx of entity mult_gen_v12_0_17.mult_gen_v12_0_17_viv [\mult_gen_v12_0_17_viv(c_verbosi...]
Compiling architecture xilinx of entity mult_gen_v12_0_17.mult_gen_v12_0_17 [\mult_gen_v12_0_17(c_xdevicefami...]
Compiling architecture t06_observation_engine_weight_product_arch of entity xil_defaultlib.t06_observation_engine_weight_product [t06_observation_engine_weight_pr...]
Compiling module xil_defaultlib.xpm_counter_updn(COUNTER_WIDTH=8...
Compiling module xil_defaultlib.xpm_counter_updn(COUNTER_WIDTH=7...
Compiling module xil_defaultlib.xpm_memory_base(MEMORY_TYPE=1,ME...
Compiling module xil_defaultlib.xpm_fifo_base(FIFO_MEMORY_TYPE=2...
Compiling module xil_defaultlib.xpm_fifo_sync(FIFO_MEMORY_TYPE="...
Compiling module xil_defaultlib.sfo_initial_observation_engine_f...
Compiling module xil_defaultlib.sfo_initial_observation_engine_d...
Compiling module xil_defaultlib.sfo_initial_observation_engine_2...
Compiling architecture xilinx of entity mult_gen_v12_0_17.delay_line [\delay_line(c_xdevicefamily="vir...]
Compiling architecture xilinx of entity mult_gen_v12_0_17.delay_line [\delay_line(c_xdevicefamily="vir...]
Compiling architecture dsp48e2_v of entity unisim.DSP48E2 [\DSP48E2(alumodereg=0,carryinreg...]
Compiling architecture dsp48e2_v of entity unisim.DSP48E2 [\DSP48E2(acascreg=0,areg=0,a_inp...]
Compiling architecture dsp48e2_v of entity unisim.DSP48E2 [\DSP48E2(acascreg=2,alumodereg=0...]
Compiling architecture dsp48e2_v of entity unisim.DSP48E2 [\DSP48E2(alumodereg=0,amultsel="...]
Compiling architecture dsp48e2_v of entity unisim.DSP48E2 [\DSP48E2(acascreg=2,alumodereg=0...]
Compiling architecture dsp48e2_v of entity unisim.DSP48E2 [\DSP48E2(amultsel="AD",bcascreg=...]
Compiling architecture dsp48e2_v of entity unisim.DSP48E2 [\DSP48E2(acascreg=2,alumodereg=0...]
Compiling architecture xilinx of entity mult_gen_v12_0_17.op_resize [\op_resize(ai_width=64,bi_width=...]
Compiling architecture xilinx of entity mult_gen_v12_0_17.dsp [\dsp(c_xdevicefamily="virtexuplu...]
Compiling architecture xilinx of entity mult_gen_v12_0_17.mult_gen_v12_0_17_viv [\mult_gen_v12_0_17_viv(c_verbosi...]
Compiling architecture xilinx of entity mult_gen_v12_0_17.mult_gen_v12_0_17 [\mult_gen_v12_0_17(c_xdevicefami...]
Compiling architecture t06_pair_max_tracker_2lane_cross_arch of entity xil_defaultlib.t06_pair_max_tracker_2lane_cross [t06_pair_max_tracker_2lane_cross...]
Compiling module xil_defaultlib.sfo_initial_pair_max_tracker_2la...
Compiling module xil_defaultlib.xpm_memory_base(MEMORY_TYPE=1,ME...
Compiling module xil_defaultlib.xpm_memory_sdpram(MEMORY_SIZE=59...
Compiling module xil_defaultlib.sfo_initial_observation_store_ba...
Compiling module xil_defaultlib.sfo_initial_observation_store
Compiling architecture xilinx of entity mult_gen_v12_0_17.delay_line [\delay_line(c_xdevicefamily="vir...]
Compiling architecture xilinx of entity mult_gen_v12_0_17.delay_line [\delay_line(c_xdevicefamily="vir...]
Compiling architecture xilinx of entity mult_gen_v12_0_17.delay_line [\delay_line(c_xdevicefamily="vir...]
Compiling architecture xilinx of entity mult_gen_v12_0_17.delay_line [\delay_line(c_xdevicefamily="vir...]
Compiling architecture xilinx of entity mult_gen_v12_0_17.dsp [\dsp(c_xdevicefamily="virtexuplu...]
Compiling architecture xilinx of entity mult_gen_v12_0_17.mult_gen_v12_0_17_viv [\mult_gen_v12_0_17_viv(c_verbosi...]
Compiling architecture xilinx of entity mult_gen_v12_0_17.mult_gen_v12_0_17 [\mult_gen_v12_0_17(c_xdevicefami...]
Compiling architecture t06_wp_mult_u64_u33_arch of entity xil_defaultlib.t06_wp_mult_u64_u33 [t06_wp_mult_u64_u33_default]
Compiling module xil_defaultlib.sfo_initial_weight_pack
Compiling module xil_defaultlib.xpm_memory_base(MEMORY_TYPE=1,ME...
Compiling module xil_defaultlib.xpm_fifo_base(FIFO_MEMORY_TYPE=2...
Compiling module xil_defaultlib.xpm_fifo_sync(FIFO_MEMORY_TYPE="...
Compiling module xil_defaultlib.sfo_initial_unsigned_divider_ser...
Compiling architecture synth of entity xbip_pipe_v3_0_6.xbip_pipe_v3_0_6_viv [\xbip_pipe_v3_0_6_viv(c_latency=...]
Compiling architecture synth of entity xbip_pipe_v3_0_6.xbip_pipe_v3_0_6_viv [\xbip_pipe_v3_0_6_viv(c_latency=...]
Compiling architecture synth of entity xbip_pipe_v3_0_6.xbip_pipe_v3_0_6_viv [\xbip_pipe_v3_0_6_viv(c_latency=...]
Compiling architecture synth of entity xbip_pipe_v3_0_6.xbip_pipe_v3_0_6_viv [\xbip_pipe_v3_0_6_viv(c_latency=...]
Compiling architecture synth of entity xbip_pipe_v3_0_6.xbip_pipe_v3_0_6_viv [\xbip_pipe_v3_0_6_viv(c_latency=...]
Compiling architecture synth of entity xbip_pipe_v3_0_6.xbip_pipe_v3_0_6_viv [\xbip_pipe_v3_0_6_viv(c_latency=...]
Compiling architecture rtl of entity div_gen_v5_1_18.c_addsub_lut6 [\c_addsub_lut6(c_width=48,c_add_...]
Compiling architecture synth of entity div_gen_v5_1_18.c_addsub_viv [\c_addsub_viv(c_a_width=48,c_b_w...]
Compiling architecture virtex of entity div_gen_v5_1_18.addsubreg_v [\addsubreg_v(c_bus_width=48,c_ha...]
Compiling architecture synth of entity xbip_pipe_v3_0_6.xbip_pipe_v3_0_6_viv [\xbip_pipe_v3_0_6_viv(c_latency=...]
Compiling architecture synth of entity xbip_pipe_v3_0_6.xbip_pipe_v3_0_6_viv [\xbip_pipe_v3_0_6_viv(c_latency=...]
Compiling architecture synth of entity xbip_pipe_v3_0_6.xbip_pipe_v3_0_6_viv [\xbip_pipe_v3_0_6_viv(c_latency=...]
Compiling architecture synth of entity xbip_pipe_v3_0_6.xbip_pipe_v3_0_6_viv [\xbip_pipe_v3_0_6_viv(c_latency=...]
Compiling architecture rtl of entity div_gen_v5_1_18.c_addsub_lut6 [\c_addsub_lut6(c_width=48,c_add_...]
Compiling architecture synth of entity div_gen_v5_1_18.c_addsub_viv [\c_addsub_viv(c_a_width=48,c_b_w...]
Compiling architecture virtex of entity div_gen_v5_1_18.addsubreg_v [\addsubreg_v(c_bus_width=48,c_ha...]
Compiling architecture synth of entity xbip_pipe_v3_0_6.xbip_pipe_v3_0_6_viv [\xbip_pipe_v3_0_6_viv(c_latency=...]
Compiling architecture virtex of entity div_gen_v5_1_18.dividervdc_v [\dividervdc_v(bus_num=63,bus_div...]
Compiling architecture synth of entity div_gen_v5_1_18.bip_sdivider_synth [\bip_sdivider_synth(c_xdevicefam...]
Compiling architecture synth of entity div_gen_v5_1_18.div_gen_synth [\div_gen_synth(c_xdevicefamily="...]
Compiling architecture synth of entity xbip_pipe_v3_0_6.xbip_pipe_v3_0_6_viv [\xbip_pipe_v3_0_6_viv(c_latency=...]
Compiling architecture synth of entity div_gen_v5_1_18.div_gen_v5_1_18_viv [\div_gen_v5_1_18_viv(c_xdevicefa...]
Compiling architecture xilinx of entity div_gen_v5_1_18.div_gen_v5_1_18 [\div_gen_v5_1_18(c_xdevicefamily...]
Compiling architecture t04_div_u63_u47_arch of entity xil_defaultlib.t04_div_u63_u47 [t04_div_u63_u47_default]
Compiling module xil_defaultlib.xpm_memory_base(MEMORY_TYPE=1,ME...
Compiling module xil_defaultlib.xpm_fifo_base(FIFO_MEMORY_TYPE=2...
Compiling module xil_defaultlib.xpm_fifo_sync(FIFO_MEMORY_TYPE="...
Compiling module xil_defaultlib.sfo_initial_unsigned_divider_ser...
Compiling module xil_defaultlib.xpm_memory_base(MEMORY_TYPE=1,ME...
Compiling module xil_defaultlib.xpm_fifo_base(FIFO_MEMORY_TYPE=2...
Compiling module xil_defaultlib.xpm_fifo_sync(FIFO_MEMORY_TYPE="...
Compiling module xil_defaultlib.sfo_initial_unsigned_divider_ser...
Compiling module xil_defaultlib.sfo_initial_unsigned_divider_ser...
Compiling architecture xilinx of entity mult_gen_v12_0_17.delay_line [\delay_line(c_xdevicefamily="vir...]
Compiling architecture xilinx of entity mult_gen_v12_0_17.op_resize [\op_resize(ai_width=18,bi_width=...]
Compiling architecture xilinx of entity mult_gen_v12_0_17.dsp [\dsp(c_xdevicefamily="virtexuplu...]
Compiling architecture xilinx of entity mult_gen_v12_0_17.mult_gen_v12_0_17_viv [\mult_gen_v12_0_17_viv(c_verbosi...]
Compiling architecture xilinx of entity mult_gen_v12_0_17.mult_gen_v12_0_17 [\mult_gen_v12_0_17(c_xdevicefami...]
Compiling architecture t06_fs_mult_u18_s11_arch of entity xil_defaultlib.t06_fs_mult_u18_s11 [t06_fs_mult_u18_s11_default]
Compiling architecture xilinx of entity mult_gen_v12_0_17.delay_line [\delay_line(c_xdevicefamily="vir...]
Compiling architecture xilinx of entity mult_gen_v12_0_17.delay_line [\delay_line(c_xdevicefamily="vir...]
Compiling architecture xilinx of entity mult_gen_v12_0_17.delay_line [\delay_line(c_xdevicefamily="vir...]
Compiling architecture xilinx of entity mult_gen_v12_0_17.delay_line [\delay_line(c_xdevicefamily="vir...]
Compiling architecture xilinx of entity mult_gen_v12_0_17.delay_line [\delay_line(c_xdevicefamily="vir...]
Compiling architecture xilinx of entity mult_gen_v12_0_17.delay_line [\delay_line(c_xdevicefamily="vir...]
Compiling architecture xilinx of entity mult_gen_v12_0_17.op_resize [\op_resize(ai_width=18,bi_width=...]
Compiling architecture xilinx of entity mult_gen_v12_0_17.dsp [\dsp(c_xdevicefamily="virtexuplu...]
Compiling architecture xilinx of entity mult_gen_v12_0_17.mult_gen_v12_0_17_viv [\mult_gen_v12_0_17_viv(c_verbosi...]
Compiling architecture xilinx of entity mult_gen_v12_0_17.mult_gen_v12_0_17 [\mult_gen_v12_0_17(c_xdevicefami...]
Compiling architecture t06_fs_mult_u18_s48_arch of entity xil_defaultlib.t06_fs_mult_u18_s48 [t06_fs_mult_u18_s48_default]
Compiling architecture xilinx of entity mult_gen_v12_0_17.delay_line [\delay_line(c_xdevicefamily="vir...]
Compiling architecture xilinx of entity mult_gen_v12_0_17.op_resize [\op_resize(ai_width=29,bi_width=...]
Compiling architecture xilinx of entity mult_gen_v12_0_17.dsp [\dsp(c_xdevicefamily="virtexuplu...]
Compiling architecture xilinx of entity mult_gen_v12_0_17.mult_gen_v12_0_17_viv [\mult_gen_v12_0_17_viv(c_verbosi...]
Compiling architecture xilinx of entity mult_gen_v12_0_17.mult_gen_v12_0_17 [\mult_gen_v12_0_17(c_xdevicefami...]
Compiling architecture t06_fs_mult_s29_s11_arch of entity xil_defaultlib.t06_fs_mult_s29_s11 [t06_fs_mult_s29_s11_default]
Compiling architecture dsp48e2_v of entity unisim.DSP48E2 [\DSP48E2(alumodereg=0,amultsel="...]
Compiling architecture dsp48e2_v of entity unisim.DSP48E2 [\DSP48E2(acascreg=0,alumodereg=0...]
Compiling architecture dsp48e2_v of entity unisim.DSP48E2 [\DSP48E2(alumodereg=0,amultsel="...]
Compiling architecture xilinx of entity mult_gen_v12_0_17.op_resize [\op_resize(ai_width=29,bi_width=...]
Compiling architecture xilinx of entity mult_gen_v12_0_17.dsp [\dsp(c_xdevicefamily="virtexuplu...]
Compiling architecture xilinx of entity mult_gen_v12_0_17.mult_gen_v12_0_17_viv [\mult_gen_v12_0_17_viv(c_verbosi...]
Compiling architecture xilinx of entity mult_gen_v12_0_17.mult_gen_v12_0_17 [\mult_gen_v12_0_17(c_xdevicefami...]
Compiling architecture t06_fs_mult_s29_s48_arch of entity xil_defaultlib.t06_fs_mult_s29_s48 [t06_fs_mult_s29_s48_default]
Compiling module xil_defaultlib.sfo_initial_five_sum_accumulator
Compiling architecture xilinx of entity mult_gen_v12_0_17.delay_line [\delay_line(c_xdevicefamily="vir...]
Compiling architecture xilinx of entity mult_gen_v12_0_17.delay_line [\delay_line(c_xdevicefamily="vir...]
Compiling architecture dsp48e2_v of entity unisim.DSP48E2 [\DSP48E2(acascreg=2,alumodereg=0...]
Compiling architecture dsp48e2_v of entity unisim.DSP48E2 [\DSP48E2(acascreg=2,alumodereg=0...]
Compiling architecture xilinx of entity mult_gen_v12_0_17.delay_line [\delay_line(c_xdevicefamily="vir...]
Compiling architecture dsp48e2_v of entity unisim.DSP48E2 [\DSP48E2(acascreg=0,areg=0,a_inp...]
Compiling architecture dsp48e2_v of entity unisim.DSP48E2 [\DSP48E2(acascreg=2,amultsel="AD...]
Compiling architecture xilinx of entity mult_gen_v12_0_17.op_resize [\op_resize(ai_width=30,bi_width=...]
Compiling architecture xilinx of entity mult_gen_v12_0_17.dsp [\dsp(c_xdevicefamily="virtexuplu...]
Compiling architecture xilinx of entity mult_gen_v12_0_17.mult_gen_v12_0_17_viv [\mult_gen_v12_0_17_viv(c_verbosi...]
Compiling architecture xilinx of entity mult_gen_v12_0_17.mult_gen_v12_0_17 [\mult_gen_v12_0_17(c_xdevicefami...]
Compiling architecture t06_rt_mult_u30_u48_arch of entity xil_defaultlib.t06_rt_mult_u30_u48 [t06_rt_mult_u30_u48_default]
Compiling architecture xilinx of entity mult_gen_v12_0_17.delay_line [\delay_line(c_xdevicefamily="vir...]
Compiling architecture dsp48e2_v of entity unisim.DSP48E2 [\DSP48E2(acascreg=2,areg=2,bcasc...]
Compiling architecture dsp48e2_v of entity unisim.DSP48E2 [\DSP48E2(bcascreg=0,breg=0,b_inp...]
Compiling architecture dsp48e2_v of entity unisim.DSP48E2 [\DSP48E2(acascreg=2,amultsel="AD...]
Compiling architecture xilinx of entity mult_gen_v12_0_17.delay_line [\delay_line(c_xdevicefamily="vir...]
Compiling architecture dsp48e2_v of entity unisim.DSP48E2 [\DSP48E2(acascreg=2,alumodereg=0...]
Compiling architecture xilinx of entity mult_gen_v12_0_17.delay_line [\delay_line(c_xdevicefamily="vir...]
Compiling architecture xilinx of entity mult_gen_v12_0_17.op_resize [\op_resize(ai_width=41,bi_width=...]
Compiling architecture xilinx of entity mult_gen_v12_0_17.dsp [\dsp(c_xdevicefamily="virtexuplu...]
Compiling architecture xilinx of entity mult_gen_v12_0_17.mult_gen_v12_0_17_viv [\mult_gen_v12_0_17_viv(c_verbosi...]
Compiling architecture xilinx of entity mult_gen_v12_0_17.mult_gen_v12_0_17 [\mult_gen_v12_0_17(c_xdevicefami...]
Compiling architecture t06_rt_mult_s41_s41_arch of entity xil_defaultlib.t06_rt_mult_s41_s41 [t06_rt_mult_s41_s41_default]
Compiling architecture xilinx of entity mult_gen_v12_0_17.delay_line [\delay_line(c_xdevicefamily="vir...]
Compiling architecture dsp48e2_v of entity unisim.DSP48E2 [\DSP48E2(acascreg=0,areg=0,a_inp...]
Compiling architecture xilinx of entity mult_gen_v12_0_17.op_resize [\op_resize(ai_width=30,bi_width=...]
Compiling architecture xilinx of entity mult_gen_v12_0_17.dsp [\dsp(c_xdevicefamily="virtexuplu...]
Compiling architecture xilinx of entity mult_gen_v12_0_17.mult_gen_v12_0_17_viv [\mult_gen_v12_0_17_viv(c_verbosi...]
Compiling architecture xilinx of entity mult_gen_v12_0_17.mult_gen_v12_0_17 [\mult_gen_v12_0_17(c_xdevicefami...]
Compiling architecture t06_rt_mult_u30_u43_arch of entity xil_defaultlib.t06_rt_mult_u30_u43 [t06_rt_mult_u30_u43_default]
Compiling architecture xilinx of entity mult_gen_v12_0_17.delay_line [\delay_line(c_xdevicefamily="vir...]
Compiling architecture xilinx of entity mult_gen_v12_0_17.op_resize [\op_resize(ai_width=30,bi_width=...]
Compiling architecture xilinx of entity mult_gen_v12_0_17.dsp [\dsp(c_xdevicefamily="virtexuplu...]
Compiling architecture xilinx of entity mult_gen_v12_0_17.mult_gen_v12_0_17_viv [\mult_gen_v12_0_17_viv(c_verbosi...]
Compiling architecture xilinx of entity mult_gen_v12_0_17.mult_gen_v12_0_17 [\mult_gen_v12_0_17(c_xdevicefami...]
Compiling architecture t06_rt_mult_u30_s42_arch of entity xil_defaultlib.t06_rt_mult_u30_s42 [t06_rt_mult_u30_s42_default]
Compiling architecture xilinx of entity mult_gen_v12_0_17.delay_line [\delay_line(c_xdevicefamily="vir...]
Compiling architecture xilinx of entity mult_gen_v12_0_17.op_resize [\op_resize(ai_width=41,bi_width=...]
Compiling architecture xilinx of entity mult_gen_v12_0_17.dsp [\dsp(c_xdevicefamily="virtexuplu...]
Compiling architecture xilinx of entity mult_gen_v12_0_17.mult_gen_v12_0_17_viv [\mult_gen_v12_0_17_viv(c_verbosi...]
Compiling architecture xilinx of entity mult_gen_v12_0_17.mult_gen_v12_0_17 [\mult_gen_v12_0_17(c_xdevicefami...]
Compiling architecture t06_rt_mult_s41_u38_arch of entity xil_defaultlib.t06_rt_mult_s41_u38 [t06_rt_mult_s41_u38_default]
Compiling architecture xilinx of entity mult_gen_v12_0_17.delay_line [\delay_line(c_xdevicefamily="vir...]
Compiling architecture xilinx of entity mult_gen_v12_0_17.op_resize [\op_resize(ai_width=41,bi_width=...]
Compiling architecture xilinx of entity mult_gen_v12_0_17.dsp [\dsp(c_xdevicefamily="virtexuplu...]
Compiling architecture xilinx of entity mult_gen_v12_0_17.mult_gen_v12_0_17_viv [\mult_gen_v12_0_17_viv(c_verbosi...]
Compiling architecture xilinx of entity mult_gen_v12_0_17.mult_gen_v12_0_17 [\mult_gen_v12_0_17(c_xdevicefami...]
Compiling architecture t06_rt_mult_s41_s38_arch of entity xil_defaultlib.t06_rt_mult_s41_s38 [t06_rt_mult_s41_s38_default]
Compiling architecture xilinx of entity mult_gen_v12_0_17.delay_line [\delay_line(c_xdevicefamily="vir...]
Compiling architecture xilinx of entity mult_gen_v12_0_17.op_resize [\op_resize(ai_width=48,bi_width=...]
Compiling architecture xilinx of entity mult_gen_v12_0_17.dsp [\dsp(c_xdevicefamily="virtexuplu...]
Compiling architecture xilinx of entity mult_gen_v12_0_17.mult_gen_v12_0_17_viv [\mult_gen_v12_0_17_viv(c_verbosi...]
Compiling architecture xilinx of entity mult_gen_v12_0_17.mult_gen_v12_0_17 [\mult_gen_v12_0_17(c_xdevicefami...]
Compiling architecture t06_rt_mult_u48_u20_arch of entity xil_defaultlib.t06_rt_mult_u48_u20 [t06_rt_mult_u48_u20_default]
Compiling module xil_defaultlib.sfo_initial_regression_tail
Compiling module xil_defaultlib.sfo_initial_swls_weighted_backen...
Compiling module xil_defaultlib.sfo_initial_fft_swls_backend
Compiling module xil_defaultlib.sfo_initial_estimation_service
Compiling module xil_defaultlib.xpm_cdc_array_single(DEST_SYNC_F...
Compiling module xil_defaultlib.xpm_cdc_sync_rst(INIT_SYNC_FF=1,...
Compiling module xil_defaultlib.xpm_cdc_sync_rst(DEST_SYNC_FF=2,...
Compiling module xil_defaultlib.xpm_fifo_rst(COMMON_CLOCK=0)
Compiling module xil_defaultlib.xpm_memory_base(MEMORY_TYPE=1,ME...
Compiling module xil_defaultlib.xpm_cdc_gray(DEST_SYNC_FF=2,INIT...
Compiling module xil_defaultlib.xpm_fifo_reg_vec(REG_WIDTH=6)
Compiling module xil_defaultlib.xpm_cdc_gray(INIT_SYNC_FF=1,WIDT...
Compiling module xil_defaultlib.xpm_fifo_reg_vec(REG_WIDTH=7)
Compiling module xil_defaultlib.xpm_cdc_gray(DEST_SYNC_FF=2,INIT...
Compiling module xil_defaultlib.xpm_fifo_reg_vec(REG_WIDTH=8)
Compiling module xil_defaultlib.xpm_cdc_gray(DEST_SYNC_FF=2,INIT...
Compiling module xil_defaultlib.xpm_fifo_reg_vec(REG_WIDTH=9)
Compiling module xil_defaultlib.xpm_fifo_base(COMMON_CLOCK=0,FIF...
Compiling module xil_defaultlib.xpm_fifo_async(FIFO_MEMORY_TYPE=...
Compiling architecture synth of entity xfft_v9_1_6.axi_wrapper_output_fifo [\axi_wrapper_output_fifo(c_fifo_...]
Compiling architecture synth of entity xfft_v9_1_6.axi_wrapper_input_fifo [\axi_wrapper_input_fifo(c_fifo_w...]
Compiling architecture synth of entity xfft_v9_1_6.axi_wrapper_input_fifo [\axi_wrapper_input_fifo(c_fifo_w...]
Compiling architecture synth of entity xfft_v9_1_6.axi_wrapper_output_fifo [\axi_wrapper_output_fifo(c_fifo_...]
Compiling architecture synth of entity xfft_v9_1_6.axi_wrapper [\axi_wrapper(c_nfft_max=11,c_arc...]
Compiling architecture rtl of entity c_addsub_v12_0_14.c_addsub_v12_0_14_lut6_legacy [\c_addsub_v12_0_14_lut6_legacy(c...]
Compiling architecture synth of entity c_addsub_v12_0_14.c_addsub_v12_0_14_fabric_legacy [\c_addsub_v12_0_14_fabric_legacy...]
Compiling architecture synth of entity c_addsub_v12_0_14.c_addsub_v12_0_14_legacy [\c_addsub_v12_0_14_legacy(c_fami...]
Compiling architecture synth of entity c_addsub_v12_0_14.c_addsub_v12_0_14_viv [\c_addsub_v12_0_14_viv(c_xdevice...]
Compiling architecture xilinx of entity xfft_v9_1_6.cnt_tc_rtl_b [\cnt_tc_rtl_b(c_xdevicefamily="v...]
Compiling architecture struct of entity c_shift_ram_v12_0_14.c_shift_ram_v12_0_14_legacy [\c_shift_ram_v12_0_14_legacy(c_x...]
Compiling architecture synth of entity c_shift_ram_v12_0_14.c_shift_ram_v12_0_14_viv [\c_shift_ram_v12_0_14_viv(c_xdev...]
Compiling architecture xilinx of entity xfft_v9_1_6.shift_ram [\shift_ram(c_xdevicefamily="virt...]
Compiling architecture xilinx of entity xfft_v9_1_6.equ_rtl [\equ_rtl(c_xdevicefamily="virtex...]
Compiling architecture xilinx of entity xfft_v9_1_6.r22_cnt_ctrl [\r22_cnt_ctrl(c_xdevicefamily="v...]
Compiling architecture xilinx of entity xfft_v9_1_6.r22_cnt_ctrl [\r22_cnt_ctrl(c_xdevicefamily="v...]
Compiling architecture struct of entity c_shift_ram_v12_0_14.c_shift_ram_v12_0_14_legacy [\c_shift_ram_v12_0_14_legacy(c_x...]
Compiling architecture synth of entity c_shift_ram_v12_0_14.c_shift_ram_v12_0_14_viv [\c_shift_ram_v12_0_14_viv(c_xdev...]
Compiling architecture xilinx of entity xfft_v9_1_6.shift_ram [\shift_ram(c_xdevicefamily="virt...]
Compiling architecture struct of entity c_shift_ram_v12_0_14.c_shift_ram_v12_0_14_legacy [\c_shift_ram_v12_0_14_legacy(c_x...]
Compiling architecture synth of entity c_shift_ram_v12_0_14.c_shift_ram_v12_0_14_viv [\c_shift_ram_v12_0_14_viv(c_xdev...]
Compiling architecture xilinx of entity xfft_v9_1_6.shift_ram [\shift_ram(c_xdevicefamily="virt...]
Compiling architecture fd_v of entity unisim.FD [fd_default]
Compiling architecture struct of entity c_shift_ram_v12_0_14.c_shift_ram_v12_0_14_legacy [\c_shift_ram_v12_0_14_legacy(c_x...]
Compiling architecture synth of entity c_shift_ram_v12_0_14.c_shift_ram_v12_0_14_viv [\c_shift_ram_v12_0_14_viv(c_xdev...]
Compiling architecture xilinx of entity xfft_v9_1_6.shift_ram [\shift_ram(c_xdevicefamily="virt...]
Compiling architecture fde_v of entity unisim.FDE [fde_default]
Compiling architecture struct of entity c_shift_ram_v12_0_14.c_shift_ram_v12_0_14_legacy [\c_shift_ram_v12_0_14_legacy(c_x...]
Compiling architecture synth of entity c_shift_ram_v12_0_14.c_shift_ram_v12_0_14_viv [\c_shift_ram_v12_0_14_viv(c_xdev...]
Compiling architecture xilinx of entity xfft_v9_1_6.shift_ram [\shift_ram(c_xdevicefamily="virt...]
Compiling architecture xilinx of entity xfft_v9_1_6.shift_ram [\shift_ram(c_xdevicefamily="virt...]
Compiling architecture xilinx of entity xfft_v9_1_6.shift_ram [\shift_ram(c_xdevicefamily="virt...]
Compiling architecture struct of entity c_shift_ram_v12_0_14.c_shift_ram_v12_0_14_legacy [\c_shift_ram_v12_0_14_legacy(c_x...]
Compiling architecture synth of entity c_shift_ram_v12_0_14.c_shift_ram_v12_0_14_viv [\c_shift_ram_v12_0_14_viv(c_xdev...]
Compiling architecture xilinx of entity xfft_v9_1_6.shift_ram [\shift_ram(c_xdevicefamily="virt...]
Compiling architecture struct of entity c_shift_ram_v12_0_14.c_shift_ram_v12_0_14_legacy [\c_shift_ram_v12_0_14_legacy(c_x...]
Compiling architecture synth of entity c_shift_ram_v12_0_14.c_shift_ram_v12_0_14_viv [\c_shift_ram_v12_0_14_viv(c_xdev...]
Compiling architecture xilinx of entity xfft_v9_1_6.shift_ram [\shift_ram(c_xdevicefamily="virt...]
Compiling architecture xilinx of entity xfft_v9_1_6.shift_ram [\shift_ram(c_xdevicefamily="virt...]
Compiling architecture xilinx of entity xfft_v9_1_6.shift_ram [\shift_ram(c_xdevicefamily="virt...]
Compiling architecture xilinx of entity xfft_v9_1_6.shift_ram [\shift_ram(c_xdevicefamily="virt...]
Compiling architecture lut3_v of entity unisim.LUT3 [\LUT3(init="11001010")(0,7)\]
Compiling architecture xilinx of entity xfft_v9_1_6.mux_bus2 [\mux_bus2(c_xdevicefamily="virte...]
Compiling architecture xilinx of entity xfft_v9_1_6.r22_delay_mux [\r22_delay_mux(c_xdevicefamily="...]
Compiling architecture xilinx of entity xfft_v9_1_6.r22_delay_mux [\r22_delay_mux(c_xdevicefamily="...]
Compiling architecture xilinx of entity xfft_v9_1_6.shift_ram [\shift_ram(c_xdevicefamily="virt...]
Compiling architecture xilinx of entity xfft_v9_1_6.shift_ram [\shift_ram(c_xdevicefamily="virt...]
Compiling architecture rb18_internal_vhdl_v of entity unisim.RB18_INTERNAL_VHDL [\RB18_INTERNAL_VHDL(bram_size=18...]
Compiling architecture ramb18e1_v of entity unisim.RAMB18E1 [\RAMB18E1(dob_reg=1,read_width_b...]
Compiling architecture ramb18_v of entity unisim.RAMB18 [\RAMB18(dob_reg=1,read_width_b=1...]
Compiling architecture xilinx of entity xfft_v9_1_6.dpm [\dpm(c_xdevicefamily="virtexuplu...]
Compiling architecture xilinx of entity xfft_v9_1_6.r22_memory [\r22_memory(c_xdevicefamily="vir...]
Compiling architecture structural of entity c_reg_fd_v12_0_6.c_reg_fd_v12_0_6_viv [\c_reg_fd_v12_0_6_viv(c_width=18...]
Compiling architecture rtl of entity c_addsub_v12_0_14.c_addsub_v12_0_14_lut6_legacy [\c_addsub_v12_0_14_lut6_legacy(c...]
Compiling architecture synth of entity c_addsub_v12_0_14.c_addsub_v12_0_14_fabric_legacy [\c_addsub_v12_0_14_fabric_legacy...]
Compiling architecture synth of entity c_addsub_v12_0_14.c_addsub_v12_0_14_legacy [\c_addsub_v12_0_14_legacy(c_fami...]
Compiling architecture synth of entity c_addsub_v12_0_14.c_addsub_v12_0_14_viv [\c_addsub_v12_0_14_viv(c_xdevice...]
Compiling architecture xilinx of entity xfft_v9_1_6.adder_bypass [\adder_bypass(c_xdevicefamily="v...]
Compiling architecture structural of entity c_reg_fd_v12_0_6.c_reg_fd_v12_0_6_viv [\c_reg_fd_v12_0_6_viv(c_width=18...]
Compiling architecture rtl of entity c_addsub_v12_0_14.c_addsub_v12_0_14_lut6_legacy [\c_addsub_v12_0_14_lut6_legacy(c...]
Compiling architecture synth of entity c_addsub_v12_0_14.c_addsub_v12_0_14_fabric_legacy [\c_addsub_v12_0_14_fabric_legacy...]
Compiling architecture synth of entity c_addsub_v12_0_14.c_addsub_v12_0_14_legacy [\c_addsub_v12_0_14_legacy(c_fami...]
Compiling architecture synth of entity c_addsub_v12_0_14.c_addsub_v12_0_14_viv [\c_addsub_v12_0_14_viv(c_xdevice...]
Compiling architecture xilinx of entity xfft_v9_1_6.sub_byp [\sub_byp(c_xdevicefamily="virtex...]
Compiling architecture xilinx of entity xfft_v9_1_6.r22_bfly_byp [\r22_bfly_byp(c_xdevicefamily="v...]
Compiling architecture xilinx of entity xfft_v9_1_6.r22_bf [\r22_bf(c_xdevicefamily="virtexu...]
Compiling architecture xilinx of entity xfft_v9_1_6.shift_ram [\shift_ram(c_xdevicefamily="virt...]
Compiling architecture synth of entity xfft_v9_1_6.r22_twos_comp_mux [\r22_twos_comp_mux(c_xdevicefami...]
Compiling architecture synth of entity xfft_v9_1_6.r22_twos_comp_mux [\r22_twos_comp_mux(c_xdevicefami...]
Compiling architecture xilinx of entity xfft_v9_1_6.shift_ram [\shift_ram(c_xdevicefamily="virt...]
Compiling architecture xilinx of entity xfft_v9_1_6.shift_ram [\shift_ram(c_xdevicefamily="virt...]
Compiling architecture xilinx of entity xfft_v9_1_6.shift_ram [\shift_ram(c_xdevicefamily="virt...]
Compiling architecture xilinx of entity xfft_v9_1_6.mux_bus2 [\mux_bus2(c_xdevicefamily="virte...]
Compiling architecture xilinx of entity xfft_v9_1_6.r22_delay_mux [\r22_delay_mux(c_xdevicefamily="...]
Compiling architecture xilinx of entity xfft_v9_1_6.r22_delay_mux [\r22_delay_mux(c_xdevicefamily="...]
Compiling architecture xilinx of entity xfft_v9_1_6.shift_ram [\shift_ram(c_xdevicefamily="virt...]
Compiling architecture xilinx of entity xfft_v9_1_6.shift_ram [\shift_ram(c_xdevicefamily="virt...]
Compiling architecture rb18_internal_vhdl_v of entity unisim.RB18_INTERNAL_VHDL [\RB18_INTERNAL_VHDL(bram_size=18...]
Compiling architecture ramb18e1_v of entity unisim.RAMB18E1 [\RAMB18E1(doa_reg=1,dob_reg=1,ra...]
Compiling architecture xilinx of entity xfft_v9_1_6.dpm [\dpm(c_xdevicefamily="virtexuplu...]
Compiling architecture xilinx of entity xfft_v9_1_6.r22_memory [\r22_memory(c_xdevicefamily="vir...]
Compiling architecture structural of entity c_reg_fd_v12_0_6.c_reg_fd_v12_0_6_viv [\c_reg_fd_v12_0_6_viv(c_width=19...]
Compiling architecture rtl of entity c_addsub_v12_0_14.c_addsub_v12_0_14_lut6_legacy [\c_addsub_v12_0_14_lut6_legacy(c...]
Compiling architecture synth of entity c_addsub_v12_0_14.c_addsub_v12_0_14_fabric_legacy [\c_addsub_v12_0_14_fabric_legacy...]
Compiling architecture synth of entity c_addsub_v12_0_14.c_addsub_v12_0_14_legacy [\c_addsub_v12_0_14_legacy(c_fami...]
Compiling architecture synth of entity c_addsub_v12_0_14.c_addsub_v12_0_14_viv [\c_addsub_v12_0_14_viv(c_xdevice...]
Compiling architecture xilinx of entity xfft_v9_1_6.adder_bypass [\adder_bypass(c_xdevicefamily="v...]
Compiling architecture structural of entity c_reg_fd_v12_0_6.c_reg_fd_v12_0_6_viv [\c_reg_fd_v12_0_6_viv(c_width=19...]
Compiling architecture rtl of entity c_addsub_v12_0_14.c_addsub_v12_0_14_lut6_legacy [\c_addsub_v12_0_14_lut6_legacy(c...]
Compiling architecture synth of entity c_addsub_v12_0_14.c_addsub_v12_0_14_fabric_legacy [\c_addsub_v12_0_14_fabric_legacy...]
Compiling architecture synth of entity c_addsub_v12_0_14.c_addsub_v12_0_14_legacy [\c_addsub_v12_0_14_legacy(c_fami...]
Compiling architecture synth of entity c_addsub_v12_0_14.c_addsub_v12_0_14_viv [\c_addsub_v12_0_14_viv(c_xdevice...]
Compiling architecture xilinx of entity xfft_v9_1_6.sub_byp [\sub_byp(c_xdevicefamily="virtex...]
Compiling architecture xilinx of entity xfft_v9_1_6.r22_bfly_byp [\r22_bfly_byp(c_xdevicefamily="v...]
Compiling architecture xilinx of entity xfft_v9_1_6.r22_bf [\r22_bf(c_xdevicefamily="virtexu...]
Compiling architecture xilinx of entity xfft_v9_1_6.shift_ram [\shift_ram(c_xdevicefamily="virt...]
Compiling architecture struct of entity c_shift_ram_v12_0_14.c_shift_ram_v12_0_14_legacy [\c_shift_ram_v12_0_14_legacy(c_x...]
Compiling architecture synth of entity c_shift_ram_v12_0_14.c_shift_ram_v12_0_14_viv [\c_shift_ram_v12_0_14_viv(c_xdev...]
Compiling architecture xilinx of entity xfft_v9_1_6.shift_ram [\shift_ram(c_xdevicefamily="virt...]
Compiling architecture structural of entity c_reg_fd_v12_0_6.c_reg_fd_v12_0_6_viv [\c_reg_fd_v12_0_6_viv(c_width=11...]
Compiling architecture rtl of entity c_addsub_v12_0_14.c_addsub_v12_0_14_lut6_legacy [\c_addsub_v12_0_14_lut6_legacy(c...]
Compiling architecture synth of entity c_addsub_v12_0_14.c_addsub_v12_0_14_fabric_legacy [\c_addsub_v12_0_14_fabric_legacy...]
Compiling architecture synth of entity c_addsub_v12_0_14.c_addsub_v12_0_14_legacy [\c_addsub_v12_0_14_legacy(c_fami...]
Compiling architecture synth of entity c_addsub_v12_0_14.c_addsub_v12_0_14_viv [\c_addsub_v12_0_14_viv(c_xdevice...]
Compiling architecture xilinx of entity xfft_v9_1_6.adder [\adder(c_xdevicefamily="virtexup...]
Compiling architecture lut6_v of entity unisim.LUT6 [\LUT6(init="11111111000000001111...]
Compiling architecture xilinx of entity xfft_v9_1_6.mux_bus4 [\mux_bus4(c_xdevicefamily="virte...]
Compiling architecture xilinx of entity xfft_v9_1_6.shift_ram [\shift_ram(c_xdevicefamily="virt...]
Compiling architecture xilinx of entity xfft_v9_1_6.twos_comp [\twos_comp(c_data_width=9,c_has_...]
Compiling architecture lut6_v of entity unisim.LUT6 [\LUT6(init="10000000000000000000...]
Compiling architecture xilinx of entity xfft_v9_1_6.logic_gate [\logic_gate(c_xdevicefamily="vir...]
Compiling architecture xilinx of entity xfft_v9_1_6.twgen_quarter_sin [\twgen_quarter_sin(c_xdevicefami...]
Compiling architecture xilinx of entity xfft_v9_1_6.twiddle_gen [\twiddle_gen(c_xdevicefamily="vi...]
Compiling architecture xilinx of entity xfft_v9_1_6.r22_tw_gen [\r22_tw_gen(c_xdevicefamily="vir...]
Compiling architecture xilinx of entity cmpy_v6_0_20.delay_line [\delay_line(c_xdevicefamily="vir...]
Compiling architecture xilinx of entity cmpy_v6_0_20.delay_line [\delay_line(c_xdevicefamily="vir...]
Compiling architecture xilinx of entity mult_gen_v12_0_17.delay_line [\delay_line(c_xdevicefamily="vir...]
Compiling architecture xilinx of entity mult_gen_v12_0_17.delay_line [\delay_line(c_xdevicefamily="vir...]
Compiling architecture dsp48e2_v of entity unisim.DSP48E2 [\DSP48E2(acascreg=2,alumodereg=0...]
Compiling architecture xilinx of entity mult_gen_v12_0_17.delay_line [\delay_line(c_xdevicefamily="vir...]
Compiling architecture xilinx of entity mult_gen_v12_0_17.dsp [\dsp(c_xdevicefamily="virtexuplu...]
Compiling architecture xilinx of entity cmpy_v6_0_20.cmpy_3_dsp48_mult [\cmpy_3_dsp48_mult(c_xdevicefami...]
Compiling architecture xilinx of entity mult_gen_v12_0_17.delay_line [\delay_line(c_xdevicefamily="vir...]
Compiling architecture xilinx of entity mult_gen_v12_0_17.delay_line [\delay_line(c_xdevicefamily="vir...]
Compiling architecture dsp48e2_v of entity unisim.DSP48E2 [\DSP48E2(alumodereg=0,amultsel="...]
Compiling architecture xilinx of entity mult_gen_v12_0_17.op_resize [\op_resize(ai_width=19,bi_width=...]
Compiling architecture xilinx of entity mult_gen_v12_0_17.dsp [\dsp(c_xdevicefamily="virtexuplu...]
Compiling architecture xilinx of entity cmpy_v6_0_20.cmpy_3_dsp48_mult [\cmpy_3_dsp48_mult(c_xdevicefami...]
Compiling architecture xilinx of entity mult_gen_v12_0_17.dsp [\dsp(c_xdevicefamily="virtexuplu...]
Compiling architecture xilinx of entity cmpy_v6_0_20.cmpy_3_dsp48_mult [\cmpy_3_dsp48_mult(c_xdevicefami...]
Compiling architecture xilinx of entity cmpy_v6_0_20.input_negation [\input_negation(c_xdevicefamily=...]
Compiling architecture xilinx of entity cmpy_v6_0_20.delay_line [\delay_line(c_xdevicefamily="vir...]
Compiling architecture xilinx of entity cmpy_v6_0_20.delay_line [\delay_line(c_xdevicefamily="vir...]
Compiling architecture xilinx of entity cmpy_v6_0_20.cmpy_3_dsp48 [\cmpy_3_dsp48(c_xdevicefamily="v...]
Compiling architecture xilinx of entity cmpy_v6_0_20.cmpy_v6_0_20_synth [\cmpy_v6_0_20_synth(c_xdevicefam...]
Compiling architecture xilinx of entity xfft_v9_1_6.cmpy [\cmpy(c_xdevicefamily="virtexupl...]
Compiling architecture xilinx of entity xfft_v9_1_6.mux_bus4 [\mux_bus4(c_xdevicefamily="virte...]
Compiling architecture xilinx of entity xfft_v9_1_6.arith_shift3 [\arith_shift3(c_xdevicefamily="v...]
Compiling architecture rtl of entity c_addsub_v12_0_14.c_addsub_v12_0_14_lut6_legacy [\c_addsub_v12_0_14_lut6_legacy(c...]
Compiling architecture synth of entity c_addsub_v12_0_14.c_addsub_v12_0_14_fabric_legacy [\c_addsub_v12_0_14_fabric_legacy...]
Compiling architecture synth of entity c_addsub_v12_0_14.c_addsub_v12_0_14_legacy [\c_addsub_v12_0_14_legacy(c_fami...]
Compiling architecture synth of entity c_addsub_v12_0_14.c_addsub_v12_0_14_viv [\c_addsub_v12_0_14_viv(c_xdevice...]
Compiling architecture xilinx of entity xfft_v9_1_6.equ_rtl [\equ_rtl(c_xdevicefamily="virtex...]
Compiling architecture xilinx of entity xfft_v9_1_6.cnt_tc_rtl [\cnt_tc_rtl(c_xdevicefamily="vir...]
Compiling architecture structural of entity c_reg_fd_v12_0_6.c_reg_fd_v12_0_6_viv [\c_reg_fd_v12_0_6_viv(c_sync_pri...]
Compiling architecture struct of entity c_shift_ram_v12_0_14.c_shift_ram_v12_0_14_legacy [\c_shift_ram_v12_0_14_legacy(c_x...]
Compiling architecture synth of entity c_shift_ram_v12_0_14.c_shift_ram_v12_0_14_viv [\c_shift_ram_v12_0_14_viv(c_xdev...]
Compiling architecture xilinx of entity xfft_v9_1_6.shift_ram [\shift_ram(c_xdevicefamily="virt...]
Compiling architecture xilinx of entity xfft_v9_1_6.r22_ovflo [r22_ovflo_default]
Compiling architecture lut6_v of entity unisim.LUT6 [\LUT6(init="00000000000000000000...]
Compiling architecture xilinx of entity xfft_v9_1_6.logic_gate [\logic_gate(c_xdevicefamily="vir...]
Compiling architecture xilinx of entity xfft_v9_1_6.shift_ram [\shift_ram(c_xdevicefamily="virt...]
Compiling architecture xilinx of entity xfft_v9_1_6.logic_gate [\logic_gate(c_xdevicefamily="vir...]
Compiling architecture rtl of entity c_addsub_v12_0_14.c_addsub_v12_0_14_lut6_legacy [\c_addsub_v12_0_14_lut6_legacy(c...]
Compiling architecture synth of entity c_addsub_v12_0_14.c_addsub_v12_0_14_fabric_legacy [\c_addsub_v12_0_14_fabric_legacy...]
Compiling architecture synth of entity c_addsub_v12_0_14.c_addsub_v12_0_14_legacy [\c_addsub_v12_0_14_legacy(c_fami...]
Compiling architecture synth of entity c_addsub_v12_0_14.c_addsub_v12_0_14_viv [\c_addsub_v12_0_14_viv(c_xdevice...]
Compiling architecture xilinx of entity xfft_v9_1_6.unbiased_round [\unbiased_round(c_xdevicefamily=...]
Compiling architecture xilinx of entity xfft_v9_1_6.shift_ram [\shift_ram(c_xdevicefamily="virt...]
Compiling architecture xilinx of entity xfft_v9_1_6.shift_ram [\shift_ram(c_xdevicefamily="virt...]
Compiling architecture xilinx of entity xfft_v9_1_6.r22_pe [\r22_pe(c_xdevicefamily="virtexu...]
Compiling architecture synth of entity xfft_v9_1_6.srl_fifo [\srl_fifo(c_width=1)\]
Compiling architecture xilinx of entity xfft_v9_1_6.r22_cnt_ctrl [\r22_cnt_ctrl(c_xdevicefamily="v...]
Compiling architecture xilinx of entity xfft_v9_1_6.r22_cnt_ctrl [\r22_cnt_ctrl(c_xdevicefamily="v...]
Compiling architecture struct of entity c_shift_ram_v12_0_14.c_shift_ram_v12_0_14_legacy [\c_shift_ram_v12_0_14_legacy(c_x...]
Compiling architecture synth of entity c_shift_ram_v12_0_14.c_shift_ram_v12_0_14_viv [\c_shift_ram_v12_0_14_viv(c_xdev...]
Compiling architecture xilinx of entity xfft_v9_1_6.shift_ram [\shift_ram(c_xdevicefamily="virt...]
Compiling architecture struct of entity c_shift_ram_v12_0_14.c_shift_ram_v12_0_14_legacy [\c_shift_ram_v12_0_14_legacy(c_x...]
Compiling architecture synth of entity c_shift_ram_v12_0_14.c_shift_ram_v12_0_14_viv [\c_shift_ram_v12_0_14_viv(c_xdev...]
Compiling architecture xilinx of entity xfft_v9_1_6.shift_ram [\shift_ram(c_xdevicefamily="virt...]
Compiling architecture xilinx of entity xfft_v9_1_6.r22_delay_mux [\r22_delay_mux(c_xdevicefamily="...]
Compiling architecture xilinx of entity xfft_v9_1_6.r22_delay_mux [\r22_delay_mux(c_xdevicefamily="...]
Compiling architecture xilinx of entity xfft_v9_1_6.shift_ram [\shift_ram(c_xdevicefamily="virt...]
Compiling architecture xilinx of entity xfft_v9_1_6.shift_ram [\shift_ram(c_xdevicefamily="virt...]
Compiling architecture xilinx of entity xfft_v9_1_6.dpm [\dpm(c_xdevicefamily="virtexuplu...]
Compiling architecture xilinx of entity xfft_v9_1_6.r22_memory [\r22_memory(c_xdevicefamily="vir...]
Compiling architecture xilinx of entity xfft_v9_1_6.r22_bf [\r22_bf(c_xdevicefamily="virtexu...]
Compiling architecture xilinx of entity xfft_v9_1_6.r22_delay_mux [\r22_delay_mux(c_xdevicefamily="...]
Compiling architecture xilinx of entity xfft_v9_1_6.r22_delay_mux [\r22_delay_mux(c_xdevicefamily="...]
Compiling architecture xilinx of entity xfft_v9_1_6.shift_ram [\shift_ram(c_xdevicefamily="virt...]
Compiling architecture xilinx of entity xfft_v9_1_6.shift_ram [\shift_ram(c_xdevicefamily="virt...]
Compiling architecture xilinx of entity xfft_v9_1_6.dpm [\dpm(c_xdevicefamily="virtexuplu...]
Compiling architecture xilinx of entity xfft_v9_1_6.r22_memory [\r22_memory(c_xdevicefamily="vir...]
Compiling architecture xilinx of entity xfft_v9_1_6.r22_bf [\r22_bf(c_xdevicefamily="virtexu...]
Compiling architecture xilinx of entity xfft_v9_1_6.shift_ram [\shift_ram(c_xdevicefamily="virt...]
Compiling architecture structural of entity c_reg_fd_v12_0_6.c_reg_fd_v12_0_6_viv [\c_reg_fd_v12_0_6_viv(c_width=9,...]
Compiling architecture rtl of entity c_addsub_v12_0_14.c_addsub_v12_0_14_lut6_legacy [\c_addsub_v12_0_14_lut6_legacy(c...]
Compiling architecture synth of entity c_addsub_v12_0_14.c_addsub_v12_0_14_fabric_legacy [\c_addsub_v12_0_14_fabric_legacy...]
Compiling architecture synth of entity c_addsub_v12_0_14.c_addsub_v12_0_14_legacy [\c_addsub_v12_0_14_legacy(c_fami...]
Compiling architecture synth of entity c_addsub_v12_0_14.c_addsub_v12_0_14_viv [\c_addsub_v12_0_14_viv(c_xdevice...]
Compiling architecture xilinx of entity xfft_v9_1_6.adder [\adder(c_xdevicefamily="virtexup...]
Compiling architecture xilinx of entity xfft_v9_1_6.mux_bus4 [\mux_bus4(c_xdevicefamily="virte...]
Compiling architecture vcc_v of entity unisim.VCC [vcc_default]
Compiling architecture xilinx of entity xfft_v9_1_6.twgen_half_sincos [\twgen_half_sincos(c_xdevicefami...]
Compiling architecture xilinx of entity xfft_v9_1_6.twiddle_gen [\twiddle_gen(c_xdevicefamily="vi...]
Compiling architecture xilinx of entity xfft_v9_1_6.r22_tw_gen [\r22_tw_gen(c_xdevicefamily="vir...]
Compiling architecture xilinx of entity xfft_v9_1_6.shift_ram [\shift_ram(c_xdevicefamily="virt...]
Compiling architecture xilinx of entity xfft_v9_1_6.shift_ram [\shift_ram(c_xdevicefamily="virt...]
Compiling architecture xilinx of entity xfft_v9_1_6.r22_pe [\r22_pe(c_xdevicefamily="virtexu...]
Compiling architecture xilinx of entity xfft_v9_1_6.r22_cnt_ctrl [\r22_cnt_ctrl(c_xdevicefamily="v...]
Compiling architecture xilinx of entity xfft_v9_1_6.r22_cnt_ctrl [\r22_cnt_ctrl(c_xdevicefamily="v...]
Compiling architecture struct of entity c_shift_ram_v12_0_14.c_shift_ram_v12_0_14_legacy [\c_shift_ram_v12_0_14_legacy(c_x...]
Compiling architecture synth of entity c_shift_ram_v12_0_14.c_shift_ram_v12_0_14_viv [\c_shift_ram_v12_0_14_viv(c_xdev...]
Compiling architecture xilinx of entity xfft_v9_1_6.shift_ram [\shift_ram(c_xdevicefamily="virt...]
Compiling architecture struct of entity c_shift_ram_v12_0_14.c_shift_ram_v12_0_14_legacy [\c_shift_ram_v12_0_14_legacy(c_x...]
Compiling architecture synth of entity c_shift_ram_v12_0_14.c_shift_ram_v12_0_14_viv [\c_shift_ram_v12_0_14_viv(c_xdev...]
Compiling architecture xilinx of entity xfft_v9_1_6.shift_ram [\shift_ram(c_xdevicefamily="virt...]
Compiling architecture xilinx of entity xfft_v9_1_6.r22_delay_mux [\r22_delay_mux(c_xdevicefamily="...]
Compiling architecture xilinx of entity xfft_v9_1_6.r22_delay_mux [\r22_delay_mux(c_xdevicefamily="...]
Compiling architecture xilinx of entity xfft_v9_1_6.shift_ram [\shift_ram(c_xdevicefamily="virt...]
Compiling architecture xilinx of entity xfft_v9_1_6.shift_ram [\shift_ram(c_xdevicefamily="virt...]
Compiling architecture struct of entity c_shift_ram_v12_0_14.c_shift_ram_v12_0_14_legacy [\c_shift_ram_v12_0_14_legacy(c_x...]
Compiling architecture synth of entity c_shift_ram_v12_0_14.c_shift_ram_v12_0_14_viv [\c_shift_ram_v12_0_14_viv(c_xdev...]
Compiling architecture synth of entity xfft_v9_1_6.r22_srl_memory [\r22_srl_memory(c_xdevicefamily=...]
Compiling architecture xilinx of entity xfft_v9_1_6.r22_memory [\r22_memory(c_xdevicefamily="vir...]
Compiling architecture xilinx of entity xfft_v9_1_6.r22_bf [\r22_bf(c_xdevicefamily="virtexu...]
Compiling architecture xilinx of entity xfft_v9_1_6.r22_delay_mux [\r22_delay_mux(c_xdevicefamily="...]
Compiling architecture xilinx of entity xfft_v9_1_6.r22_delay_mux [\r22_delay_mux(c_xdevicefamily="...]
Compiling architecture xilinx of entity xfft_v9_1_6.shift_ram [\shift_ram(c_xdevicefamily="virt...]
Compiling architecture xilinx of entity xfft_v9_1_6.shift_ram [\shift_ram(c_xdevicefamily="virt...]
Compiling architecture struct of entity c_shift_ram_v12_0_14.c_shift_ram_v12_0_14_legacy [\c_shift_ram_v12_0_14_legacy(c_x...]
Compiling architecture synth of entity c_shift_ram_v12_0_14.c_shift_ram_v12_0_14_viv [\c_shift_ram_v12_0_14_viv(c_xdev...]
Compiling architecture synth of entity xfft_v9_1_6.r22_srl_memory [\r22_srl_memory(c_xdevicefamily=...]
Compiling architecture xilinx of entity xfft_v9_1_6.r22_memory [\r22_memory(c_xdevicefamily="vir...]
Compiling architecture xilinx of entity xfft_v9_1_6.r22_bf [\r22_bf(c_xdevicefamily="virtexu...]
Compiling architecture structural of entity c_reg_fd_v12_0_6.c_reg_fd_v12_0_6_viv [\c_reg_fd_v12_0_6_viv(c_width=7,...]
Compiling architecture rtl of entity c_addsub_v12_0_14.c_addsub_v12_0_14_lut6_legacy [\c_addsub_v12_0_14_lut6_legacy(c...]
Compiling architecture synth of entity c_addsub_v12_0_14.c_addsub_v12_0_14_fabric_legacy [\c_addsub_v12_0_14_fabric_legacy...]
Compiling architecture synth of entity c_addsub_v12_0_14.c_addsub_v12_0_14_legacy [\c_addsub_v12_0_14_legacy(c_fami...]
Compiling architecture synth of entity c_addsub_v12_0_14.c_addsub_v12_0_14_viv [\c_addsub_v12_0_14_viv(c_xdevice...]
Compiling architecture xilinx of entity xfft_v9_1_6.adder [\adder(c_xdevicefamily="virtexup...]
Compiling architecture xilinx of entity xfft_v9_1_6.mux_bus4 [\mux_bus4(c_xdevicefamily="virte...]
Compiling architecture xilinx of entity xfft_v9_1_6.shift_ram [\shift_ram(c_xdevicefamily="virt...]
Compiling architecture xilinx of entity xfft_v9_1_6.twgen_distmem [\twgen_distmem(theta_width=6,pip...]
Compiling architecture xilinx of entity xfft_v9_1_6.twiddle_gen [\twiddle_gen(c_xdevicefamily="vi...]
Compiling architecture xilinx of entity xfft_v9_1_6.r22_tw_gen [\r22_tw_gen(c_xdevicefamily="vir...]
Compiling architecture xilinx of entity xfft_v9_1_6.shift_ram [\shift_ram(c_xdevicefamily="virt...]
Compiling architecture xilinx of entity xfft_v9_1_6.shift_ram [\shift_ram(c_xdevicefamily="virt...]
Compiling architecture xilinx of entity xfft_v9_1_6.r22_pe [\r22_pe(c_xdevicefamily="virtexu...]
Compiling architecture xilinx of entity xfft_v9_1_6.r22_cnt_ctrl [\r22_cnt_ctrl(c_xdevicefamily="v...]
Compiling architecture xilinx of entity xfft_v9_1_6.r22_cnt_ctrl [\r22_cnt_ctrl(c_xdevicefamily="v...]
Compiling architecture struct of entity c_shift_ram_v12_0_14.c_shift_ram_v12_0_14_legacy [\c_shift_ram_v12_0_14_legacy(c_x...]
Compiling architecture synth of entity c_shift_ram_v12_0_14.c_shift_ram_v12_0_14_viv [\c_shift_ram_v12_0_14_viv(c_xdev...]
Compiling architecture xilinx of entity xfft_v9_1_6.shift_ram [\shift_ram(c_xdevicefamily="virt...]
Compiling architecture struct of entity c_shift_ram_v12_0_14.c_shift_ram_v12_0_14_legacy [\c_shift_ram_v12_0_14_legacy(c_x...]
Compiling architecture synth of entity c_shift_ram_v12_0_14.c_shift_ram_v12_0_14_viv [\c_shift_ram_v12_0_14_viv(c_xdev...]
Compiling architecture xilinx of entity xfft_v9_1_6.shift_ram [\shift_ram(c_xdevicefamily="virt...]
Compiling architecture struct of entity c_shift_ram_v12_0_14.c_shift_ram_v12_0_14_legacy [\c_shift_ram_v12_0_14_legacy(c_x...]
Compiling architecture synth of entity c_shift_ram_v12_0_14.c_shift_ram_v12_0_14_viv [\c_shift_ram_v12_0_14_viv(c_xdev...]
Compiling architecture xilinx of entity xfft_v9_1_6.shift_ram [\shift_ram(c_xdevicefamily="virt...]
Compiling architecture struct of entity c_shift_ram_v12_0_14.c_shift_ram_v12_0_14_legacy [\c_shift_ram_v12_0_14_legacy(c_x...]
Compiling architecture synth of entity c_shift_ram_v12_0_14.c_shift_ram_v12_0_14_viv [\c_shift_ram_v12_0_14_viv(c_xdev...]
Compiling architecture xilinx of entity xfft_v9_1_6.shift_ram [\shift_ram(c_xdevicefamily="virt...]
Compiling architecture struct of entity c_shift_ram_v12_0_14.c_shift_ram_v12_0_14_legacy [\c_shift_ram_v12_0_14_legacy(c_x...]
Compiling architecture synth of entity c_shift_ram_v12_0_14.c_shift_ram_v12_0_14_viv [\c_shift_ram_v12_0_14_viv(c_xdev...]
Compiling architecture xilinx of entity xfft_v9_1_6.shift_ram [\shift_ram(c_xdevicefamily="virt...]
Compiling architecture struct of entity c_shift_ram_v12_0_14.c_shift_ram_v12_0_14_legacy [\c_shift_ram_v12_0_14_legacy(c_x...]
Compiling architecture synth of entity c_shift_ram_v12_0_14.c_shift_ram_v12_0_14_viv [\c_shift_ram_v12_0_14_viv(c_xdev...]
Compiling architecture xilinx of entity xfft_v9_1_6.shift_ram [\shift_ram(c_xdevicefamily="virt...]
Compiling architecture struct of entity c_shift_ram_v12_0_14.c_shift_ram_v12_0_14_legacy [\c_shift_ram_v12_0_14_legacy(c_x...]
Compiling architecture synth of entity c_shift_ram_v12_0_14.c_shift_ram_v12_0_14_viv [\c_shift_ram_v12_0_14_viv(c_xdev...]
Compiling architecture xilinx of entity xfft_v9_1_6.shift_ram [\shift_ram(c_xdevicefamily="virt...]
Compiling architecture struct of entity c_shift_ram_v12_0_14.c_shift_ram_v12_0_14_legacy [\c_shift_ram_v12_0_14_legacy(c_x...]
Compiling architecture synth of entity c_shift_ram_v12_0_14.c_shift_ram_v12_0_14_viv [\c_shift_ram_v12_0_14_viv(c_xdev...]
Compiling architecture xilinx of entity xfft_v9_1_6.shift_ram [\shift_ram(c_xdevicefamily="virt...]
Compiling architecture structural of entity c_reg_fd_v12_0_6.c_reg_fd_v12_0_6_viv [\c_reg_fd_v12_0_6_viv(c_width=17...]
Compiling architecture rtl of entity c_addsub_v12_0_14.c_addsub_v12_0_14_lut6_legacy [\c_addsub_v12_0_14_lut6_legacy(c...]
Compiling architecture synth of entity c_addsub_v12_0_14.c_addsub_v12_0_14_fabric_legacy [\c_addsub_v12_0_14_fabric_legacy...]
Compiling architecture synth of entity c_addsub_v12_0_14.c_addsub_v12_0_14_legacy [\c_addsub_v12_0_14_legacy(c_fami...]
Compiling architecture synth of entity c_addsub_v12_0_14.c_addsub_v12_0_14_viv [\c_addsub_v12_0_14_viv(c_xdevice...]
Compiling architecture xilinx of entity xfft_v9_1_6.adder [\adder(c_xdevicefamily="virtexup...]
Compiling architecture struct of entity c_shift_ram_v12_0_14.c_shift_ram_v12_0_14_legacy [\c_shift_ram_v12_0_14_legacy(c_x...]
Compiling architecture synth of entity c_shift_ram_v12_0_14.c_shift_ram_v12_0_14_viv [\c_shift_ram_v12_0_14_viv(c_xdev...]
Compiling architecture xilinx of entity xfft_v9_1_6.shift_ram [\shift_ram(c_xdevicefamily="virt...]
Compiling architecture xilinx of entity xfft_v9_1_6.shift_ram [\shift_ram(c_xdevicefamily="virt...]
Compiling architecture xilinx of entity xfft_v9_1_6.mux_bus2 [\mux_bus2(c_xdevicefamily="virte...]
Compiling architecture xilinx of entity xfft_v9_1_6.shift_ram [\shift_ram(c_xdevicefamily="virt...]
Compiling architecture xilinx of entity xfft_v9_1_6.r22_bf_sp [\r22_bf_sp(c_xdevicefamily="virt...]
Compiling architecture rtl of entity c_addsub_v12_0_14.c_addsub_v12_0_14_lut6_legacy [\c_addsub_v12_0_14_lut6_legacy(c...]
Compiling architecture synth of entity c_addsub_v12_0_14.c_addsub_v12_0_14_fabric_legacy [\c_addsub_v12_0_14_fabric_legacy...]
Compiling architecture synth of entity c_addsub_v12_0_14.c_addsub_v12_0_14_legacy [\c_addsub_v12_0_14_legacy(c_fami...]
Compiling architecture synth of entity c_addsub_v12_0_14.c_addsub_v12_0_14_viv [\c_addsub_v12_0_14_viv(c_xdevice...]
Compiling architecture xilinx of entity xfft_v9_1_6.adder [\adder(c_xdevicefamily="virtexup...]
Compiling architecture struct of entity c_shift_ram_v12_0_14.c_shift_ram_v12_0_14_legacy [\c_shift_ram_v12_0_14_legacy(c_x...]
Compiling architecture synth of entity c_shift_ram_v12_0_14.c_shift_ram_v12_0_14_viv [\c_shift_ram_v12_0_14_viv(c_xdev...]
Compiling architecture xilinx of entity xfft_v9_1_6.shift_ram [\shift_ram(c_xdevicefamily="virt...]
Compiling architecture xilinx of entity xfft_v9_1_6.shift_ram [\shift_ram(c_xdevicefamily="virt...]
Compiling architecture xilinx of entity xfft_v9_1_6.r22_bf_sp [\r22_bf_sp(c_xdevicefamily="virt...]
Compiling architecture struct of entity c_shift_ram_v12_0_14.c_shift_ram_v12_0_14_legacy [\c_shift_ram_v12_0_14_legacy(c_x...]
Compiling architecture synth of entity c_shift_ram_v12_0_14.c_shift_ram_v12_0_14_viv [\c_shift_ram_v12_0_14_viv(c_xdev...]
Compiling architecture xilinx of entity xfft_v9_1_6.shift_ram [\shift_ram(c_xdevicefamily="virt...]
Compiling architecture struct of entity c_shift_ram_v12_0_14.c_shift_ram_v12_0_14_legacy [\c_shift_ram_v12_0_14_legacy(c_x...]
Compiling architecture synth of entity c_shift_ram_v12_0_14.c_shift_ram_v12_0_14_viv [\c_shift_ram_v12_0_14_viv(c_xdev...]
Compiling architecture xilinx of entity xfft_v9_1_6.shift_ram [\shift_ram(c_xdevicefamily="virt...]
Compiling architecture structural of entity c_reg_fd_v12_0_6.c_reg_fd_v12_0_6_viv [\c_reg_fd_v12_0_6_viv(c_width=5,...]
Compiling architecture rtl of entity c_addsub_v12_0_14.c_addsub_v12_0_14_lut6_legacy [\c_addsub_v12_0_14_lut6_legacy(c...]
Compiling architecture synth of entity c_addsub_v12_0_14.c_addsub_v12_0_14_fabric_legacy [\c_addsub_v12_0_14_fabric_legacy...]
Compiling architecture synth of entity c_addsub_v12_0_14.c_addsub_v12_0_14_legacy [\c_addsub_v12_0_14_legacy(c_fami...]
Compiling architecture synth of entity c_addsub_v12_0_14.c_addsub_v12_0_14_viv [\c_addsub_v12_0_14_viv(c_xdevice...]
Compiling architecture xilinx of entity xfft_v9_1_6.adder [\adder(c_xdevicefamily="virtexup...]
Compiling architecture xilinx of entity xfft_v9_1_6.mux_bus4 [\mux_bus4(c_xdevicefamily="virte...]
Compiling architecture xilinx of entity xfft_v9_1_6.twgen_distmem [\twgen_distmem(theta_width=4,pip...]
Compiling architecture xilinx of entity xfft_v9_1_6.twiddle_gen [\twiddle_gen(c_xdevicefamily="vi...]
Compiling architecture xilinx of entity xfft_v9_1_6.r22_tw_gen [\r22_tw_gen(c_xdevicefamily="vir...]
Compiling architecture struct of entity c_shift_ram_v12_0_14.c_shift_ram_v12_0_14_legacy [\c_shift_ram_v12_0_14_legacy(c_x...]
Compiling architecture synth of entity c_shift_ram_v12_0_14.c_shift_ram_v12_0_14_viv [\c_shift_ram_v12_0_14_viv(c_xdev...]
Compiling architecture xilinx of entity xfft_v9_1_6.shift_ram [\shift_ram(c_xdevicefamily="virt...]
Compiling architecture xilinx of entity xfft_v9_1_6.shift_ram [\shift_ram(c_xdevicefamily="virt...]
Compiling architecture xilinx of entity xfft_v9_1_6.r22_pe [\r22_pe(c_xdevicefamily="virtexu...]
Compiling architecture xilinx of entity xfft_v9_1_6.r22_cnt_ctrl [\r22_cnt_ctrl(c_xdevicefamily="v...]
Compiling architecture xilinx of entity xfft_v9_1_6.r22_cnt_ctrl [\r22_cnt_ctrl(c_xdevicefamily="v...]
Compiling architecture struct of entity c_shift_ram_v12_0_14.c_shift_ram_v12_0_14_legacy [\c_shift_ram_v12_0_14_legacy(c_x...]
Compiling architecture synth of entity c_shift_ram_v12_0_14.c_shift_ram_v12_0_14_viv [\c_shift_ram_v12_0_14_viv(c_xdev...]
Compiling architecture xilinx of entity xfft_v9_1_6.shift_ram [\shift_ram(c_xdevicefamily="virt...]
Compiling architecture struct of entity c_shift_ram_v12_0_14.c_shift_ram_v12_0_14_legacy [\c_shift_ram_v12_0_14_legacy(c_x...]
Compiling architecture synth of entity c_shift_ram_v12_0_14.c_shift_ram_v12_0_14_viv [\c_shift_ram_v12_0_14_viv(c_xdev...]
Compiling architecture xilinx of entity xfft_v9_1_6.shift_ram [\shift_ram(c_xdevicefamily="virt...]
Compiling architecture struct of entity c_shift_ram_v12_0_14.c_shift_ram_v12_0_14_legacy [\c_shift_ram_v12_0_14_legacy(c_x...]
Compiling architecture synth of entity c_shift_ram_v12_0_14.c_shift_ram_v12_0_14_viv [\c_shift_ram_v12_0_14_viv(c_xdev...]
Compiling architecture xilinx of entity xfft_v9_1_6.shift_ram [\shift_ram(c_xdevicefamily="virt...]
Compiling architecture struct of entity c_shift_ram_v12_0_14.c_shift_ram_v12_0_14_legacy [\c_shift_ram_v12_0_14_legacy(c_x...]
Compiling architecture synth of entity c_shift_ram_v12_0_14.c_shift_ram_v12_0_14_viv [\c_shift_ram_v12_0_14_viv(c_xdev...]
Compiling architecture xilinx of entity xfft_v9_1_6.shift_ram [\shift_ram(c_xdevicefamily="virt...]
Compiling architecture struct of entity c_shift_ram_v12_0_14.c_shift_ram_v12_0_14_legacy [\c_shift_ram_v12_0_14_legacy(c_x...]
Compiling architecture synth of entity c_shift_ram_v12_0_14.c_shift_ram_v12_0_14_viv [\c_shift_ram_v12_0_14_viv(c_xdev...]
Compiling architecture xilinx of entity xfft_v9_1_6.shift_ram [\shift_ram(c_xdevicefamily="virt...]
Compiling architecture struct of entity c_shift_ram_v12_0_14.c_shift_ram_v12_0_14_legacy [\c_shift_ram_v12_0_14_legacy(c_x...]
Compiling architecture synth of entity c_shift_ram_v12_0_14.c_shift_ram_v12_0_14_viv [\c_shift_ram_v12_0_14_viv(c_xdev...]
Compiling architecture xilinx of entity xfft_v9_1_6.shift_ram [\shift_ram(c_xdevicefamily="virt...]
Compiling architecture struct of entity c_shift_ram_v12_0_14.c_shift_ram_v12_0_14_legacy [\c_shift_ram_v12_0_14_legacy(c_x...]
Compiling architecture synth of entity c_shift_ram_v12_0_14.c_shift_ram_v12_0_14_viv [\c_shift_ram_v12_0_14_viv(c_xdev...]
Compiling architecture xilinx of entity xfft_v9_1_6.shift_ram [\shift_ram(c_xdevicefamily="virt...]
Compiling architecture struct of entity c_shift_ram_v12_0_14.c_shift_ram_v12_0_14_legacy [\c_shift_ram_v12_0_14_legacy(c_x...]
Compiling architecture synth of entity c_shift_ram_v12_0_14.c_shift_ram_v12_0_14_viv [\c_shift_ram_v12_0_14_viv(c_xdev...]
Compiling architecture xilinx of entity xfft_v9_1_6.shift_ram [\shift_ram(c_xdevicefamily="virt...]
Compiling architecture struct of entity c_shift_ram_v12_0_14.c_shift_ram_v12_0_14_legacy [\c_shift_ram_v12_0_14_legacy(c_x...]
Compiling architecture synth of entity c_shift_ram_v12_0_14.c_shift_ram_v12_0_14_viv [\c_shift_ram_v12_0_14_viv(c_xdev...]
Compiling architecture xilinx of entity xfft_v9_1_6.shift_ram [\shift_ram(c_xdevicefamily="virt...]
Compiling architecture xilinx of entity xfft_v9_1_6.shift_ram [\shift_ram(c_xdevicefamily="virt...]
Compiling architecture xilinx of entity xfft_v9_1_6.r22_bf_sp [\r22_bf_sp(c_xdevicefamily="virt...]
Compiling architecture xilinx of entity xfft_v9_1_6.shift_ram [\shift_ram(c_xdevicefamily="virt...]
Compiling architecture xilinx of entity xfft_v9_1_6.r22_bf_sp [\r22_bf_sp(c_xdevicefamily="virt...]
Compiling architecture xilinx of entity xfft_v9_1_6.shift_ram [\shift_ram(c_xdevicefamily="virt...]
Compiling architecture struct of entity c_shift_ram_v12_0_14.c_shift_ram_v12_0_14_legacy [\c_shift_ram_v12_0_14_legacy(c_x...]
Compiling architecture synth of entity c_shift_ram_v12_0_14.c_shift_ram_v12_0_14_viv [\c_shift_ram_v12_0_14_viv(c_xdev...]
Compiling architecture xilinx of entity xfft_v9_1_6.shift_ram [\shift_ram(c_xdevicefamily="virt...]
Compiling architecture structural of entity c_reg_fd_v12_0_6.c_reg_fd_v12_0_6_viv [\c_reg_fd_v12_0_6_viv(c_width=3,...]
Compiling architecture rtl of entity c_addsub_v12_0_14.c_addsub_v12_0_14_lut6_legacy [\c_addsub_v12_0_14_lut6_legacy(c...]
Compiling architecture synth of entity c_addsub_v12_0_14.c_addsub_v12_0_14_fabric_legacy [\c_addsub_v12_0_14_fabric_legacy...]
Compiling architecture synth of entity c_addsub_v12_0_14.c_addsub_v12_0_14_legacy [\c_addsub_v12_0_14_legacy(c_fami...]
Compiling architecture synth of entity c_addsub_v12_0_14.c_addsub_v12_0_14_viv [\c_addsub_v12_0_14_viv(c_xdevice...]
Compiling architecture xilinx of entity xfft_v9_1_6.adder [\adder(c_xdevicefamily="virtexup...]
Compiling architecture xilinx of entity xfft_v9_1_6.mux_bus4 [\mux_bus4(c_xdevicefamily="virte...]
Compiling architecture xilinx of entity xfft_v9_1_6.twgen_distmem [\twgen_distmem(theta_width=2,pip...]
Compiling architecture xilinx of entity xfft_v9_1_6.twiddle_gen [\twiddle_gen(c_xdevicefamily="vi...]
Compiling architecture xilinx of entity xfft_v9_1_6.r22_tw_gen [\r22_tw_gen(c_xdevicefamily="vir...]
Compiling architecture xilinx of entity xfft_v9_1_6.shift_ram [\shift_ram(c_xdevicefamily="virt...]
Compiling architecture xilinx of entity xfft_v9_1_6.shift_ram [\shift_ram(c_xdevicefamily="virt...]
Compiling architecture xilinx of entity xfft_v9_1_6.r22_pe [\r22_pe(c_xdevicefamily="virtexu...]
Compiling architecture struct of entity c_shift_ram_v12_0_14.c_shift_ram_v12_0_14_legacy [\c_shift_ram_v12_0_14_legacy(c_x...]
Compiling architecture synth of entity c_shift_ram_v12_0_14.c_shift_ram_v12_0_14_viv [\c_shift_ram_v12_0_14_viv(c_xdev...]
Compiling architecture xilinx of entity xfft_v9_1_6.shift_ram [\shift_ram(c_xdevicefamily="virt...]
Compiling architecture xilinx of entity xfft_v9_1_6.shift_ram [\shift_ram(c_xdevicefamily="virt...]
Compiling architecture xilinx of entity xfft_v9_1_6.shift_ram [\shift_ram(c_xdevicefamily="virt...]
Compiling architecture xilinx of entity xfft_v9_1_6.shift_ram [\shift_ram(c_xdevicefamily="virt...]
Compiling architecture xilinx of entity xfft_v9_1_6.shift_ram [\shift_ram(c_xdevicefamily="virt...]
Compiling architecture xilinx of entity xfft_v9_1_6.shift_ram [\shift_ram(c_xdevicefamily="virt...]
Compiling architecture xilinx of entity xfft_v9_1_6.shift_ram [\shift_ram(c_xdevicefamily="virt...]
Compiling architecture xilinx of entity xfft_v9_1_6.shift_ram [\shift_ram(c_xdevicefamily="virt...]
Compiling architecture xilinx of entity xfft_v9_1_6.r22_bf_sp [\r22_bf_sp(c_xdevicefamily="virt...]
Compiling architecture xilinx of entity xfft_v9_1_6.arith_shift1 [\arith_shift1(c_xdevicefamily="v...]
Compiling architecture xilinx of entity xfft_v9_1_6.shift_ram [\shift_ram(c_xdevicefamily="virt...]
Compiling architecture xilinx of entity xfft_v9_1_6.r22_ovflo [\r22_ovflo(c_width=2)\]
Compiling architecture xilinx of entity xfft_v9_1_6.unbiased_round [\unbiased_round(c_xdevicefamily=...]
Compiling architecture xilinx of entity xfft_v9_1_6.shift_ram [\shift_ram(c_xdevicefamily="virt...]
Compiling architecture xilinx of entity xfft_v9_1_6.shift_ram [\shift_ram(c_xdevicefamily="virt...]
Compiling architecture xilinx of entity xfft_v9_1_6.shift_ram [\shift_ram(c_xdevicefamily="virt...]
Compiling architecture xilinx of entity xfft_v9_1_6.r22_pe [\r22_pe(c_xdevicefamily="virtexu...]
Compiling architecture xilinx of entity xfft_v9_1_6.shift_ram [\shift_ram(c_xdevicefamily="virt...]
Compiling architecture xilinx of entity xfft_v9_1_6.shift_ram [\shift_ram(c_xdevicefamily="virt...]
Compiling architecture xilinx of entity xfft_v9_1_6.shift_ram [\shift_ram(c_xdevicefamily="virt...]
Compiling architecture xilinx of entity xfft_v9_1_6.shift_ram [\shift_ram(c_xdevicefamily="virt...]
Compiling architecture rb18_internal_vhdl_v of entity unisim.RB18_INTERNAL_VHDL [\RB18_INTERNAL_VHDL(bram_size=18...]
Compiling architecture ramb18e1_v of entity unisim.RAMB18E1 [\RAMB18E1(dob_reg=1,read_width_b...]
Compiling architecture ramb18_v of entity unisim.RAMB18 [\RAMB18(dob_reg=1,read_width_b=9...]
Compiling architecture xilinx of entity xfft_v9_1_6.dpm [\dpm(c_xdevicefamily="virtexuplu...]
Compiling architecture xilinx of entity xfft_v9_1_6.r22_memory [\r22_memory(c_xdevicefamily="vir...]
Compiling architecture xilinx of entity xfft_v9_1_6.shift_ram [\shift_ram(c_xdevicefamily="virt...]
Compiling architecture xilinx of entity xfft_v9_1_6.shift_ram [\shift_ram(c_xdevicefamily="virt...]
Compiling architecture xilinx of entity xfft_v9_1_6.shift_ram [\shift_ram(c_xdevicefamily="virt...]
Compiling architecture xilinx of entity xfft_v9_1_6.r22_busy [\r22_busy(c_xdevicefamily="virte...]
Compiling architecture rtl of entity c_addsub_v12_0_14.c_addsub_v12_0_14_lut6_legacy [\c_addsub_v12_0_14_lut6_legacy(c...]
Compiling architecture synth of entity c_addsub_v12_0_14.c_addsub_v12_0_14_fabric_legacy [\c_addsub_v12_0_14_fabric_legacy...]
Compiling architecture synth of entity c_addsub_v12_0_14.c_addsub_v12_0_14_legacy [\c_addsub_v12_0_14_legacy(c_fami...]
Compiling architecture synth of entity c_addsub_v12_0_14.c_addsub_v12_0_14_viv [\c_addsub_v12_0_14_viv(c_xdevice...]
Compiling architecture xilinx of entity xfft_v9_1_6.logic_gate [\logic_gate(c_xdevicefamily="vir...]
Compiling architecture fdse_v of entity unisim.FDSE [fdse_default]
Compiling architecture xilinx of entity xfft_v9_1_6.cnt_sat [\cnt_sat(c_xdevicefamily="virtex...]
Compiling architecture rtl of entity c_addsub_v12_0_14.c_addsub_v12_0_14_lut6_legacy [\c_addsub_v12_0_14_lut6_legacy(c...]
Compiling architecture synth of entity c_addsub_v12_0_14.c_addsub_v12_0_14_fabric_legacy [\c_addsub_v12_0_14_fabric_legacy...]
Compiling architecture synth of entity c_addsub_v12_0_14.c_addsub_v12_0_14_legacy [\c_addsub_v12_0_14_legacy(c_fami...]
Compiling architecture synth of entity c_addsub_v12_0_14.c_addsub_v12_0_14_viv [\c_addsub_v12_0_14_viv(c_xdevice...]
Compiling architecture xilinx of entity xfft_v9_1_6.logic_gate [\logic_gate(c_xdevicefamily="vir...]
Compiling architecture xilinx of entity xfft_v9_1_6.cnt_sat [\cnt_sat(c_xdevicefamily="virtex...]
Compiling architecture rtl of entity c_addsub_v12_0_14.c_addsub_v12_0_14_lut6_legacy [\c_addsub_v12_0_14_lut6_legacy(c...]
Compiling architecture synth of entity c_addsub_v12_0_14.c_addsub_v12_0_14_fabric_legacy [\c_addsub_v12_0_14_fabric_legacy...]
Compiling architecture synth of entity c_addsub_v12_0_14.c_addsub_v12_0_14_legacy [\c_addsub_v12_0_14_legacy(c_fami...]
Compiling architecture synth of entity c_addsub_v12_0_14.c_addsub_v12_0_14_viv [\c_addsub_v12_0_14_viv(c_xdevice...]
Compiling architecture xilinx of entity xfft_v9_1_6.logic_gate [\logic_gate(c_xdevicefamily="vir...]
Compiling architecture xilinx of entity xfft_v9_1_6.cnt_sat [\cnt_sat(c_xdevicefamily="virtex...]
Compiling architecture xilinx of entity xfft_v9_1_6.logic_gate [\logic_gate(c_xdevicefamily="vir...]
Compiling architecture xilinx of entity xfft_v9_1_6.cnt_sat [\cnt_sat(c_xdevicefamily="virtex...]
Compiling architecture rtl of entity c_addsub_v12_0_14.c_addsub_v12_0_14_lut6_legacy [\c_addsub_v12_0_14_lut6_legacy(c...]
Compiling architecture synth of entity c_addsub_v12_0_14.c_addsub_v12_0_14_fabric_legacy [\c_addsub_v12_0_14_fabric_legacy...]
Compiling architecture synth of entity c_addsub_v12_0_14.c_addsub_v12_0_14_legacy [\c_addsub_v12_0_14_legacy(c_fami...]
Compiling architecture synth of entity c_addsub_v12_0_14.c_addsub_v12_0_14_viv [\c_addsub_v12_0_14_viv(c_xdevice...]
Compiling architecture xilinx of entity xfft_v9_1_6.logic_gate [\logic_gate(c_xdevicefamily="vir...]
Compiling architecture xilinx of entity xfft_v9_1_6.cnt_sat [\cnt_sat(c_xdevicefamily="virtex...]
Compiling architecture rtl of entity c_addsub_v12_0_14.c_addsub_v12_0_14_lut6_legacy [\c_addsub_v12_0_14_lut6_legacy(c...]
Compiling architecture synth of entity c_addsub_v12_0_14.c_addsub_v12_0_14_fabric_legacy [\c_addsub_v12_0_14_fabric_legacy...]
Compiling architecture synth of entity c_addsub_v12_0_14.c_addsub_v12_0_14_legacy [\c_addsub_v12_0_14_legacy(c_fami...]
Compiling architecture synth of entity c_addsub_v12_0_14.c_addsub_v12_0_14_viv [\c_addsub_v12_0_14_viv(c_xdevice...]
Compiling architecture xilinx of entity xfft_v9_1_6.logic_gate [\logic_gate(c_xdevicefamily="vir...]
Compiling architecture xilinx of entity xfft_v9_1_6.cnt_sat [\cnt_sat(c_xdevicefamily="virtex...]
Compiling architecture structural of entity c_reg_fd_v12_0_6.c_reg_fd_v12_0_6_viv [\c_reg_fd_v12_0_6_viv(c_width=11...]
Compiling architecture rtl of entity c_addsub_v12_0_14.c_addsub_v12_0_14_lut6_legacy [\c_addsub_v12_0_14_lut6_legacy(c...]
Compiling architecture synth of entity c_addsub_v12_0_14.c_addsub_v12_0_14_fabric_legacy [\c_addsub_v12_0_14_fabric_legacy...]
Compiling architecture synth of entity c_addsub_v12_0_14.c_addsub_v12_0_14_legacy [\c_addsub_v12_0_14_legacy(c_fami...]
Compiling architecture synth of entity c_addsub_v12_0_14.c_addsub_v12_0_14_viv [\c_addsub_v12_0_14_viv(c_xdevice...]
Compiling architecture lut6_v of entity unisim.LUT6 [\LUT6(init="10010000000010010000...]
Compiling architecture xilinx of entity xfft_v9_1_6.equ_rtl [\equ_rtl(c_xdevicefamily="virtex...]
Compiling architecture xilinx of entity xfft_v9_1_6.cnt_tc_rtl_a [\cnt_tc_rtl_a(c_xdevicefamily="v...]
Compiling architecture struct of entity c_shift_ram_v12_0_14.c_shift_ram_v12_0_14_legacy [\c_shift_ram_v12_0_14_legacy(c_x...]
Compiling architecture synth of entity c_shift_ram_v12_0_14.c_shift_ram_v12_0_14_viv [\c_shift_ram_v12_0_14_viv(c_xdev...]
Compiling architecture xilinx of entity xfft_v9_1_6.shift_ram [\shift_ram(c_xdevicefamily="virt...]
Compiling architecture xilinx of entity xfft_v9_1_6.r22_flow_ctrl [\r22_flow_ctrl(c_xdevicefamily="...]
Compiling architecture lut3_v of entity unisim.LUT3 [\LUT3(init="10101110")(0,7)\]
Compiling architecture xilinx of entity xfft_v9_1_6.r22_cnt_ctrl [\r22_cnt_ctrl(c_xdevicefamily="v...]
Compiling architecture xilinx of entity xfft_v9_1_6.shift_ram [\shift_ram(c_xdevicefamily="virt...]
Compiling architecture fdr_v of entity unisim.FDR [fdr_default]
Compiling architecture xilinx of entity xfft_v9_1_6.shift_ram [\shift_ram(c_xdevicefamily="virt...]
Compiling architecture xilinx of entity xfft_v9_1_6.shift_ram [\shift_ram(c_xdevicefamily="virt...]
Compiling architecture xilinx of entity xfft_v9_1_6.xfft_v9_1_6_d [\xfft_v9_1_6_d(c_xdevicefamily="...]
Compiling architecture synth of entity xfft_v9_1_6.xfft_v9_1_6_core [\xfft_v9_1_6_core(c_xdevicefamil...]
Compiling architecture synth of entity xfft_v9_1_6.xfft_v9_1_6_viv [\xfft_v9_1_6_viv(c_xdevicefamily...]
Compiling architecture xilinx of entity xfft_v9_1_6.xfft_v9_1_6 [\xfft_v9_1_6(c_xdevicefamily="vi...]
Compiling architecture t03_xfft_2048_main_arch of entity xil_defaultlib.t03_xfft_2048_main [t03_xfft_2048_main_default]
Compiling module xil_defaultlib.xpm_memory_base(MEMORY_TYPE=1,ME...
Compiling module xil_defaultlib.xpm_cdc_gray(INIT_SYNC_FF=1,WIDT...
Compiling module xil_defaultlib.xpm_cdc_gray(DEST_SYNC_FF=2,INIT...
Compiling module xil_defaultlib.xpm_fifo_base(COMMON_CLOCK=0,FIF...
Compiling module xil_defaultlib.xpm_fifo_async(FIFO_MEMORY_TYPE=...
Compiling module xil_defaultlib.sfo_initial_fft_service
Compiling module xil_defaultlib.sfo_initial_fft_arbiter
Compiling module xil_defaultlib.sfo_initial_estimator
Compiling module xil_defaultlib.sfo_residual_nominal_window_read...
Compiling module xil_defaultlib.xpm_counter_updn(COUNTER_WIDTH=1...
Compiling module xil_defaultlib.xpm_counter_updn(COUNTER_WIDTH=1...
Compiling module xil_defaultlib.xpm_memory_base(MEMORY_TYPE=1,ME...
Compiling module xil_defaultlib.xpm_cdc_gray(DEST_SYNC_FF=2,INIT...
Compiling module xil_defaultlib.xpm_fifo_reg_vec(REG_WIDTH=12)
Compiling module xil_defaultlib.xpm_cdc_gray(INIT_SYNC_FF=1,WIDT...
Compiling module xil_defaultlib.xpm_fifo_reg_vec(REG_WIDTH=13)
Compiling module xil_defaultlib.xpm_cdc_gray(DEST_SYNC_FF=2,INIT...
Compiling module xil_defaultlib.xpm_fifo_reg_vec(REG_WIDTH=10)
Compiling module xil_defaultlib.xpm_cdc_gray(DEST_SYNC_FF=2,INIT...
Compiling module xil_defaultlib.xpm_fifo_reg_vec(REG_WIDTH=11)
Compiling module xil_defaultlib.xpm_fifo_base(COMMON_CLOCK=0,FIF...
Compiling module xil_defaultlib.xpm_fifo_async(FIFO_MEMORY_TYPE=...
Compiling module xil_defaultlib.sfo_residual_fft_service4
Compiling module xil_defaultlib.sfo_residual_fft_window4
Compiling module xil_defaultlib.sfo_residual_pilot_select_phase4
Compiling module xil_defaultlib.sfo_residual_pilot_rotate2
Compiling module xil_defaultlib.sfo_residual_pilot_front2
Compiling module xil_defaultlib.sfo_residual_pilot_grid4
Compiling module xil_defaultlib.sfo_residual_fft_grid_stage4
Compiling module xil_defaultlib.sfo_residual_grid_packet_queue2
Compiling architecture synth of entity xfft_v9_1_6.axi_wrapper_input_fifo [\axi_wrapper_input_fifo(c_fifo_w...]
Compiling architecture synth of entity xfft_v9_1_6.axi_wrapper [\axi_wrapper(c_nfft_max=14,c_arc...]
Compiling architecture structural of entity c_reg_fd_v12_0_6.c_reg_fd_v12_0_6_viv [\c_reg_fd_v12_0_6_viv(c_width=6,...]
Compiling architecture rtl of entity c_addsub_v12_0_14.c_addsub_v12_0_14_lut6_legacy [\c_addsub_v12_0_14_lut6_legacy(c...]
Compiling architecture synth of entity c_addsub_v12_0_14.c_addsub_v12_0_14_fabric_legacy [\c_addsub_v12_0_14_fabric_legacy...]
Compiling architecture synth of entity c_addsub_v12_0_14.c_addsub_v12_0_14_legacy [\c_addsub_v12_0_14_legacy(c_fami...]
Compiling architecture synth of entity c_addsub_v12_0_14.c_addsub_v12_0_14_viv [\c_addsub_v12_0_14_viv(c_xdevice...]
Compiling architecture xilinx of entity xfft_v9_1_6.subtracter [\subtracter(c_xdevicefamily="vir...]
Compiling architecture rtl of entity c_addsub_v12_0_14.c_addsub_v12_0_14_lut6_legacy [\c_addsub_v12_0_14_lut6_legacy(c...]
Compiling architecture synth of entity c_addsub_v12_0_14.c_addsub_v12_0_14_fabric_legacy [\c_addsub_v12_0_14_fabric_legacy...]
Compiling architecture synth of entity c_addsub_v12_0_14.c_addsub_v12_0_14_legacy [\c_addsub_v12_0_14_legacy(c_fami...]
Compiling architecture synth of entity c_addsub_v12_0_14.c_addsub_v12_0_14_viv [\c_addsub_v12_0_14_viv(c_xdevice...]
Compiling architecture xilinx of entity xfft_v9_1_6.cnt_tc_rtl_b [\cnt_tc_rtl_b(c_xdevicefamily="v...]
Compiling architecture xilinx of entity xfft_v9_1_6.equ_rtl [\equ_rtl(c_xdevicefamily="virtex...]
Compiling architecture xilinx of entity xfft_v9_1_6.r22_cnt_ctrl [\r22_cnt_ctrl(c_xdevicefamily="v...]
Compiling architecture xilinx of entity xfft_v9_1_6.r22_cnt_ctrl [\r22_cnt_ctrl(c_xdevicefamily="v...]
Compiling architecture struct of entity c_shift_ram_v12_0_14.c_shift_ram_v12_0_14_legacy [\c_shift_ram_v12_0_14_legacy(c_x...]
Compiling architecture synth of entity c_shift_ram_v12_0_14.c_shift_ram_v12_0_14_viv [\c_shift_ram_v12_0_14_viv(c_xdev...]
Compiling architecture xilinx of entity xfft_v9_1_6.shift_ram [\shift_ram(c_xdevicefamily="virt...]
Compiling architecture struct of entity c_shift_ram_v12_0_14.c_shift_ram_v12_0_14_legacy [\c_shift_ram_v12_0_14_legacy(c_x...]
Compiling architecture synth of entity c_shift_ram_v12_0_14.c_shift_ram_v12_0_14_viv [\c_shift_ram_v12_0_14_viv(c_xdev...]
Compiling architecture xilinx of entity xfft_v9_1_6.shift_ram [\shift_ram(c_xdevicefamily="virt...]
Compiling architecture lut4_v of entity unisim.LUT4 [\LUT4(init="0000101011001010")(0...]
Compiling architecture xilinx of entity xfft_v9_1_6.shift_ram [\shift_ram(c_xdevicefamily="virt...]
Compiling architecture xilinx of entity xfft_v9_1_6.shift_ram [\shift_ram(c_xdevicefamily="virt...]
Compiling architecture xilinx of entity xfft_v9_1_6.r22_delay_mux [\r22_delay_mux(c_xdevicefamily="...]
Compiling architecture xilinx of entity xfft_v9_1_6.r22_delay_mux [\r22_delay_mux(c_xdevicefamily="...]
Compiling architecture xilinx of entity xfft_v9_1_6.shift_ram [\shift_ram(c_xdevicefamily="virt...]
Compiling architecture xilinx of entity xfft_v9_1_6.shift_ram [\shift_ram(c_xdevicefamily="virt...]
Compiling architecture rb18_internal_vhdl_v of entity unisim.RB18_INTERNAL_VHDL [\RB18_INTERNAL_VHDL(bram_size=18...]
Compiling architecture ramb18e1_v of entity unisim.RAMB18E1 [\RAMB18E1(dob_reg=1,read_width_b...]
Compiling architecture ramb18_v of entity unisim.RAMB18 [\RAMB18(dob_reg=1,read_width_b=2...]
Compiling architecture xilinx of entity xfft_v9_1_6.dpm [\dpm(c_xdevicefamily="virtexuplu...]
Compiling architecture xilinx of entity xfft_v9_1_6.r22_memory [\r22_memory(c_xdevicefamily="vir...]
Compiling architecture xilinx of entity xfft_v9_1_6.r22_bf [\r22_bf(c_xdevicefamily="virtexu...]
Compiling architecture xilinx of entity xfft_v9_1_6.r22_delay_mux [\r22_delay_mux(c_xdevicefamily="...]
Compiling architecture xilinx of entity xfft_v9_1_6.r22_delay_mux [\r22_delay_mux(c_xdevicefamily="...]
Compiling architecture xilinx of entity xfft_v9_1_6.shift_ram [\shift_ram(c_xdevicefamily="virt...]
Compiling architecture xilinx of entity xfft_v9_1_6.shift_ram [\shift_ram(c_xdevicefamily="virt...]
Compiling architecture xilinx of entity xfft_v9_1_6.mux_bus2 [\mux_bus2(c_xdevicefamily="virte...]
Compiling architecture xilinx of entity xfft_v9_1_6.dpm [\dpm(c_xdevicefamily="virtexuplu...]
Compiling architecture xilinx of entity xfft_v9_1_6.r22_memory [\r22_memory(c_xdevicefamily="vir...]
Compiling architecture xilinx of entity xfft_v9_1_6.r22_bf [\r22_bf(c_xdevicefamily="virtexu...]
Compiling architecture xilinx of entity xfft_v9_1_6.mux_bus2 [\mux_bus2(c_xdevicefamily="virte...]
Compiling architecture xilinx of entity xfft_v9_1_6.shift_ram [\shift_ram(c_xdevicefamily="virt...]
Compiling architecture structural of entity c_reg_fd_v12_0_6.c_reg_fd_v12_0_6_viv [\c_reg_fd_v12_0_6_viv(c_width=14...]
Compiling architecture rtl of entity c_addsub_v12_0_14.c_addsub_v12_0_14_lut6_legacy [\c_addsub_v12_0_14_lut6_legacy(c...]
Compiling architecture synth of entity c_addsub_v12_0_14.c_addsub_v12_0_14_fabric_legacy [\c_addsub_v12_0_14_fabric_legacy...]
Compiling architecture synth of entity c_addsub_v12_0_14.c_addsub_v12_0_14_legacy [\c_addsub_v12_0_14_legacy(c_fami...]
Compiling architecture synth of entity c_addsub_v12_0_14.c_addsub_v12_0_14_viv [\c_addsub_v12_0_14_viv(c_xdevice...]
Compiling architecture xilinx of entity xfft_v9_1_6.adder [\adder(c_xdevicefamily="virtexup...]
Compiling architecture xilinx of entity xfft_v9_1_6.mux_bus4 [\mux_bus4(c_xdevicefamily="virte...]
Compiling architecture xilinx of entity xfft_v9_1_6.twos_comp [\twos_comp(c_data_width=12,c_has...]
Compiling architecture xilinx of entity xfft_v9_1_6.logic_gate [\logic_gate(c_xdevicefamily="vir...]
Compiling architecture xilinx of entity xfft_v9_1_6.twgen_quarter_sin [\twgen_quarter_sin(c_xdevicefami...]
Compiling architecture xilinx of entity xfft_v9_1_6.twiddle_gen [\twiddle_gen(c_xdevicefamily="vi...]
Compiling architecture xilinx of entity xfft_v9_1_6.r22_tw_gen [\r22_tw_gen(c_xdevicefamily="vir...]
Compiling architecture xilinx of entity xfft_v9_1_6.shift_ram [\shift_ram(c_xdevicefamily="virt...]
Compiling architecture xilinx of entity xfft_v9_1_6.shift_ram [\shift_ram(c_xdevicefamily="virt...]
Compiling architecture xilinx of entity xfft_v9_1_6.r22_pe [\r22_pe(c_xdevicefamily="virtexu...]
Compiling architecture xilinx of entity xfft_v9_1_6.r22_cnt_ctrl [\r22_cnt_ctrl(c_xdevicefamily="v...]
Compiling architecture xilinx of entity xfft_v9_1_6.r22_cnt_ctrl [\r22_cnt_ctrl(c_xdevicefamily="v...]
Compiling architecture xilinx of entity xfft_v9_1_6.r22_delay_mux [\r22_delay_mux(c_xdevicefamily="...]
Compiling architecture xilinx of entity xfft_v9_1_6.r22_delay_mux [\r22_delay_mux(c_xdevicefamily="...]
Compiling architecture xilinx of entity xfft_v9_1_6.shift_ram [\shift_ram(c_xdevicefamily="virt...]
Compiling architecture xilinx of entity xfft_v9_1_6.shift_ram [\shift_ram(c_xdevicefamily="virt...]
Compiling architecture xilinx of entity xfft_v9_1_6.dpm [\dpm(c_xdevicefamily="virtexuplu...]
Compiling architecture xilinx of entity xfft_v9_1_6.r22_memory [\r22_memory(c_xdevicefamily="vir...]
Compiling architecture xilinx of entity xfft_v9_1_6.r22_bf [\r22_bf(c_xdevicefamily="virtexu...]
Compiling architecture xilinx of entity xfft_v9_1_6.r22_delay_mux [\r22_delay_mux(c_xdevicefamily="...]
Compiling architecture xilinx of entity xfft_v9_1_6.r22_delay_mux [\r22_delay_mux(c_xdevicefamily="...]
Compiling architecture xilinx of entity xfft_v9_1_6.shift_ram [\shift_ram(c_xdevicefamily="virt...]
Compiling architecture xilinx of entity xfft_v9_1_6.dpm [\dpm(c_xdevicefamily="virtexuplu...]
Compiling architecture xilinx of entity xfft_v9_1_6.r22_memory [\r22_memory(c_xdevicefamily="vir...]
Compiling architecture xilinx of entity xfft_v9_1_6.r22_bf [\r22_bf(c_xdevicefamily="virtexu...]
Compiling architecture xilinx of entity xfft_v9_1_6.mux_bus2 [\mux_bus2(c_xdevicefamily="virte...]
Compiling architecture xilinx of entity xfft_v9_1_6.shift_ram [\shift_ram(c_xdevicefamily="virt...]
Compiling architecture structural of entity c_reg_fd_v12_0_6.c_reg_fd_v12_0_6_viv [\c_reg_fd_v12_0_6_viv(c_width=12...]
Compiling architecture rtl of entity c_addsub_v12_0_14.c_addsub_v12_0_14_lut6_legacy [\c_addsub_v12_0_14_lut6_legacy(c...]
Compiling architecture synth of entity c_addsub_v12_0_14.c_addsub_v12_0_14_fabric_legacy [\c_addsub_v12_0_14_fabric_legacy...]
Compiling architecture synth of entity c_addsub_v12_0_14.c_addsub_v12_0_14_legacy [\c_addsub_v12_0_14_legacy(c_fami...]
Compiling architecture synth of entity c_addsub_v12_0_14.c_addsub_v12_0_14_viv [\c_addsub_v12_0_14_viv(c_xdevice...]
Compiling architecture xilinx of entity xfft_v9_1_6.adder [\adder(c_xdevicefamily="virtexup...]
Compiling architecture xilinx of entity xfft_v9_1_6.mux_bus4 [\mux_bus4(c_xdevicefamily="virte...]
Compiling architecture xilinx of entity xfft_v9_1_6.twos_comp [\twos_comp(c_data_width=10,c_has...]
Compiling architecture xilinx of entity xfft_v9_1_6.logic_gate [\logic_gate(c_xdevicefamily="vir...]
Compiling architecture xilinx of entity xfft_v9_1_6.twgen_quarter_sin [\twgen_quarter_sin(c_xdevicefami...]
Compiling architecture xilinx of entity xfft_v9_1_6.twiddle_gen [\twiddle_gen(c_xdevicefamily="vi...]
Compiling architecture xilinx of entity xfft_v9_1_6.r22_tw_gen [\r22_tw_gen(c_xdevicefamily="vir...]
Compiling architecture xilinx of entity xfft_v9_1_6.shift_ram [\shift_ram(c_xdevicefamily="virt...]
Compiling architecture xilinx of entity xfft_v9_1_6.r22_pe [\r22_pe(c_xdevicefamily="virtexu...]
Compiling architecture xilinx of entity xfft_v9_1_6.r22_cnt_ctrl [\r22_cnt_ctrl(c_xdevicefamily="v...]
Compiling architecture xilinx of entity xfft_v9_1_6.r22_cnt_ctrl [\r22_cnt_ctrl(c_xdevicefamily="v...]
Compiling architecture xilinx of entity xfft_v9_1_6.r22_delay_mux [\r22_delay_mux(c_xdevicefamily="...]
Compiling architecture xilinx of entity xfft_v9_1_6.r22_delay_mux [\r22_delay_mux(c_xdevicefamily="...]
Compiling architecture xilinx of entity xfft_v9_1_6.shift_ram [\shift_ram(c_xdevicefamily="virt...]
Compiling architecture xilinx of entity xfft_v9_1_6.dpm [\dpm(c_xdevicefamily="virtexuplu...]
Compiling architecture xilinx of entity xfft_v9_1_6.r22_memory [\r22_memory(c_xdevicefamily="vir...]
Compiling architecture xilinx of entity xfft_v9_1_6.r22_bf [\r22_bf(c_xdevicefamily="virtexu...]
Compiling architecture xilinx of entity xfft_v9_1_6.r22_delay_mux [\r22_delay_mux(c_xdevicefamily="...]
Compiling architecture xilinx of entity xfft_v9_1_6.r22_delay_mux [\r22_delay_mux(c_xdevicefamily="...]
Compiling architecture xilinx of entity xfft_v9_1_6.shift_ram [\shift_ram(c_xdevicefamily="virt...]
Compiling architecture xilinx of entity xfft_v9_1_6.dpm [\dpm(c_xdevicefamily="virtexuplu...]
Compiling architecture xilinx of entity xfft_v9_1_6.r22_memory [\r22_memory(c_xdevicefamily="vir...]
Compiling architecture xilinx of entity xfft_v9_1_6.r22_bf [\r22_bf(c_xdevicefamily="virtexu...]
Compiling architecture xilinx of entity xfft_v9_1_6.mux_bus2 [\mux_bus2(c_xdevicefamily="virte...]
Compiling architecture xilinx of entity xfft_v9_1_6.shift_ram [\shift_ram(c_xdevicefamily="virt...]
Compiling architecture structural of entity c_reg_fd_v12_0_6.c_reg_fd_v12_0_6_viv [\c_reg_fd_v12_0_6_viv(c_width=10...]
Compiling architecture rtl of entity c_addsub_v12_0_14.c_addsub_v12_0_14_lut6_legacy [\c_addsub_v12_0_14_lut6_legacy(c...]
Compiling architecture synth of entity c_addsub_v12_0_14.c_addsub_v12_0_14_fabric_legacy [\c_addsub_v12_0_14_fabric_legacy...]
Compiling architecture synth of entity c_addsub_v12_0_14.c_addsub_v12_0_14_legacy [\c_addsub_v12_0_14_legacy(c_fami...]
Compiling architecture synth of entity c_addsub_v12_0_14.c_addsub_v12_0_14_viv [\c_addsub_v12_0_14_viv(c_xdevice...]
Compiling architecture xilinx of entity xfft_v9_1_6.adder [\adder(c_xdevicefamily="virtexup...]
Compiling architecture xilinx of entity xfft_v9_1_6.mux_bus4 [\mux_bus4(c_xdevicefamily="virte...]
Compiling architecture xilinx of entity xfft_v9_1_6.twgen_half_sincos [\twgen_half_sincos(c_xdevicefami...]
Compiling architecture xilinx of entity xfft_v9_1_6.twiddle_gen [\twiddle_gen(c_xdevicefamily="vi...]
Compiling architecture xilinx of entity xfft_v9_1_6.r22_tw_gen [\r22_tw_gen(c_xdevicefamily="vir...]
Compiling architecture xilinx of entity xfft_v9_1_6.shift_ram [\shift_ram(c_xdevicefamily="virt...]
Compiling architecture xilinx of entity xfft_v9_1_6.r22_pe [\r22_pe(c_xdevicefamily="virtexu...]
Compiling architecture xilinx of entity xfft_v9_1_6.r22_cnt_ctrl [\r22_cnt_ctrl(c_xdevicefamily="v...]
Compiling architecture xilinx of entity xfft_v9_1_6.r22_cnt_ctrl [\r22_cnt_ctrl(c_xdevicefamily="v...]
Compiling architecture xilinx of entity xfft_v9_1_6.r22_delay_mux [\r22_delay_mux(c_xdevicefamily="...]
Compiling architecture xilinx of entity xfft_v9_1_6.r22_delay_mux [\r22_delay_mux(c_xdevicefamily="...]
Compiling architecture xilinx of entity xfft_v9_1_6.shift_ram [\shift_ram(c_xdevicefamily="virt...]
Compiling architecture xilinx of entity xfft_v9_1_6.dpm [\dpm(c_xdevicefamily="virtexuplu...]
Compiling architecture xilinx of entity xfft_v9_1_6.r22_memory [\r22_memory(c_xdevicefamily="vir...]
Compiling architecture xilinx of entity xfft_v9_1_6.r22_bf [\r22_bf(c_xdevicefamily="virtexu...]
Compiling architecture xilinx of entity xfft_v9_1_6.r22_delay_mux [\r22_delay_mux(c_xdevicefamily="...]
Compiling architecture xilinx of entity xfft_v9_1_6.r22_delay_mux [\r22_delay_mux(c_xdevicefamily="...]
Compiling architecture xilinx of entity xfft_v9_1_6.shift_ram [\shift_ram(c_xdevicefamily="virt...]
Compiling architecture structural of entity c_reg_fd_v12_0_6.c_reg_fd_v12_0_6_viv [\c_reg_fd_v12_0_6_viv(c_width=36...]
Compiling architecture struct of entity c_shift_ram_v12_0_14.c_shift_ram_v12_0_14_legacy [\c_shift_ram_v12_0_14_legacy(c_x...]
Compiling architecture synth of entity c_shift_ram_v12_0_14.c_shift_ram_v12_0_14_viv [\c_shift_ram_v12_0_14_viv(c_xdev...]
Compiling architecture synth of entity xfft_v9_1_6.r22_srl_memory [\r22_srl_memory(c_xdevicefamily=...]
Compiling architecture xilinx of entity xfft_v9_1_6.r22_memory [\r22_memory(c_xdevicefamily="vir...]
Compiling architecture xilinx of entity xfft_v9_1_6.r22_bf [\r22_bf(c_xdevicefamily="virtexu...]
Compiling architecture xilinx of entity xfft_v9_1_6.mux_bus2 [\mux_bus2(c_xdevicefamily="virte...]
Compiling architecture xilinx of entity xfft_v9_1_6.shift_ram [\shift_ram(c_xdevicefamily="virt...]
Compiling architecture structural of entity c_reg_fd_v12_0_6.c_reg_fd_v12_0_6_viv [\c_reg_fd_v12_0_6_viv(c_width=8,...]
Compiling architecture rtl of entity c_addsub_v12_0_14.c_addsub_v12_0_14_lut6_legacy [\c_addsub_v12_0_14_lut6_legacy(c...]
Compiling architecture synth of entity c_addsub_v12_0_14.c_addsub_v12_0_14_fabric_legacy [\c_addsub_v12_0_14_fabric_legacy...]
Compiling architecture synth of entity c_addsub_v12_0_14.c_addsub_v12_0_14_legacy [\c_addsub_v12_0_14_legacy(c_fami...]
Compiling architecture synth of entity c_addsub_v12_0_14.c_addsub_v12_0_14_viv [\c_addsub_v12_0_14_viv(c_xdevice...]
Compiling architecture xilinx of entity xfft_v9_1_6.adder [\adder(c_xdevicefamily="virtexup...]
Compiling architecture xilinx of entity xfft_v9_1_6.mux_bus4 [\mux_bus4(c_xdevicefamily="virte...]
Compiling architecture xilinx of entity xfft_v9_1_6.twgen_distmem [\twgen_distmem(theta_width=7,pip...]
Compiling architecture xilinx of entity xfft_v9_1_6.twiddle_gen [\twiddle_gen(c_xdevicefamily="vi...]
Compiling architecture xilinx of entity xfft_v9_1_6.r22_tw_gen [\r22_tw_gen(c_xdevicefamily="vir...]
Compiling architecture xilinx of entity xfft_v9_1_6.shift_ram [\shift_ram(c_xdevicefamily="virt...]
Compiling architecture xilinx of entity xfft_v9_1_6.r22_pe [\r22_pe(c_xdevicefamily="virtexu...]
Compiling architecture xilinx of entity xfft_v9_1_6.r22_cnt_ctrl [\r22_cnt_ctrl(c_xdevicefamily="v...]
Compiling architecture xilinx of entity xfft_v9_1_6.r22_cnt_ctrl [\r22_cnt_ctrl(c_xdevicefamily="v...]
Compiling architecture struct of entity c_shift_ram_v12_0_14.c_shift_ram_v12_0_14_legacy [\c_shift_ram_v12_0_14_legacy(c_x...]
Compiling architecture synth of entity c_shift_ram_v12_0_14.c_shift_ram_v12_0_14_viv [\c_shift_ram_v12_0_14_viv(c_xdev...]
Compiling architecture xilinx of entity xfft_v9_1_6.shift_ram [\shift_ram(c_xdevicefamily="virt...]
Compiling architecture struct of entity c_shift_ram_v12_0_14.c_shift_ram_v12_0_14_legacy [\c_shift_ram_v12_0_14_legacy(c_x...]
Compiling architecture synth of entity c_shift_ram_v12_0_14.c_shift_ram_v12_0_14_viv [\c_shift_ram_v12_0_14_viv(c_xdev...]
Compiling architecture xilinx of entity xfft_v9_1_6.shift_ram [\shift_ram(c_xdevicefamily="virt...]
Compiling architecture struct of entity c_shift_ram_v12_0_14.c_shift_ram_v12_0_14_legacy [\c_shift_ram_v12_0_14_legacy(c_x...]
Compiling architecture synth of entity c_shift_ram_v12_0_14.c_shift_ram_v12_0_14_viv [\c_shift_ram_v12_0_14_viv(c_xdev...]
Compiling architecture xilinx of entity xfft_v9_1_6.shift_ram [\shift_ram(c_xdevicefamily="virt...]
Compiling architecture struct of entity c_shift_ram_v12_0_14.c_shift_ram_v12_0_14_legacy [\c_shift_ram_v12_0_14_legacy(c_x...]
Compiling architecture synth of entity c_shift_ram_v12_0_14.c_shift_ram_v12_0_14_viv [\c_shift_ram_v12_0_14_viv(c_xdev...]
Compiling architecture xilinx of entity xfft_v9_1_6.shift_ram [\shift_ram(c_xdevicefamily="virt...]
Compiling architecture struct of entity c_shift_ram_v12_0_14.c_shift_ram_v12_0_14_legacy [\c_shift_ram_v12_0_14_legacy(c_x...]
Compiling architecture synth of entity c_shift_ram_v12_0_14.c_shift_ram_v12_0_14_viv [\c_shift_ram_v12_0_14_viv(c_xdev...]
Compiling architecture xilinx of entity xfft_v9_1_6.shift_ram [\shift_ram(c_xdevicefamily="virt...]
Compiling architecture struct of entity c_shift_ram_v12_0_14.c_shift_ram_v12_0_14_legacy [\c_shift_ram_v12_0_14_legacy(c_x...]
Compiling architecture synth of entity c_shift_ram_v12_0_14.c_shift_ram_v12_0_14_viv [\c_shift_ram_v12_0_14_viv(c_xdev...]
Compiling architecture xilinx of entity xfft_v9_1_6.shift_ram [\shift_ram(c_xdevicefamily="virt...]
Compiling architecture struct of entity c_shift_ram_v12_0_14.c_shift_ram_v12_0_14_legacy [\c_shift_ram_v12_0_14_legacy(c_x...]
Compiling architecture synth of entity c_shift_ram_v12_0_14.c_shift_ram_v12_0_14_viv [\c_shift_ram_v12_0_14_viv(c_xdev...]
Compiling architecture xilinx of entity xfft_v9_1_6.shift_ram [\shift_ram(c_xdevicefamily="virt...]
Compiling architecture struct of entity c_shift_ram_v12_0_14.c_shift_ram_v12_0_14_legacy [\c_shift_ram_v12_0_14_legacy(c_x...]
Compiling architecture synth of entity c_shift_ram_v12_0_14.c_shift_ram_v12_0_14_viv [\c_shift_ram_v12_0_14_viv(c_xdev...]
Compiling architecture xilinx of entity xfft_v9_1_6.shift_ram [\shift_ram(c_xdevicefamily="virt...]
Compiling architecture xilinx of entity xfft_v9_1_6.r22_delay_mux [\r22_delay_mux(c_xdevicefamily="...]
Compiling architecture xilinx of entity xfft_v9_1_6.r22_delay_mux [\r22_delay_mux(c_xdevicefamily="...]
Compiling architecture xilinx of entity xfft_v9_1_6.shift_ram [\shift_ram(c_xdevicefamily="virt...]
Compiling architecture structural of entity c_reg_fd_v12_0_6.c_reg_fd_v12_0_6_viv [\c_reg_fd_v12_0_6_viv(c_width=34...]
Compiling architecture srlc32e_v of entity unisim.SRLC32E [\SRLC32E(31,0)\]
Compiling architecture xilinx of entity c_shift_ram_v12_0_14.sr [\sr(addr_width=5,use_carry=0,sri...]
Compiling architecture struct of entity c_shift_ram_v12_0_14.c_shift_ram_v12_0_14_legacy [\c_shift_ram_v12_0_14_legacy(c_x...]
Compiling architecture synth of entity c_shift_ram_v12_0_14.c_shift_ram_v12_0_14_viv [\c_shift_ram_v12_0_14_viv(c_xdev...]
Compiling architecture synth of entity xfft_v9_1_6.r22_srl_memory [\r22_srl_memory(c_xdevicefamily=...]
Compiling architecture xilinx of entity xfft_v9_1_6.r22_memory [\r22_memory(c_xdevicefamily="vir...]
Compiling architecture xilinx of entity xfft_v9_1_6.r22_bf [\r22_bf(c_xdevicefamily="virtexu...]
Compiling architecture lut1_v of entity unisim.LUT1 [\LUT1(init="0001")(0,3)\]
Compiling architecture xilinx of entity xfft_v9_1_6.r22_delay_mux [\r22_delay_mux(c_xdevicefamily="...]
Compiling architecture xilinx of entity xfft_v9_1_6.r22_delay_mux [\r22_delay_mux(c_xdevicefamily="...]
Compiling architecture structural of entity c_reg_fd_v12_0_6.c_reg_fd_v12_0_6_viv [\c_reg_fd_v12_0_6_viv(c_sync_pri...]
Compiling architecture srl16e_v of entity unisim.SRL16E [\SRL16E(15,0)\]
Compiling architecture xilinx of entity c_shift_ram_v12_0_14.sr [\sr(addr_width=4,use_carry=0,sri...]
Compiling architecture struct of entity c_shift_ram_v12_0_14.c_shift_ram_v12_0_14_legacy [\c_shift_ram_v12_0_14_legacy(c_x...]
Compiling architecture synth of entity c_shift_ram_v12_0_14.c_shift_ram_v12_0_14_viv [\c_shift_ram_v12_0_14_viv(c_xdev...]
Compiling architecture xilinx of entity xfft_v9_1_6.shift_ram [\shift_ram(c_xdevicefamily="virt...]
Compiling architecture structural of entity c_reg_fd_v12_0_6.c_reg_fd_v12_0_6_viv [\c_reg_fd_v12_0_6_viv(c_width=18...]
Compiling architecture struct of entity c_shift_ram_v12_0_14.c_shift_ram_v12_0_14_legacy [\c_shift_ram_v12_0_14_legacy(c_x...]
Compiling architecture synth of entity c_shift_ram_v12_0_14.c_shift_ram_v12_0_14_viv [\c_shift_ram_v12_0_14_viv(c_xdev...]
Compiling architecture xilinx of entity xfft_v9_1_6.shift_ram [\shift_ram(c_xdevicefamily="virt...]
Compiling architecture xilinx of entity xfft_v9_1_6.r22_bf_sp [\r22_bf_sp(c_xdevicefamily="virt...]
Compiling architecture xilinx of entity xfft_v9_1_6.mux_bus2 [\mux_bus2(c_xdevicefamily="virte...]
Compiling architecture struct of entity c_shift_ram_v12_0_14.c_shift_ram_v12_0_14_legacy [\c_shift_ram_v12_0_14_legacy(c_x...]
Compiling architecture synth of entity c_shift_ram_v12_0_14.c_shift_ram_v12_0_14_viv [\c_shift_ram_v12_0_14_viv(c_xdev...]
Compiling architecture xilinx of entity xfft_v9_1_6.shift_ram [\shift_ram(c_xdevicefamily="virt...]
Compiling architecture struct of entity c_shift_ram_v12_0_14.c_shift_ram_v12_0_14_legacy [\c_shift_ram_v12_0_14_legacy(c_x...]
Compiling architecture synth of entity c_shift_ram_v12_0_14.c_shift_ram_v12_0_14_viv [\c_shift_ram_v12_0_14_viv(c_xdev...]
Compiling architecture xilinx of entity xfft_v9_1_6.shift_ram [\shift_ram(c_xdevicefamily="virt...]
Compiling architecture rtl of entity c_addsub_v12_0_14.c_addsub_v12_0_14_lut6_legacy [\c_addsub_v12_0_14_lut6_legacy(c...]
Compiling architecture synth of entity c_addsub_v12_0_14.c_addsub_v12_0_14_fabric_legacy [\c_addsub_v12_0_14_fabric_legacy...]
Compiling architecture synth of entity c_addsub_v12_0_14.c_addsub_v12_0_14_legacy [\c_addsub_v12_0_14_legacy(c_fami...]
Compiling architecture synth of entity c_addsub_v12_0_14.c_addsub_v12_0_14_viv [\c_addsub_v12_0_14_viv(c_xdevice...]
Compiling architecture xilinx of entity xfft_v9_1_6.adder [\adder(c_xdevicefamily="virtexup...]
Compiling architecture xilinx of entity xfft_v9_1_6.mux_bus4 [\mux_bus4(c_xdevicefamily="virte...]
Compiling architecture xilinx of entity xfft_v9_1_6.twgen_distmem [\twgen_distmem(theta_width=5,pip...]
Compiling architecture xilinx of entity xfft_v9_1_6.twiddle_gen [\twiddle_gen(c_xdevicefamily="vi...]
Compiling architecture xilinx of entity xfft_v9_1_6.r22_tw_gen [\r22_tw_gen(c_xdevicefamily="vir...]
Compiling architecture xilinx of entity xfft_v9_1_6.shift_ram [\shift_ram(c_xdevicefamily="virt...]
Compiling architecture xilinx of entity xfft_v9_1_6.shift_ram [\shift_ram(c_xdevicefamily="virt...]
Compiling architecture xilinx of entity xfft_v9_1_6.r22_pe [\r22_pe(c_xdevicefamily="virtexu...]
Compiling architecture xilinx of entity xfft_v9_1_6.r22_cnt_ctrl [\r22_cnt_ctrl(c_xdevicefamily="v...]
Compiling architecture xilinx of entity xfft_v9_1_6.r22_cnt_ctrl [\r22_cnt_ctrl(c_xdevicefamily="v...]
Compiling architecture struct of entity c_shift_ram_v12_0_14.c_shift_ram_v12_0_14_legacy [\c_shift_ram_v12_0_14_legacy(c_x...]
Compiling architecture synth of entity c_shift_ram_v12_0_14.c_shift_ram_v12_0_14_viv [\c_shift_ram_v12_0_14_viv(c_xdev...]
Compiling architecture xilinx of entity xfft_v9_1_6.shift_ram [\shift_ram(c_xdevicefamily="virt...]
Compiling architecture struct of entity c_shift_ram_v12_0_14.c_shift_ram_v12_0_14_legacy [\c_shift_ram_v12_0_14_legacy(c_x...]
Compiling architecture synth of entity c_shift_ram_v12_0_14.c_shift_ram_v12_0_14_viv [\c_shift_ram_v12_0_14_viv(c_xdev...]
Compiling architecture xilinx of entity xfft_v9_1_6.shift_ram [\shift_ram(c_xdevicefamily="virt...]
Compiling architecture struct of entity c_shift_ram_v12_0_14.c_shift_ram_v12_0_14_legacy [\c_shift_ram_v12_0_14_legacy(c_x...]
Compiling architecture synth of entity c_shift_ram_v12_0_14.c_shift_ram_v12_0_14_viv [\c_shift_ram_v12_0_14_viv(c_xdev...]
Compiling architecture xilinx of entity xfft_v9_1_6.shift_ram [\shift_ram(c_xdevicefamily="virt...]
Compiling architecture struct of entity c_shift_ram_v12_0_14.c_shift_ram_v12_0_14_legacy [\c_shift_ram_v12_0_14_legacy(c_x...]
Compiling architecture synth of entity c_shift_ram_v12_0_14.c_shift_ram_v12_0_14_viv [\c_shift_ram_v12_0_14_viv(c_xdev...]
Compiling architecture xilinx of entity xfft_v9_1_6.shift_ram [\shift_ram(c_xdevicefamily="virt...]
Compiling architecture struct of entity c_shift_ram_v12_0_14.c_shift_ram_v12_0_14_legacy [\c_shift_ram_v12_0_14_legacy(c_x...]
Compiling architecture synth of entity c_shift_ram_v12_0_14.c_shift_ram_v12_0_14_viv [\c_shift_ram_v12_0_14_viv(c_xdev...]
Compiling architecture xilinx of entity xfft_v9_1_6.shift_ram [\shift_ram(c_xdevicefamily="virt...]
Compiling architecture struct of entity c_shift_ram_v12_0_14.c_shift_ram_v12_0_14_legacy [\c_shift_ram_v12_0_14_legacy(c_x...]
Compiling architecture synth of entity c_shift_ram_v12_0_14.c_shift_ram_v12_0_14_viv [\c_shift_ram_v12_0_14_viv(c_xdev...]
Compiling architecture xilinx of entity xfft_v9_1_6.shift_ram [\shift_ram(c_xdevicefamily="virt...]
Compiling architecture struct of entity c_shift_ram_v12_0_14.c_shift_ram_v12_0_14_legacy [\c_shift_ram_v12_0_14_legacy(c_x...]
Compiling architecture synth of entity c_shift_ram_v12_0_14.c_shift_ram_v12_0_14_viv [\c_shift_ram_v12_0_14_viv(c_xdev...]
Compiling architecture xilinx of entity xfft_v9_1_6.shift_ram [\shift_ram(c_xdevicefamily="virt...]
Compiling architecture struct of entity c_shift_ram_v12_0_14.c_shift_ram_v12_0_14_legacy [\c_shift_ram_v12_0_14_legacy(c_x...]
Compiling architecture synth of entity c_shift_ram_v12_0_14.c_shift_ram_v12_0_14_viv [\c_shift_ram_v12_0_14_viv(c_xdev...]
Compiling architecture xilinx of entity xfft_v9_1_6.shift_ram [\shift_ram(c_xdevicefamily="virt...]
Compiling architecture xilinx of entity xfft_v9_1_6.r22_delay_mux [\r22_delay_mux(c_xdevicefamily="...]
Compiling architecture xilinx of entity xfft_v9_1_6.r22_delay_mux [\r22_delay_mux(c_xdevicefamily="...]
Compiling architecture struct of entity c_shift_ram_v12_0_14.c_shift_ram_v12_0_14_legacy [\c_shift_ram_v12_0_14_legacy(c_x...]
Compiling architecture synth of entity c_shift_ram_v12_0_14.c_shift_ram_v12_0_14_viv [\c_shift_ram_v12_0_14_viv(c_xdev...]
Compiling architecture xilinx of entity xfft_v9_1_6.shift_ram [\shift_ram(c_xdevicefamily="virt...]
Compiling architecture structural of entity c_reg_fd_v12_0_6.c_reg_fd_v12_0_6_viv [\c_reg_fd_v12_0_6_viv(c_width=16...]
Compiling architecture struct of entity c_shift_ram_v12_0_14.c_shift_ram_v12_0_14_legacy [\c_shift_ram_v12_0_14_legacy(c_x...]
Compiling architecture synth of entity c_shift_ram_v12_0_14.c_shift_ram_v12_0_14_viv [\c_shift_ram_v12_0_14_viv(c_xdev...]
Compiling architecture xilinx of entity xfft_v9_1_6.shift_ram [\shift_ram(c_xdevicefamily="virt...]
Compiling architecture structural of entity c_reg_fd_v12_0_6.c_reg_fd_v12_0_6_viv [\c_reg_fd_v12_0_6_viv(c_width=17...]
Compiling architecture struct of entity c_shift_ram_v12_0_14.c_shift_ram_v12_0_14_legacy [\c_shift_ram_v12_0_14_legacy(c_x...]
Compiling architecture synth of entity c_shift_ram_v12_0_14.c_shift_ram_v12_0_14_viv [\c_shift_ram_v12_0_14_viv(c_xdev...]
Compiling architecture xilinx of entity xfft_v9_1_6.shift_ram [\shift_ram(c_xdevicefamily="virt...]
Compiling architecture xilinx of entity xfft_v9_1_6.r22_bf_sp [\r22_bf_sp(c_xdevicefamily="virt...]
Compiling architecture xilinx of entity xfft_v9_1_6.r22_delay_mux [\r22_delay_mux(c_xdevicefamily="...]
Compiling architecture xilinx of entity xfft_v9_1_6.r22_delay_mux [\r22_delay_mux(c_xdevicefamily="...]
Compiling architecture struct of entity c_shift_ram_v12_0_14.c_shift_ram_v12_0_14_legacy [\c_shift_ram_v12_0_14_legacy(c_x...]
Compiling architecture synth of entity c_shift_ram_v12_0_14.c_shift_ram_v12_0_14_viv [\c_shift_ram_v12_0_14_viv(c_xdev...]
Compiling architecture xilinx of entity xfft_v9_1_6.shift_ram [\shift_ram(c_xdevicefamily="virt...]
Compiling architecture struct of entity c_shift_ram_v12_0_14.c_shift_ram_v12_0_14_legacy [\c_shift_ram_v12_0_14_legacy(c_x...]
Compiling architecture synth of entity c_shift_ram_v12_0_14.c_shift_ram_v12_0_14_viv [\c_shift_ram_v12_0_14_viv(c_xdev...]
Compiling architecture xilinx of entity xfft_v9_1_6.shift_ram [\shift_ram(c_xdevicefamily="virt...]
Compiling architecture xilinx of entity xfft_v9_1_6.r22_bf_sp [\r22_bf_sp(c_xdevicefamily="virt...]
Compiling architecture xilinx of entity xfft_v9_1_6.mux_bus2 [\mux_bus2(c_xdevicefamily="virte...]
Compiling architecture xilinx of entity xfft_v9_1_6.shift_ram [\shift_ram(c_xdevicefamily="virt...]
Compiling architecture struct of entity c_shift_ram_v12_0_14.c_shift_ram_v12_0_14_legacy [\c_shift_ram_v12_0_14_legacy(c_x...]
Compiling architecture synth of entity c_shift_ram_v12_0_14.c_shift_ram_v12_0_14_viv [\c_shift_ram_v12_0_14_viv(c_xdev...]
Compiling architecture xilinx of entity xfft_v9_1_6.shift_ram [\shift_ram(c_xdevicefamily="virt...]
Compiling architecture structural of entity c_reg_fd_v12_0_6.c_reg_fd_v12_0_6_viv [\c_reg_fd_v12_0_6_viv(c_width=4,...]
Compiling architecture rtl of entity c_addsub_v12_0_14.c_addsub_v12_0_14_lut6_legacy [\c_addsub_v12_0_14_lut6_legacy(c...]
Compiling architecture synth of entity c_addsub_v12_0_14.c_addsub_v12_0_14_fabric_legacy [\c_addsub_v12_0_14_fabric_legacy...]
Compiling architecture synth of entity c_addsub_v12_0_14.c_addsub_v12_0_14_legacy [\c_addsub_v12_0_14_legacy(c_fami...]
Compiling architecture synth of entity c_addsub_v12_0_14.c_addsub_v12_0_14_viv [\c_addsub_v12_0_14_viv(c_xdevice...]
Compiling architecture xilinx of entity xfft_v9_1_6.adder [\adder(c_xdevicefamily="virtexup...]
Compiling architecture xilinx of entity xfft_v9_1_6.mux_bus4 [\mux_bus4(c_xdevicefamily="virte...]
Compiling architecture xilinx of entity xfft_v9_1_6.twgen_distmem [\twgen_distmem(theta_width=3,pip...]
Compiling architecture xilinx of entity xfft_v9_1_6.twiddle_gen [\twiddle_gen(c_xdevicefamily="vi...]
Compiling architecture xilinx of entity xfft_v9_1_6.r22_tw_gen [\r22_tw_gen(c_xdevicefamily="vir...]
Compiling architecture xilinx of entity xfft_v9_1_6.shift_ram [\shift_ram(c_xdevicefamily="virt...]
Compiling architecture xilinx of entity xfft_v9_1_6.shift_ram [\shift_ram(c_xdevicefamily="virt...]
Compiling architecture xilinx of entity xfft_v9_1_6.r22_pe [\r22_pe(c_xdevicefamily="virtexu...]
Compiling architecture xilinx of entity xfft_v9_1_6.shift_ram [\shift_ram(c_xdevicefamily="virt...]
Compiling architecture xilinx of entity xfft_v9_1_6.mux_bus2 [\mux_bus2(c_xdevicefamily="virte...]
Compiling architecture xilinx of entity xfft_v9_1_6.r22_delay_mux [\r22_delay_mux(c_xdevicefamily="...]
Compiling architecture struct of entity c_shift_ram_v12_0_14.c_shift_ram_v12_0_14_legacy [\c_shift_ram_v12_0_14_legacy(c_x...]
Compiling architecture synth of entity c_shift_ram_v12_0_14.c_shift_ram_v12_0_14_viv [\c_shift_ram_v12_0_14_viv(c_xdev...]
Compiling architecture xilinx of entity xfft_v9_1_6.shift_ram [\shift_ram(c_xdevicefamily="virt...]
Compiling architecture struct of entity c_shift_ram_v12_0_14.c_shift_ram_v12_0_14_legacy [\c_shift_ram_v12_0_14_legacy(c_x...]
Compiling architecture synth of entity c_shift_ram_v12_0_14.c_shift_ram_v12_0_14_viv [\c_shift_ram_v12_0_14_viv(c_xdev...]
Compiling architecture xilinx of entity xfft_v9_1_6.shift_ram [\shift_ram(c_xdevicefamily="virt...]
Compiling architecture xilinx of entity xfft_v9_1_6.shift_ram [\shift_ram(c_xdevicefamily="virt...]
Compiling architecture xilinx of entity xfft_v9_1_6.mux_bus2 [\mux_bus2(c_xdevicefamily="virte...]
Compiling architecture xilinx of entity xfft_v9_1_6.r22_delay_mux [\r22_delay_mux(c_xdevicefamily="...]
Compiling architecture xilinx of entity xfft_v9_1_6.r22_delay_mux [\r22_delay_mux(c_xdevicefamily="...]
Compiling architecture xilinx of entity xfft_v9_1_6.shift_ram [\shift_ram(c_xdevicefamily="virt...]
Compiling architecture xilinx of entity xfft_v9_1_6.shift_ram [\shift_ram(c_xdevicefamily="virt...]
Compiling architecture struct of entity c_shift_ram_v12_0_14.c_shift_ram_v12_0_14_legacy [\c_shift_ram_v12_0_14_legacy(c_x...]
Compiling architecture synth of entity c_shift_ram_v12_0_14.c_shift_ram_v12_0_14_viv [\c_shift_ram_v12_0_14_viv(c_xdev...]
Compiling architecture xilinx of entity xfft_v9_1_6.shift_ram [\shift_ram(c_xdevicefamily="virt...]
Compiling architecture struct of entity c_shift_ram_v12_0_14.c_shift_ram_v12_0_14_legacy [\c_shift_ram_v12_0_14_legacy(c_x...]
Compiling architecture synth of entity c_shift_ram_v12_0_14.c_shift_ram_v12_0_14_viv [\c_shift_ram_v12_0_14_viv(c_xdev...]
Compiling architecture xilinx of entity xfft_v9_1_6.shift_ram [\shift_ram(c_xdevicefamily="virt...]
Compiling architecture xilinx of entity xfft_v9_1_6.r22_delay_mux [\r22_delay_mux(c_xdevicefamily="...]
Compiling architecture xilinx of entity xfft_v9_1_6.r22_delay_mux [\r22_delay_mux(c_xdevicefamily="...]
Compiling architecture xilinx of entity xfft_v9_1_6.shift_ram [\shift_ram(c_xdevicefamily="virt...]
Compiling architecture xilinx of entity xfft_v9_1_6.shift_ram [\shift_ram(c_xdevicefamily="virt...]
Compiling architecture xilinx of entity xfft_v9_1_6.shift_ram [\shift_ram(c_xdevicefamily="virt...]
Compiling architecture xilinx of entity xfft_v9_1_6.r22_bf_sp [\r22_bf_sp(c_xdevicefamily="virt...]
Compiling architecture xilinx of entity xfft_v9_1_6.shift_ram [\shift_ram(c_xdevicefamily="virt...]
Compiling architecture xilinx of entity xfft_v9_1_6.r22_delay_mux [\r22_delay_mux(c_xdevicefamily="...]
Compiling architecture xilinx of entity xfft_v9_1_6.r22_delay_mux [\r22_delay_mux(c_xdevicefamily="...]
Compiling architecture xilinx of entity xfft_v9_1_6.shift_ram [\shift_ram(c_xdevicefamily="virt...]
Compiling architecture xilinx of entity xfft_v9_1_6.r22_bf_sp [\r22_bf_sp(c_xdevicefamily="virt...]
Compiling architecture xilinx of entity xfft_v9_1_6.mux_bus4 [\mux_bus4(c_xdevicefamily="virte...]
Compiling architecture xilinx of entity xfft_v9_1_6.arith_shift3 [\arith_shift3(c_xdevicefamily="v...]
Compiling architecture xilinx of entity xfft_v9_1_6.unbiased_round [\unbiased_round(c_xdevicefamily=...]
Compiling architecture xilinx of entity xfft_v9_1_6.shift_ram [\shift_ram(c_xdevicefamily="virt...]
Compiling architecture xilinx of entity xfft_v9_1_6.shift_ram [\shift_ram(c_xdevicefamily="virt...]
Compiling architecture xilinx of entity xfft_v9_1_6.shift_ram [\shift_ram(c_xdevicefamily="virt...]
Compiling architecture xilinx of entity xfft_v9_1_6.r22_pe [\r22_pe(c_xdevicefamily="virtexu...]
Compiling architecture muxf7_v of entity unisim.MUXF7 [muxf7_default]
Compiling architecture muxf8_v of entity unisim.MUXF8 [muxf8_default]
Compiling architecture xilinx of entity xfft_v9_1_6.mux_bus16 [\mux_bus16(c_xdevicefamily="virt...]
Compiling architecture xilinx of entity xfft_v9_1_6.shift_ram [\shift_ram(c_xdevicefamily="virt...]
Compiling architecture xilinx of entity xfft_v9_1_6.mux_bus16 [\mux_bus16(c_xdevicefamily="virt...]
Compiling architecture xilinx of entity xfft_v9_1_6.shift_ram [\shift_ram(c_xdevicefamily="virt...]
Compiling architecture xilinx of entity xfft_v9_1_6.so_run_addr_gen_left_shift [\so_run_addr_gen_left_shift(c_xd...]
Compiling architecture xilinx of entity xfft_v9_1_6.shift_ram [\shift_ram(c_xdevicefamily="virt...]
Compiling architecture xilinx of entity xfft_v9_1_6.shift_ram [\shift_ram(c_xdevicefamily="virt...]
Compiling architecture rb18_internal_vhdl_v of entity unisim.RB18_INTERNAL_VHDL [\RB18_INTERNAL_VHDL(bram_size=18...]
Compiling architecture ramb18e1_v of entity unisim.RAMB18E1 [\RAMB18E1(dob_reg=1,read_width_b...]
Compiling architecture ramb18_v of entity unisim.RAMB18 [\RAMB18(dob_reg=1,read_width_b=1...]
Compiling architecture xilinx of entity xfft_v9_1_6.dpm [\dpm(c_xdevicefamily="virtexuplu...]
Compiling architecture xilinx of entity xfft_v9_1_6.r22_memory [\r22_memory(c_xdevicefamily="vir...]
Compiling architecture xilinx of entity xfft_v9_1_6.shift_ram [\shift_ram(c_xdevicefamily="virt...]
Compiling architecture xilinx of entity xfft_v9_1_6.logic_gate [\logic_gate(c_xdevicefamily="vir...]
Compiling architecture xilinx of entity xfft_v9_1_6.cnt_sat [\cnt_sat(c_xdevicefamily="virtex...]
Compiling architecture xilinx of entity xfft_v9_1_6.logic_gate [\logic_gate(c_xdevicefamily="vir...]
Compiling architecture xilinx of entity xfft_v9_1_6.cnt_sat [\cnt_sat(c_xdevicefamily="virtex...]
Compiling architecture xilinx of entity xfft_v9_1_6.logic_gate [\logic_gate(c_xdevicefamily="vir...]
Compiling architecture xilinx of entity xfft_v9_1_6.cnt_sat [\cnt_sat(c_xdevicefamily="virtex...]
Compiling architecture xilinx of entity xfft_v9_1_6.logic_gate [\logic_gate(c_xdevicefamily="vir...]
Compiling architecture xilinx of entity xfft_v9_1_6.cnt_sat [\cnt_sat(c_xdevicefamily="virtex...]
Compiling architecture structural of entity c_reg_fd_v12_0_6.c_reg_fd_v12_0_6_viv [\c_reg_fd_v12_0_6_viv(c_width=14...]
Compiling architecture rtl of entity c_addsub_v12_0_14.c_addsub_v12_0_14_lut6_legacy [\c_addsub_v12_0_14_lut6_legacy(c...]
Compiling architecture synth of entity c_addsub_v12_0_14.c_addsub_v12_0_14_fabric_legacy [\c_addsub_v12_0_14_fabric_legacy...]
Compiling architecture synth of entity c_addsub_v12_0_14.c_addsub_v12_0_14_legacy [\c_addsub_v12_0_14_legacy(c_fami...]
Compiling architecture synth of entity c_addsub_v12_0_14.c_addsub_v12_0_14_viv [\c_addsub_v12_0_14_viv(c_xdevice...]
Compiling architecture xilinx of entity xfft_v9_1_6.equ_rtl [\equ_rtl(c_xdevicefamily="virtex...]
Compiling architecture xilinx of entity xfft_v9_1_6.cnt_tc_rtl_a [\cnt_tc_rtl_a(c_xdevicefamily="v...]
Compiling architecture xilinx of entity xfft_v9_1_6.r22_flow_ctrl [\r22_flow_ctrl(c_xdevicefamily="...]
Compiling architecture xilinx of entity xfft_v9_1_6.r22_cnt_ctrl [\r22_cnt_ctrl(c_xdevicefamily="v...]
Compiling architecture xilinx of entity xfft_v9_1_6.shift_ram [\shift_ram(c_xdevicefamily="virt...]
Compiling architecture xilinx of entity xfft_v9_1_6.xfft_v9_1_6_d [\xfft_v9_1_6_d(c_xdevicefamily="...]
Compiling architecture synth of entity xfft_v9_1_6.xfft_v9_1_6_core [\xfft_v9_1_6_core(c_xdevicefamil...]
Compiling architecture synth of entity xfft_v9_1_6.xfft_v9_1_6_viv [\xfft_v9_1_6_viv(c_xdevicefamily...]
Compiling architecture xilinx of entity xfft_v9_1_6.xfft_v9_1_6 [\xfft_v9_1_6(c_xdevicefamily="vi...]
Compiling architecture t03_xfft_16384_aux_arch of entity xil_defaultlib.t03_xfft_16384_aux [t03_xfft_16384_aux_default]
Compiling module xil_defaultlib.sfo_residual_ifft_service4
Compiling module xil_defaultlib.sfo_residual_power4
Compiling module xil_defaultlib.sfo_residual_peak_triplet4
Compiling module xil_defaultlib.sfo_residual_div_u80_u49_rne
Compiling module xil_defaultlib.sfo_residual_peak_interpolate
Compiling module xil_defaultlib.sfo_residual_ls74
Compiling module xil_defaultlib.sfo_residual_delay_backend4
Compiling module xil_defaultlib.sfo_residual_estimator4
Compiling module xil_defaultlib.xpm_cdc_async_rst(INIT_SYNC_FF=1...
Compiling module xil_defaultlib.sfo_domain_reset
Compiling module xil_defaultlib.xpm_cdc_single(DEST_SYNC_FF=2,IN...
Compiling module xil_defaultlib.xpm_cdc_single(DEST_SYNC_FF=2,IN...
Compiling module xil_defaultlib.xpm_fifo_rst(COMMON_CLOCK=0,SIM_...
Compiling module xil_defaultlib.xpm_memory_base(MEMORY_TYPE=1,ME...
Compiling module xil_defaultlib.xpm_cdc_gray(INIT_SYNC_FF=1,WIDT...
Compiling module xil_defaultlib.xpm_fifo_base(COMMON_CLOCK=0,FIF...
Compiling module xil_defaultlib.xpm_fifo_async(FIFO_MEMORY_TYPE=...
Compiling module xil_defaultlib.sfo_record_cdc_fifo_default
Compiling module xil_defaultlib.xpm_memory_base(MEMORY_TYPE=1,ME...
Compiling module xil_defaultlib.xpm_cdc_gray(DEST_SYNC_FF=2,INIT...
Compiling module xil_defaultlib.xpm_fifo_reg_vec(REG_WIDTH=5)
Compiling module xil_defaultlib.xpm_cdc_gray(INIT_SYNC_FF=1,WIDT...
Compiling module xil_defaultlib.xpm_fifo_base(COMMON_CLOCK=0,FIF...
Compiling module xil_defaultlib.xpm_fifo_async(FIFO_MEMORY_TYPE=...
Compiling module xil_defaultlib.sfo_record_cdc_fifo(WIDTH=236,DE...
Compiling module xil_defaultlib.xpm_memory_base(MEMORY_TYPE=1,ME...
Compiling module xil_defaultlib.xpm_fifo_base(COMMON_CLOCK=0,FIF...
Compiling module xil_defaultlib.xpm_fifo_async(FIFO_MEMORY_TYPE=...
Compiling module xil_defaultlib.sfo_record_cdc_fifo(WIDTH=222,DE...
Compiling module xil_defaultlib.xpm_memory_base(MEMORY_TYPE=1,ME...
Compiling module xil_defaultlib.xpm_fifo_base(COMMON_CLOCK=0,FIF...
Compiling module xil_defaultlib.xpm_fifo_async(FIFO_MEMORY_TYPE=...
Compiling module xil_defaultlib.sfo_record_cdc_fifo(WIDTH=102,DE...
Compiling module xil_defaultlib.xpm_memory_base(MEMORY_TYPE=1,ME...
Compiling module xil_defaultlib.xpm_fifo_base(COMMON_CLOCK=0,FIF...
Compiling module xil_defaultlib.xpm_fifo_async(FIFO_MEMORY_TYPE=...
Compiling module xil_defaultlib.sfo_record_cdc_fifo(WIDTH=235)
Compiling module xil_defaultlib.xpm_memory_base(MEMORY_TYPE=1,ME...
Compiling module xil_defaultlib.xpm_fifo_base(COMMON_CLOCK=0,FIF...
Compiling module xil_defaultlib.xpm_fifo_async(FIFO_MEMORY_TYPE=...
Compiling module xil_defaultlib.sfo_record_cdc_fifo(WIDTH=160,DE...
Compiling module xil_defaultlib.xpm_memory_base(MEMORY_TYPE=1,ME...
Compiling module xil_defaultlib.xpm_memory_sdpram(MEMORY_SIZE=50...
Compiling module xil_defaultlib.sfo_uram_frame_bank(DEPTH_BEATS=...
Compiling module xil_defaultlib.xpm_memory_base(MEMORY_TYPE=1,ME...
Compiling module xil_defaultlib.xpm_fifo_base(FIFO_MEMORY_TYPE=2...
Compiling module xil_defaultlib.xpm_fifo_sync(FIFO_MEMORY_TYPE="...
Compiling module xil_defaultlib.sfo_sync_fifo(WIDTH=32'b01000000...
Compiling module xil_defaultlib.sfo_raw_frame_ring_default
Compiling module xil_defaultlib.sfo_first_pass_descriptor_defaul...
Compiling architecture xilinx of entity axi_utils_v2_0_6.glb_srl_fifo [\glb_srl_fifo(width=64,has_ifx=t...]
Compiling architecture xilinx of entity axi_utils_v2_0_6.glb_ifx_slave [\glb_ifx_slave(width=64,has_ifx=...]
Compiling architecture synth of entity fir_compiler_v7_2_16.cntrl_delay [\cntrl_delay(c_delay_len=0,c_mem...]
Compiling architecture synth of entity fir_compiler_v7_2_16.sp_mem [\sp_mem(c_xdevicefamily="virtexu...]
Compiling architecture synth of entity fir_compiler_v7_2_16.sp_mem [\sp_mem(c_xdevicefamily="virtexu...]
Compiling architecture synth of entity fir_compiler_v7_2_16.filt_mem [\filt_mem(c_xdevicefamily="virte...]
Compiling architecture synth of entity fir_compiler_v7_2_16.sp_mem [\sp_mem(c_xdevicefamily="virtexu...]
Compiling architecture synth of entity fir_compiler_v7_2_16.sp_mem [\sp_mem(c_xdevicefamily="virtexu...]
Compiling architecture synth of entity fir_compiler_v7_2_16.filt_mem [\filt_mem(c_xdevicefamily="virte...]
Compiling architecture synth of entity fir_compiler_v7_2_16.sp_mem [\sp_mem(c_xdevicefamily="virtexu...]
Compiling architecture synth of entity fir_compiler_v7_2_16.sp_mem [\sp_mem(c_xdevicefamily="virtexu...]
Compiling architecture synth of entity fir_compiler_v7_2_16.filt_mem [\filt_mem(c_xdevicefamily="virte...]
Compiling architecture synth of entity fir_compiler_v7_2_16.sp_mem [\sp_mem(c_xdevicefamily="virtexu...]
Compiling architecture synth of entity fir_compiler_v7_2_16.sp_mem [\sp_mem(c_xdevicefamily="virtexu...]
Compiling architecture synth of entity fir_compiler_v7_2_16.filt_mem [\filt_mem(c_xdevicefamily="virte...]
Compiling architecture synth of entity fir_compiler_v7_2_16.sp_mem [\sp_mem(c_xdevicefamily="virtexu...]
Compiling architecture synth of entity fir_compiler_v7_2_16.sp_mem [\sp_mem(c_xdevicefamily="virtexu...]
Compiling architecture synth of entity fir_compiler_v7_2_16.filt_mem [\filt_mem(c_xdevicefamily="virte...]
Compiling architecture synth of entity fir_compiler_v7_2_16.sp_mem [\sp_mem(c_xdevicefamily="virtexu...]
Compiling architecture synth of entity fir_compiler_v7_2_16.sp_mem [\sp_mem(c_xdevicefamily="virtexu...]
Compiling architecture synth of entity fir_compiler_v7_2_16.filt_mem [\filt_mem(c_xdevicefamily="virte...]
Compiling architecture synth of entity fir_compiler_v7_2_16.delay [\delay(c_delay_len=11,c_xdevicef...]
Compiling architecture synth of entity fir_compiler_v7_2_16.delay [\delay(c_delay_len=10,c_xdevicef...]
Compiling architecture synth of entity fir_compiler_v7_2_16.delay [\delay(c_delay_len=9,c_xdevicefa...]
Compiling architecture synth of entity fir_compiler_v7_2_16.delay [\delay(c_delay_len=1,c_xdevicefa...]
Compiling architecture synth of entity fir_compiler_v7_2_16.buff [\buff(c_xdevicefamily="virtexupl...]
Compiling architecture synth of entity fir_compiler_v7_2_16.delay [\delay(c_delay_len=8,c_xdevicefa...]
Compiling architecture synth of entity fir_compiler_v7_2_16.delay [\delay(c_delay_len=7,c_xdevicefa...]
Compiling architecture synth of entity fir_compiler_v7_2_16.delay [\delay(c_delay_len=6,c_xdevicefa...]
Compiling architecture synth of entity fir_compiler_v7_2_16.delay [\delay(c_delay_len=5,c_xdevicefa...]
Compiling architecture synth of entity fir_compiler_v7_2_16.delay [\delay(c_delay_len=4,c_xdevicefa...]
Compiling architecture synth of entity fir_compiler_v7_2_16.delay [\delay(c_delay_len=3,c_xdevicefa...]
Compiling architecture synth of entity fir_compiler_v7_2_16.delay [\delay(c_delay_len=2,c_xdevicefa...]
Compiling architecture synth of entity fir_compiler_v7_2_16.delay [\delay(c_delay_len=1,c_xdevicefa...]
Compiling architecture synth of entity fir_compiler_v7_2_16.delay [\delay(c_delay_len=0,c_xdevicefa...]
Compiling architecture synth of entity fir_compiler_v7_2_16.buff [\buff(c_xdevicefamily="virtexupl...]
Compiling architecture synth of entity fir_compiler_v7_2_16.delay [\delay(c_delay_len=0,c_xdevicefa...]
Compiling architecture synth of entity fir_compiler_v7_2_16.delay [\delay(c_delay_len=0,c_xdevicefa...]
Compiling architecture dsp48e2_v of entity unisim.DSP48E2 [\DSP48E2(amultsel="AD",mask="111...]
Compiling architecture synth of entity fir_compiler_v7_2_16.calc [\calc(c_xdevicefamily="virtexupl...]
Compiling architecture synth of entity fir_compiler_v7_2_16.addsub_mult_add [\addsub_mult_add(c_xdevicefamily...]
Compiling architecture dsp48e2_v of entity unisim.DSP48E2 [\DSP48E2(amultsel="AD",mask="111...]
Compiling architecture synth of entity fir_compiler_v7_2_16.calc [\calc(c_xdevicefamily="virtexupl...]
Compiling architecture synth of entity fir_compiler_v7_2_16.addsub_mult_add [\addsub_mult_add(c_xdevicefamily...]
Compiling architecture synth of entity fir_compiler_v7_2_16.calc [\calc(c_xdevicefamily="virtexupl...]
Compiling architecture synth of entity fir_compiler_v7_2_16.addsub_mult_add [\addsub_mult_add(c_xdevicefamily...]
Compiling architecture synth of entity fir_compiler_v7_2_16.calc [\calc(c_xdevicefamily="virtexupl...]
Compiling architecture synth of entity fir_compiler_v7_2_16.addsub_mult_add [\addsub_mult_add(c_xdevicefamily...]
Compiling architecture synth of entity fir_compiler_v7_2_16.calc [\calc(c_xdevicefamily="virtexupl...]
Compiling architecture synth of entity fir_compiler_v7_2_16.addsub_mult_add [\addsub_mult_add(c_xdevicefamily...]
Compiling architecture synth of entity fir_compiler_v7_2_16.delay [\delay(c_delay_len=0,c_xdevicefa...]
Compiling architecture synth of entity fir_compiler_v7_2_16.addsub_mult_add [\addsub_mult_add(c_xdevicefamily...]
Compiling architecture synth of entity fir_compiler_v7_2_16.sp_mem [\sp_mem(c_xdevicefamily="virtexu...]
Compiling architecture synth of entity fir_compiler_v7_2_16.sp_mem [\sp_mem(c_xdevicefamily="virtexu...]
Compiling architecture synth of entity fir_compiler_v7_2_16.filt_mem [\filt_mem(c_xdevicefamily="virte...]
Compiling architecture synth of entity fir_compiler_v7_2_16.sp_mem [\sp_mem(c_xdevicefamily="virtexu...]
Compiling architecture synth of entity fir_compiler_v7_2_16.sp_mem [\sp_mem(c_xdevicefamily="virtexu...]
Compiling architecture synth of entity fir_compiler_v7_2_16.filt_mem [\filt_mem(c_xdevicefamily="virte...]
Compiling architecture synth of entity fir_compiler_v7_2_16.sp_mem [\sp_mem(c_xdevicefamily="virtexu...]
Compiling architecture synth of entity fir_compiler_v7_2_16.sp_mem [\sp_mem(c_xdevicefamily="virtexu...]
Compiling architecture synth of entity fir_compiler_v7_2_16.filt_mem [\filt_mem(c_xdevicefamily="virte...]
Compiling architecture synth of entity fir_compiler_v7_2_16.sp_mem [\sp_mem(c_xdevicefamily="virtexu...]
Compiling architecture synth of entity fir_compiler_v7_2_16.sp_mem [\sp_mem(c_xdevicefamily="virtexu...]
Compiling architecture synth of entity fir_compiler_v7_2_16.filt_mem [\filt_mem(c_xdevicefamily="virte...]
Compiling architecture synth of entity fir_compiler_v7_2_16.sp_mem [\sp_mem(c_xdevicefamily="virtexu...]
Compiling architecture synth of entity fir_compiler_v7_2_16.sp_mem [\sp_mem(c_xdevicefamily="virtexu...]
Compiling architecture synth of entity fir_compiler_v7_2_16.filt_mem [\filt_mem(c_xdevicefamily="virte...]
Compiling architecture synth of entity fir_compiler_v7_2_16.sp_mem [\sp_mem(c_xdevicefamily="virtexu...]
Compiling architecture synth of entity fir_compiler_v7_2_16.sp_mem [\sp_mem(c_xdevicefamily="virtexu...]
Compiling architecture synth of entity fir_compiler_v7_2_16.filt_mem [\filt_mem(c_xdevicefamily="virte...]
Compiling architecture synth of entity fir_compiler_v7_2_16.calc [\calc(c_xdevicefamily="virtexupl...]
Compiling architecture synth of entity fir_compiler_v7_2_16.addsub_mult_add [\addsub_mult_add(c_xdevicefamily...]
Compiling architecture synth of entity fir_compiler_v7_2_16.calc [\calc(c_xdevicefamily="virtexupl...]
Compiling architecture synth of entity fir_compiler_v7_2_16.addsub_mult_add [\addsub_mult_add(c_xdevicefamily...]
Compiling architecture synth of entity fir_compiler_v7_2_16.calc [\calc(c_xdevicefamily="virtexupl...]
Compiling architecture synth of entity fir_compiler_v7_2_16.addsub_mult_add [\addsub_mult_add(c_xdevicefamily...]
Compiling architecture synth of entity fir_compiler_v7_2_16.calc [\calc(c_xdevicefamily="virtexupl...]
Compiling architecture synth of entity fir_compiler_v7_2_16.addsub_mult_add [\addsub_mult_add(c_xdevicefamily...]
Compiling architecture synth of entity fir_compiler_v7_2_16.calc [\calc(c_xdevicefamily="virtexupl...]
Compiling architecture synth of entity fir_compiler_v7_2_16.addsub_mult_add [\addsub_mult_add(c_xdevicefamily...]
Compiling architecture synth of entity fir_compiler_v7_2_16.addsub_mult_add [\addsub_mult_add(c_xdevicefamily...]
Compiling architecture synth of entity fir_compiler_v7_2_16.calc [\calc(c_xdevicefamily="virtexupl...]
Compiling architecture synth of entity fir_compiler_v7_2_16.addsub_mult_add [\addsub_mult_add(c_xdevicefamily...]
Compiling architecture synth of entity fir_compiler_v7_2_16.calc [\calc(c_xdevicefamily="virtexupl...]
Compiling architecture synth of entity fir_compiler_v7_2_16.addsub_mult_add [\addsub_mult_add(c_xdevicefamily...]
Compiling architecture synth of entity fir_compiler_v7_2_16.calc [\calc(c_xdevicefamily="virtexupl...]
Compiling architecture synth of entity fir_compiler_v7_2_16.addsub_mult_add [\addsub_mult_add(c_xdevicefamily...]
Compiling architecture synth of entity fir_compiler_v7_2_16.calc [\calc(c_xdevicefamily="virtexupl...]
Compiling architecture synth of entity fir_compiler_v7_2_16.addsub_mult_add [\addsub_mult_add(c_xdevicefamily...]
Compiling architecture synth of entity fir_compiler_v7_2_16.calc [\calc(c_xdevicefamily="virtexupl...]
Compiling architecture synth of entity fir_compiler_v7_2_16.addsub_mult_add [\addsub_mult_add(c_xdevicefamily...]
Compiling architecture synth of entity fir_compiler_v7_2_16.addsub_mult_add [\addsub_mult_add(c_xdevicefamily...]
Compiling architecture synth of entity fir_compiler_v7_2_16.calc [\calc(c_xdevicefamily="virtexupl...]
Compiling architecture synth of entity fir_compiler_v7_2_16.addsub_mult_add [\addsub_mult_add(c_xdevicefamily...]
Compiling architecture synth of entity fir_compiler_v7_2_16.calc [\calc(c_xdevicefamily="virtexupl...]
Compiling architecture synth of entity fir_compiler_v7_2_16.addsub_mult_add [\addsub_mult_add(c_xdevicefamily...]
Compiling architecture synth of entity fir_compiler_v7_2_16.calc [\calc(c_xdevicefamily="virtexupl...]
Compiling architecture synth of entity fir_compiler_v7_2_16.addsub_mult_add [\addsub_mult_add(c_xdevicefamily...]
Compiling architecture synth of entity fir_compiler_v7_2_16.calc [\calc(c_xdevicefamily="virtexupl...]
Compiling architecture synth of entity fir_compiler_v7_2_16.addsub_mult_add [\addsub_mult_add(c_xdevicefamily...]
Compiling architecture synth of entity fir_compiler_v7_2_16.calc [\calc(c_xdevicefamily="virtexupl...]
Compiling architecture synth of entity fir_compiler_v7_2_16.addsub_mult_add [\addsub_mult_add(c_xdevicefamily...]
Compiling architecture synth of entity fir_compiler_v7_2_16.addsub_mult_add [\addsub_mult_add(c_xdevicefamily...]
Compiling architecture synth of entity fir_compiler_v7_2_16.calc [\calc(c_xdevicefamily="virtexupl...]
Compiling architecture synth of entity fir_compiler_v7_2_16.addsub_mult_add [\addsub_mult_add(c_xdevicefamily...]
Compiling architecture synth of entity fir_compiler_v7_2_16.addsub_mult_add [\addsub_mult_add(c_xdevicefamily...]
Compiling architecture synth of entity fir_compiler_v7_2_16.calc [\calc(c_xdevicefamily="virtexupl...]
Compiling architecture synth of entity fir_compiler_v7_2_16.addsub_mult_add [\addsub_mult_add(c_xdevicefamily...]
Compiling architecture synth of entity fir_compiler_v7_2_16.addsub_mult_add [\addsub_mult_add(c_xdevicefamily...]
Compiling architecture synth of entity fir_compiler_v7_2_16.calc [\calc(c_xdevicefamily="virtexupl...]
Compiling architecture synth of entity fir_compiler_v7_2_16.addsub_mult_add [\addsub_mult_add(c_xdevicefamily...]
Compiling architecture synth of entity fir_compiler_v7_2_16.addsub_mult_add [\addsub_mult_add(c_xdevicefamily...]
Compiling architecture synth of entity fir_compiler_v7_2_16.calc [\calc(c_xdevicefamily="virtexupl...]
Compiling architecture synth of entity fir_compiler_v7_2_16.addsub_mult_add [\addsub_mult_add(c_xdevicefamily...]
Compiling architecture synth of entity fir_compiler_v7_2_16.addsub_mult_add [\addsub_mult_add(c_xdevicefamily...]
Compiling architecture synth of entity fir_compiler_v7_2_16.delay [\delay(c_delay_len=1,c_xdevicefa...]
Compiling architecture synth of entity fir_compiler_v7_2_16.delay [\delay(c_delay_len=1,c_xdevicefa...]
Compiling architecture synth of entity fir_compiler_v7_2_16.delay [\delay(c_delay_len=1,c_xdevicefa...]
Compiling architecture synth of entity fir_compiler_v7_2_16.delay [\delay(c_delay_len=16,c_xdevicef...]
Compiling architecture xilinx of entity axi_utils_v2_0_6.glb_srl_fifo [\glb_srl_fifo(width=144,has_uvpr...]
Compiling architecture xilinx of entity axi_utils_v2_0_6.glb_ifx_master [\glb_ifx_master(width=144)\]
Compiling architecture synth of entity fir_compiler_v7_2_16.polyphase_interpolation_sym_ssr [\polyphase_interpolation_sym_ssr...]
Compiling architecture synth of entity fir_compiler_v7_2_16.fir_compiler_v7_2_16_viv [\fir_compiler_v7_2_16_viv(c_xdev...]
Compiling architecture xilinx of entity fir_compiler_v7_2_16.fir_compiler_v7_2_16 [\fir_compiler_v7_2_16(c_xdevicef...]
Compiling architecture t07_g3_up47_arch of entity xil_defaultlib.t07_g3_up47 [t07_g3_up47_default]
Compiling module xil_defaultlib.sfo_fir_up47_default
Compiling architecture xilinx of entity axi_utils_v2_0_6.glb_srl_fifo [\glb_srl_fifo(width=128,has_ifx=...]
Compiling architecture xilinx of entity axi_utils_v2_0_6.glb_ifx_slave [\glb_ifx_slave(width=128,has_ifx...]
Compiling architecture synth of entity fir_compiler_v7_2_16.sp_mem [\sp_mem(c_xdevicefamily="virtexu...]
Compiling architecture synth of entity fir_compiler_v7_2_16.sp_mem [\sp_mem(c_xdevicefamily="virtexu...]
Compiling architecture synth of entity fir_compiler_v7_2_16.filt_mem [\filt_mem(c_xdevicefamily="virte...]
Compiling architecture synth of entity fir_compiler_v7_2_16.sp_mem [\sp_mem(c_xdevicefamily="virtexu...]
Compiling architecture synth of entity fir_compiler_v7_2_16.sp_mem [\sp_mem(c_xdevicefamily="virtexu...]
Compiling architecture synth of entity fir_compiler_v7_2_16.filt_mem [\filt_mem(c_xdevicefamily="virte...]
Compiling architecture synth of entity fir_compiler_v7_2_16.calc [\calc(c_xdevicefamily="virtexupl...]
Compiling architecture synth of entity fir_compiler_v7_2_16.addsub_mult_add [\addsub_mult_add(c_xdevicefamily...]
Compiling architecture synth of entity fir_compiler_v7_2_16.calc [\calc(c_xdevicefamily="virtexupl...]
Compiling architecture synth of entity fir_compiler_v7_2_16.addsub_mult_add [\addsub_mult_add(c_xdevicefamily...]
Compiling architecture synth of entity fir_compiler_v7_2_16.calc [\calc(c_xdevicefamily="virtexupl...]
Compiling architecture synth of entity fir_compiler_v7_2_16.addsub_mult_add [\addsub_mult_add(c_xdevicefamily...]
Compiling architecture synth of entity fir_compiler_v7_2_16.calc [\calc(c_xdevicefamily="virtexupl...]
Compiling architecture synth of entity fir_compiler_v7_2_16.addsub_mult_add [\addsub_mult_add(c_xdevicefamily...]
Compiling architecture synth of entity fir_compiler_v7_2_16.sp_mem [\sp_mem(c_xdevicefamily="virtexu...]
Compiling architecture synth of entity fir_compiler_v7_2_16.sp_mem [\sp_mem(c_xdevicefamily="virtexu...]
Compiling architecture synth of entity fir_compiler_v7_2_16.filt_mem [\filt_mem(c_xdevicefamily="virte...]
Compiling architecture synth of entity fir_compiler_v7_2_16.sp_mem [\sp_mem(c_xdevicefamily="virtexu...]
Compiling architecture synth of entity fir_compiler_v7_2_16.sp_mem [\sp_mem(c_xdevicefamily="virtexu...]
Compiling architecture synth of entity fir_compiler_v7_2_16.filt_mem [\filt_mem(c_xdevicefamily="virte...]
Compiling architecture synth of entity fir_compiler_v7_2_16.calc [\calc(c_xdevicefamily="virtexupl...]
Compiling architecture synth of entity fir_compiler_v7_2_16.addsub_mult_add [\addsub_mult_add(c_xdevicefamily...]
Compiling architecture synth of entity fir_compiler_v7_2_16.calc [\calc(c_xdevicefamily="virtexupl...]
Compiling architecture synth of entity fir_compiler_v7_2_16.addsub_mult_add [\addsub_mult_add(c_xdevicefamily...]
Compiling architecture synth of entity fir_compiler_v7_2_16.calc [\calc(c_xdevicefamily="virtexupl...]
Compiling architecture synth of entity fir_compiler_v7_2_16.addsub_mult_add [\addsub_mult_add(c_xdevicefamily...]
Compiling architecture synth of entity fir_compiler_v7_2_16.calc [\calc(c_xdevicefamily="virtexupl...]
Compiling architecture synth of entity fir_compiler_v7_2_16.addsub_mult_add [\addsub_mult_add(c_xdevicefamily...]
Compiling architecture synth of entity fir_compiler_v7_2_16.calc [\calc(c_xdevicefamily="virtexupl...]
Compiling architecture synth of entity fir_compiler_v7_2_16.addsub_mult_add [\addsub_mult_add(c_xdevicefamily...]
Compiling architecture synth of entity fir_compiler_v7_2_16.calc [\calc(c_xdevicefamily="virtexupl...]
Compiling architecture synth of entity fir_compiler_v7_2_16.addsub_mult_add [\addsub_mult_add(c_xdevicefamily...]
Compiling architecture synth of entity fir_compiler_v7_2_16.calc [\calc(c_xdevicefamily="virtexupl...]
Compiling architecture synth of entity fir_compiler_v7_2_16.addsub_mult_add [\addsub_mult_add(c_xdevicefamily...]
Compiling architecture synth of entity fir_compiler_v7_2_16.calc [\calc(c_xdevicefamily="virtexupl...]
Compiling architecture synth of entity fir_compiler_v7_2_16.addsub_mult_add [\addsub_mult_add(c_xdevicefamily...]
Compiling architecture synth of entity fir_compiler_v7_2_16.calc [\calc(c_xdevicefamily="virtexupl...]
Compiling architecture synth of entity fir_compiler_v7_2_16.addsub_mult_add [\addsub_mult_add(c_xdevicefamily...]
Compiling architecture synth of entity fir_compiler_v7_2_16.calc [\calc(c_xdevicefamily="virtexupl...]
Compiling architecture synth of entity fir_compiler_v7_2_16.addsub_mult_add [\addsub_mult_add(c_xdevicefamily...]
Compiling architecture synth of entity fir_compiler_v7_2_16.calc [\calc(c_xdevicefamily="virtexupl...]
Compiling architecture synth of entity fir_compiler_v7_2_16.addsub_mult_add [\addsub_mult_add(c_xdevicefamily...]
Compiling architecture synth of entity fir_compiler_v7_2_16.calc [\calc(c_xdevicefamily="virtexupl...]
Compiling architecture synth of entity fir_compiler_v7_2_16.addsub_mult_add [\addsub_mult_add(c_xdevicefamily...]
Compiling architecture synth of entity fir_compiler_v7_2_16.calc [\calc(c_xdevicefamily="virtexupl...]
Compiling architecture synth of entity fir_compiler_v7_2_16.addsub_mult_add [\addsub_mult_add(c_xdevicefamily...]
Compiling architecture synth of entity fir_compiler_v7_2_16.calc [\calc(c_xdevicefamily="virtexupl...]
Compiling architecture synth of entity fir_compiler_v7_2_16.addsub_mult_add [\addsub_mult_add(c_xdevicefamily...]
Compiling architecture synth of entity fir_compiler_v7_2_16.calc [\calc(c_xdevicefamily="virtexupl...]
Compiling architecture synth of entity fir_compiler_v7_2_16.addsub_mult_add [\addsub_mult_add(c_xdevicefamily...]
Compiling architecture synth of entity fir_compiler_v7_2_16.calc [\calc(c_xdevicefamily="virtexupl...]
Compiling architecture synth of entity fir_compiler_v7_2_16.addsub_mult_add [\addsub_mult_add(c_xdevicefamily...]
Compiling architecture synth of entity fir_compiler_v7_2_16.calc [\calc(c_xdevicefamily="virtexupl...]
Compiling architecture synth of entity fir_compiler_v7_2_16.addsub_mult_add [\addsub_mult_add(c_xdevicefamily...]
Compiling architecture synth of entity fir_compiler_v7_2_16.calc [\calc(c_xdevicefamily="virtexupl...]
Compiling architecture synth of entity fir_compiler_v7_2_16.addsub_mult_add [\addsub_mult_add(c_xdevicefamily...]
Compiling architecture synth of entity fir_compiler_v7_2_16.calc [\calc(c_xdevicefamily="virtexupl...]
Compiling architecture synth of entity fir_compiler_v7_2_16.addsub_mult_add [\addsub_mult_add(c_xdevicefamily...]
Compiling architecture synth of entity fir_compiler_v7_2_16.calc [\calc(c_xdevicefamily="virtexupl...]
Compiling architecture synth of entity fir_compiler_v7_2_16.addsub_mult_add [\addsub_mult_add(c_xdevicefamily...]
Compiling architecture synth of entity fir_compiler_v7_2_16.calc [\calc(c_xdevicefamily="virtexupl...]
Compiling architecture synth of entity fir_compiler_v7_2_16.addsub_mult_add [\addsub_mult_add(c_xdevicefamily...]
Compiling architecture synth of entity fir_compiler_v7_2_16.calc [\calc(c_xdevicefamily="virtexupl...]
Compiling architecture synth of entity fir_compiler_v7_2_16.addsub_mult_add [\addsub_mult_add(c_xdevicefamily...]
Compiling architecture synth of entity fir_compiler_v7_2_16.calc [\calc(c_xdevicefamily="virtexupl...]
Compiling architecture synth of entity fir_compiler_v7_2_16.addsub_mult_add [\addsub_mult_add(c_xdevicefamily...]
Compiling architecture synth of entity fir_compiler_v7_2_16.calc [\calc(c_xdevicefamily="virtexupl...]
Compiling architecture synth of entity fir_compiler_v7_2_16.addsub_mult_add [\addsub_mult_add(c_xdevicefamily...]
Compiling architecture synth of entity fir_compiler_v7_2_16.calc [\calc(c_xdevicefamily="virtexupl...]
Compiling architecture synth of entity fir_compiler_v7_2_16.addsub_mult_add [\addsub_mult_add(c_xdevicefamily...]
Compiling architecture synth of entity fir_compiler_v7_2_16.calc [\calc(c_xdevicefamily="virtexupl...]
Compiling architecture synth of entity fir_compiler_v7_2_16.addsub_mult_add [\addsub_mult_add(c_xdevicefamily...]
Compiling architecture synth of entity fir_compiler_v7_2_16.calc [\calc(c_xdevicefamily="virtexupl...]
Compiling architecture synth of entity fir_compiler_v7_2_16.addsub_mult_add [\addsub_mult_add(c_xdevicefamily...]
Compiling architecture synth of entity fir_compiler_v7_2_16.calc [\calc(c_xdevicefamily="virtexupl...]
Compiling architecture synth of entity fir_compiler_v7_2_16.addsub_mult_add [\addsub_mult_add(c_xdevicefamily...]
Compiling architecture synth of entity fir_compiler_v7_2_16.calc [\calc(c_xdevicefamily="virtexupl...]
Compiling architecture synth of entity fir_compiler_v7_2_16.addsub_mult_add [\addsub_mult_add(c_xdevicefamily...]
Compiling architecture synth of entity fir_compiler_v7_2_16.calc [\calc(c_xdevicefamily="virtexupl...]
Compiling architecture synth of entity fir_compiler_v7_2_16.addsub_mult_add [\addsub_mult_add(c_xdevicefamily...]
Compiling architecture synth of entity fir_compiler_v7_2_16.calc [\calc(c_xdevicefamily="virtexupl...]
Compiling architecture synth of entity fir_compiler_v7_2_16.addsub_mult_add [\addsub_mult_add(c_xdevicefamily...]
Compiling architecture synth of entity fir_compiler_v7_2_16.calc [\calc(c_xdevicefamily="virtexupl...]
Compiling architecture synth of entity fir_compiler_v7_2_16.addsub_mult_add [\addsub_mult_add(c_xdevicefamily...]
Compiling architecture synth of entity fir_compiler_v7_2_16.calc [\calc(c_xdevicefamily="virtexupl...]
Compiling architecture synth of entity fir_compiler_v7_2_16.addsub_mult_add [\addsub_mult_add(c_xdevicefamily...]
Compiling architecture synth of entity fir_compiler_v7_2_16.calc [\calc(c_xdevicefamily="virtexupl...]
Compiling architecture synth of entity fir_compiler_v7_2_16.addsub_mult_add [\addsub_mult_add(c_xdevicefamily...]
Compiling architecture synth of entity fir_compiler_v7_2_16.calc [\calc(c_xdevicefamily="virtexupl...]
Compiling architecture synth of entity fir_compiler_v7_2_16.addsub_mult_add [\addsub_mult_add(c_xdevicefamily...]
Compiling architecture synth of entity fir_compiler_v7_2_16.calc [\calc(c_xdevicefamily="virtexupl...]
Compiling architecture synth of entity fir_compiler_v7_2_16.addsub_mult_add [\addsub_mult_add(c_xdevicefamily...]
Compiling architecture synth of entity fir_compiler_v7_2_16.calc [\calc(c_xdevicefamily="virtexupl...]
Compiling architecture synth of entity fir_compiler_v7_2_16.addsub_mult_add [\addsub_mult_add(c_xdevicefamily...]
Compiling architecture synth of entity fir_compiler_v7_2_16.calc [\calc(c_xdevicefamily="virtexupl...]
Compiling architecture synth of entity fir_compiler_v7_2_16.addsub_mult_add [\addsub_mult_add(c_xdevicefamily...]
Compiling architecture synth of entity fir_compiler_v7_2_16.calc [\calc(c_xdevicefamily="virtexupl...]
Compiling architecture synth of entity fir_compiler_v7_2_16.addsub_mult_add [\addsub_mult_add(c_xdevicefamily...]
Compiling architecture synth of entity fir_compiler_v7_2_16.calc [\calc(c_xdevicefamily="virtexupl...]
Compiling architecture synth of entity fir_compiler_v7_2_16.addsub_mult_add [\addsub_mult_add(c_xdevicefamily...]
Compiling architecture synth of entity fir_compiler_v7_2_16.calc [\calc(c_xdevicefamily="virtexupl...]
Compiling architecture synth of entity fir_compiler_v7_2_16.addsub_mult_add [\addsub_mult_add(c_xdevicefamily...]
Compiling architecture synth of entity fir_compiler_v7_2_16.calc [\calc(c_xdevicefamily="virtexupl...]
Compiling architecture synth of entity fir_compiler_v7_2_16.addsub_mult_add [\addsub_mult_add(c_xdevicefamily...]
Compiling architecture synth of entity fir_compiler_v7_2_16.calc [\calc(c_xdevicefamily="virtexupl...]
Compiling architecture synth of entity fir_compiler_v7_2_16.addsub_mult_add [\addsub_mult_add(c_xdevicefamily...]
Compiling architecture synth of entity fir_compiler_v7_2_16.calc [\calc(c_xdevicefamily="virtexupl...]
Compiling architecture synth of entity fir_compiler_v7_2_16.addsub_mult_add [\addsub_mult_add(c_xdevicefamily...]
Compiling architecture synth of entity fir_compiler_v7_2_16.calc [\calc(c_xdevicefamily="virtexupl...]
Compiling architecture synth of entity fir_compiler_v7_2_16.addsub_mult_add [\addsub_mult_add(c_xdevicefamily...]
Compiling architecture synth of entity fir_compiler_v7_2_16.calc [\calc(c_xdevicefamily="virtexupl...]
Compiling architecture synth of entity fir_compiler_v7_2_16.addsub_mult_add [\addsub_mult_add(c_xdevicefamily...]
Compiling architecture synth of entity fir_compiler_v7_2_16.calc [\calc(c_xdevicefamily="virtexupl...]
Compiling architecture synth of entity fir_compiler_v7_2_16.addsub_mult_add [\addsub_mult_add(c_xdevicefamily...]
Compiling architecture synth of entity fir_compiler_v7_2_16.calc [\calc(c_xdevicefamily="virtexupl...]
Compiling architecture synth of entity fir_compiler_v7_2_16.addsub_mult_add [\addsub_mult_add(c_xdevicefamily...]
Compiling architecture synth of entity fir_compiler_v7_2_16.calc [\calc(c_xdevicefamily="virtexupl...]
Compiling architecture synth of entity fir_compiler_v7_2_16.addsub_mult_add [\addsub_mult_add(c_xdevicefamily...]
Compiling architecture synth of entity fir_compiler_v7_2_16.calc [\calc(c_xdevicefamily="virtexupl...]
Compiling architecture synth of entity fir_compiler_v7_2_16.addsub_mult_add [\addsub_mult_add(c_xdevicefamily...]
Compiling architecture synth of entity fir_compiler_v7_2_16.calc [\calc(c_xdevicefamily="virtexupl...]
Compiling architecture synth of entity fir_compiler_v7_2_16.addsub_mult_add [\addsub_mult_add(c_xdevicefamily...]
Compiling architecture synth of entity fir_compiler_v7_2_16.calc [\calc(c_xdevicefamily="virtexupl...]
Compiling architecture synth of entity fir_compiler_v7_2_16.addsub_mult_add [\addsub_mult_add(c_xdevicefamily...]
Compiling architecture synth of entity fir_compiler_v7_2_16.calc [\calc(c_xdevicefamily="virtexupl...]
Compiling architecture synth of entity fir_compiler_v7_2_16.addsub_mult_add [\addsub_mult_add(c_xdevicefamily...]
Compiling architecture synth of entity fir_compiler_v7_2_16.calc [\calc(c_xdevicefamily="virtexupl...]
Compiling architecture synth of entity fir_compiler_v7_2_16.addsub_mult_add [\addsub_mult_add(c_xdevicefamily...]
Compiling architecture synth of entity fir_compiler_v7_2_16.calc [\calc(c_xdevicefamily="virtexupl...]
Compiling architecture synth of entity fir_compiler_v7_2_16.addsub_mult_add [\addsub_mult_add(c_xdevicefamily...]
Compiling architecture synth of entity fir_compiler_v7_2_16.calc [\calc(c_xdevicefamily="virtexupl...]
Compiling architecture synth of entity fir_compiler_v7_2_16.addsub_mult_add [\addsub_mult_add(c_xdevicefamily...]
Compiling architecture synth of entity fir_compiler_v7_2_16.calc [\calc(c_xdevicefamily="virtexupl...]
Compiling architecture synth of entity fir_compiler_v7_2_16.addsub_mult_add [\addsub_mult_add(c_xdevicefamily...]
Compiling architecture synth of entity fir_compiler_v7_2_16.calc [\calc(c_xdevicefamily="virtexupl...]
Compiling architecture synth of entity fir_compiler_v7_2_16.addsub_mult_add [\addsub_mult_add(c_xdevicefamily...]
Compiling architecture synth of entity fir_compiler_v7_2_16.calc [\calc(c_xdevicefamily="virtexupl...]
Compiling architecture synth of entity fir_compiler_v7_2_16.addsub_mult_add [\addsub_mult_add(c_xdevicefamily...]
Compiling architecture synth of entity fir_compiler_v7_2_16.calc [\calc(c_xdevicefamily="virtexupl...]
Compiling architecture synth of entity fir_compiler_v7_2_16.addsub_mult_add [\addsub_mult_add(c_xdevicefamily...]
Compiling architecture synth of entity fir_compiler_v7_2_16.delay [\delay(c_delay_len=1,c_xdevicefa...]
Compiling architecture synth of entity fir_compiler_v7_2_16.delay [\delay(c_delay_len=8,c_xdevicefa...]
Compiling architecture xilinx of entity axi_utils_v2_0_6.glb_srl_fifo [\glb_srl_fifo(width=272,has_uvpr...]
Compiling architecture xilinx of entity axi_utils_v2_0_6.glb_ifx_master [\glb_ifx_master(width=272)\]
Compiling architecture synth of entity fir_compiler_v7_2_16.polyphase_interpolation_sym_ssr [\polyphase_interpolation_sym_ssr...]
Compiling architecture synth of entity fir_compiler_v7_2_16.fir_compiler_v7_2_16_viv [\fir_compiler_v7_2_16_viv(c_xdev...]
Compiling architecture xilinx of entity fir_compiler_v7_2_16.fir_compiler_v7_2_16 [\fir_compiler_v7_2_16(c_xdevicef...]
Compiling architecture t07_g3_up15_arch of entity xil_defaultlib.t07_g3_up15 [t07_g3_up15_default]
Compiling module xil_defaultlib.sfo_fir_up15_default
Compiling architecture xilinx of entity mult_gen_v12_0_17.op_resize [\op_resize(ai_width=17,bi_width=...]
Compiling architecture xilinx of entity mult_gen_v12_0_17.dsp [\dsp(c_xdevicefamily="virtexuplu...]
Compiling architecture xilinx of entity mult_gen_v12_0_17.mult_gen_v12_0_17_viv [\mult_gen_v12_0_17_viv(c_verbosi...]
Compiling architecture xilinx of entity mult_gen_v12_0_17.mult_gen_v12_0_17 [\mult_gen_v12_0_17(c_xdevicefami...]
Compiling architecture farrow_mul_t16_arch of entity xil_defaultlib.farrow_mul_t16 [farrow_mul_t16_default]
Compiling architecture structural of entity c_reg_fd_v12_0_6.c_reg_fd_v12_0_6_viv [\c_reg_fd_v12_0_6_viv(c_width=18...]
Compiling architecture rtl of entity c_addsub_v12_0_14.c_addsub_v12_0_14_lut6_legacy [\c_addsub_v12_0_14_lut6_legacy(c...]
Compiling architecture synth of entity c_addsub_v12_0_14.c_addsub_v12_0_14_fabric_legacy [\c_addsub_v12_0_14_fabric_legacy...]
Compiling architecture synth of entity c_addsub_v12_0_14.c_addsub_v12_0_14_legacy [\c_addsub_v12_0_14_legacy(c_fami...]
Compiling architecture synth of entity c_addsub_v12_0_14.c_addsub_v12_0_14_viv [\c_addsub_v12_0_14_viv(c_xdevice...]
Compiling architecture xilinx of entity c_addsub_v12_0_14.c_addsub_v12_0_14 [\c_addsub_v12_0_14(c_xdevicefami...]
Compiling architecture farrow_add_18_arch of entity xil_defaultlib.farrow_add_18 [farrow_add_18_default]
Compiling module xil_defaultlib.sfo_farrow_add_default
Compiling architecture structural of entity c_reg_fd_v12_0_6.c_reg_fd_v12_0_6_viv [\c_reg_fd_v12_0_6_viv(c_width=32...]
Compiling architecture rtl of entity c_addsub_v12_0_14.c_addsub_v12_0_14_lut6_legacy [\c_addsub_v12_0_14_lut6_legacy(c...]
Compiling architecture synth of entity c_addsub_v12_0_14.c_addsub_v12_0_14_fabric_legacy [\c_addsub_v12_0_14_fabric_legacy...]
Compiling architecture synth of entity c_addsub_v12_0_14.c_addsub_v12_0_14_legacy [\c_addsub_v12_0_14_legacy(c_fami...]
Compiling architecture synth of entity c_addsub_v12_0_14.c_addsub_v12_0_14_viv [\c_addsub_v12_0_14_viv(c_xdevice...]
Compiling architecture xilinx of entity c_addsub_v12_0_14.c_addsub_v12_0_14 [\c_addsub_v12_0_14(c_xdevicefami...]
Compiling architecture farrow_add_32_arch of entity xil_defaultlib.farrow_add_32 [farrow_add_32_default]
Compiling module xil_defaultlib.sfo_farrow_add(W=32)
Compiling architecture structural of entity c_reg_fd_v12_0_6.c_reg_fd_v12_0_6_viv [\c_reg_fd_v12_0_6_viv(c_width=28...]
Compiling architecture rtl of entity c_addsub_v12_0_14.c_addsub_v12_0_14_lut6_legacy [\c_addsub_v12_0_14_lut6_legacy(c...]
Compiling architecture synth of entity c_addsub_v12_0_14.c_addsub_v12_0_14_fabric_legacy [\c_addsub_v12_0_14_fabric_legacy...]
Compiling architecture synth of entity c_addsub_v12_0_14.c_addsub_v12_0_14_legacy [\c_addsub_v12_0_14_legacy(c_fami...]
Compiling architecture synth of entity c_addsub_v12_0_14.c_addsub_v12_0_14_viv [\c_addsub_v12_0_14_viv(c_xdevice...]
Compiling architecture xilinx of entity c_addsub_v12_0_14.c_addsub_v12_0_14 [\c_addsub_v12_0_14(c_xdevicefami...]
Compiling architecture farrow_add_28_arch of entity xil_defaultlib.farrow_add_28 [farrow_add_28_default]
Compiling module xil_defaultlib.sfo_farrow_add(W=28)
Compiling architecture xilinx of entity mult_gen_v12_0_17.op_resize [\op_resize(ai_width=19,bi_width=...]
Compiling architecture xilinx of entity mult_gen_v12_0_17.dsp [\dsp(c_xdevicefamily="virtexuplu...]
Compiling architecture xilinx of entity mult_gen_v12_0_17.mult_gen_v12_0_17_viv [\mult_gen_v12_0_17_viv(c_verbosi...]
Compiling architecture xilinx of entity mult_gen_v12_0_17.mult_gen_v12_0_17 [\mult_gen_v12_0_17(c_xdevicefami...]
Compiling architecture farrow_mul_h16_arch of entity xil_defaultlib.farrow_mul_h16 [farrow_mul_h16_default]
Compiling module xil_defaultlib.sfo_farrow_horner_default
Compiling module xil_defaultlib.sfo_farrow_real_default
Compiling module xil_defaultlib.sfo_farrow_parallel_default
Compiling module xil_defaultlib.sfo_guarded_farrow_stream(NOMINA...
Compiling architecture xilinx of entity axi_utils_v2_0_6.glb_srl_fifo [\glb_srl_fifo(width=256,has_ifx=...]
Compiling architecture xilinx of entity axi_utils_v2_0_6.glb_ifx_slave [\glb_ifx_slave(width=256,has_ifx...]
Compiling architecture synth of entity fir_compiler_v7_2_16.cntrl_delay [\cntrl_delay(c_delay_len=0,c_mem...]
Compiling architecture synth of entity fir_compiler_v7_2_16.sp_mem [\sp_mem(c_xdevicefamily="virtexu...]
Compiling architecture synth of entity fir_compiler_v7_2_16.filt_mem [\filt_mem(c_xdevicefamily="virte...]
Compiling architecture synth of entity fir_compiler_v7_2_16.sp_mem [\sp_mem(c_xdevicefamily="virtexu...]
Compiling architecture synth of entity fir_compiler_v7_2_16.sp_mem [\sp_mem(c_xdevicefamily="virtexu...]
Compiling architecture synth of entity fir_compiler_v7_2_16.filt_mem [\filt_mem(c_xdevicefamily="virte...]
Compiling architecture synth of entity fir_compiler_v7_2_16.sp_mem [\sp_mem(c_xdevicefamily="virtexu...]
Compiling architecture synth of entity fir_compiler_v7_2_16.filt_mem [\filt_mem(c_xdevicefamily="virte...]
Compiling architecture synth of entity fir_compiler_v7_2_16.sp_mem [\sp_mem(c_xdevicefamily="virtexu...]
Compiling architecture synth of entity fir_compiler_v7_2_16.filt_mem [\filt_mem(c_xdevicefamily="virte...]
Compiling architecture synth of entity fir_compiler_v7_2_16.delay [\delay(c_delay_len=0,c_xdevicefa...]
Compiling architecture dsp48e2_v of entity unisim.DSP48E2 [\DSP48E2(amultsel="AD",mask="111...]
Compiling architecture synth of entity fir_compiler_v7_2_16.calc [\calc(c_xdevicefamily="virtexupl...]
Compiling architecture synth of entity fir_compiler_v7_2_16.addsub_mult_add [\addsub_mult_add(c_xdevicefamily...]
Compiling architecture dsp48e2_v of entity unisim.DSP48E2 [\DSP48E2(amultsel="AD",mask="111...]
Compiling architecture synth of entity fir_compiler_v7_2_16.calc [\calc(c_xdevicefamily="virtexupl...]
Compiling architecture synth of entity fir_compiler_v7_2_16.addsub_mult_add [\addsub_mult_add(c_xdevicefamily...]
Compiling architecture synth of entity fir_compiler_v7_2_16.calc [\calc(c_xdevicefamily="virtexupl...]
Compiling architecture synth of entity fir_compiler_v7_2_16.addsub_mult_add [\addsub_mult_add(c_xdevicefamily...]
Compiling architecture synth of entity fir_compiler_v7_2_16.calc [\calc(c_xdevicefamily="virtexupl...]
Compiling architecture synth of entity fir_compiler_v7_2_16.addsub_mult_add [\addsub_mult_add(c_xdevicefamily...]
Compiling architecture synth of entity fir_compiler_v7_2_16.calc [\calc(c_xdevicefamily="virtexupl...]
Compiling architecture synth of entity fir_compiler_v7_2_16.addsub_mult_add [\addsub_mult_add(c_xdevicefamily...]
Compiling architecture synth of entity fir_compiler_v7_2_16.calc [\calc(c_xdevicefamily="virtexupl...]
Compiling architecture synth of entity fir_compiler_v7_2_16.addsub_mult_add [\addsub_mult_add(c_xdevicefamily...]
Compiling architecture synth of entity fir_compiler_v7_2_16.calc [\calc(c_xdevicefamily="virtexupl...]
Compiling architecture synth of entity fir_compiler_v7_2_16.addsub_mult_add [\addsub_mult_add(c_xdevicefamily...]
Compiling architecture synth of entity fir_compiler_v7_2_16.calc [\calc(c_xdevicefamily="virtexupl...]
Compiling architecture synth of entity fir_compiler_v7_2_16.addsub_mult_add [\addsub_mult_add(c_xdevicefamily...]
Compiling architecture synth of entity fir_compiler_v7_2_16.delay [\delay(c_delay_len=2,c_xdevicefa...]
Compiling architecture synth of entity fir_compiler_v7_2_16.buff [\buff(c_xdevicefamily="virtexupl...]
Compiling architecture synth of entity fir_compiler_v7_2_16.calc [\calc(c_xdevicefamily="virtexupl...]
Compiling architecture synth of entity fir_compiler_v7_2_16.addsub_mult_add [\addsub_mult_add(c_xdevicefamily...]
Compiling architecture synth of entity fir_compiler_v7_2_16.calc [\calc(c_xdevicefamily="virtexupl...]
Compiling architecture synth of entity fir_compiler_v7_2_16.addsub_mult_add [\addsub_mult_add(c_xdevicefamily...]
Compiling architecture synth of entity fir_compiler_v7_2_16.calc [\calc(c_xdevicefamily="virtexupl...]
Compiling architecture synth of entity fir_compiler_v7_2_16.addsub_mult_add [\addsub_mult_add(c_xdevicefamily...]
Compiling architecture synth of entity fir_compiler_v7_2_16.calc [\calc(c_xdevicefamily="virtexupl...]
Compiling architecture synth of entity fir_compiler_v7_2_16.addsub_mult_add [\addsub_mult_add(c_xdevicefamily...]
Compiling architecture synth of entity fir_compiler_v7_2_16.calc [\calc(c_xdevicefamily="virtexupl...]
Compiling architecture synth of entity fir_compiler_v7_2_16.addsub_mult_add [\addsub_mult_add(c_xdevicefamily...]
Compiling architecture synth of entity fir_compiler_v7_2_16.calc [\calc(c_xdevicefamily="virtexupl...]
Compiling architecture synth of entity fir_compiler_v7_2_16.addsub_mult_add [\addsub_mult_add(c_xdevicefamily...]
Compiling architecture synth of entity fir_compiler_v7_2_16.calc [\calc(c_xdevicefamily="virtexupl...]
Compiling architecture synth of entity fir_compiler_v7_2_16.addsub_mult_add [\addsub_mult_add(c_xdevicefamily...]
Compiling architecture synth of entity fir_compiler_v7_2_16.calc [\calc(c_xdevicefamily="virtexupl...]
Compiling architecture synth of entity fir_compiler_v7_2_16.addsub_mult_add [\addsub_mult_add(c_xdevicefamily...]
Compiling architecture synth of entity fir_compiler_v7_2_16.calc [\calc(c_xdevicefamily="virtexupl...]
Compiling architecture synth of entity fir_compiler_v7_2_16.addsub_mult_add [\addsub_mult_add(c_xdevicefamily...]
Compiling architecture synth of entity fir_compiler_v7_2_16.calc [\calc(c_xdevicefamily="virtexupl...]
Compiling architecture synth of entity fir_compiler_v7_2_16.addsub_mult_add [\addsub_mult_add(c_xdevicefamily...]
Compiling architecture synth of entity fir_compiler_v7_2_16.calc [\calc(c_xdevicefamily="virtexupl...]
Compiling architecture synth of entity fir_compiler_v7_2_16.addsub_mult_add [\addsub_mult_add(c_xdevicefamily...]
Compiling architecture synth of entity fir_compiler_v7_2_16.calc [\calc(c_xdevicefamily="virtexupl...]
Compiling architecture synth of entity fir_compiler_v7_2_16.addsub_mult_add [\addsub_mult_add(c_xdevicefamily...]
Compiling architecture synth of entity fir_compiler_v7_2_16.calc [\calc(c_xdevicefamily="virtexupl...]
Compiling architecture synth of entity fir_compiler_v7_2_16.addsub_mult_add [\addsub_mult_add(c_xdevicefamily...]
Compiling architecture synth of entity fir_compiler_v7_2_16.calc [\calc(c_xdevicefamily="virtexupl...]
Compiling architecture synth of entity fir_compiler_v7_2_16.addsub_mult_add [\addsub_mult_add(c_xdevicefamily...]
Compiling architecture synth of entity fir_compiler_v7_2_16.calc [\calc(c_xdevicefamily="virtexupl...]
Compiling architecture synth of entity fir_compiler_v7_2_16.addsub_mult_add [\addsub_mult_add(c_xdevicefamily...]
Compiling architecture synth of entity fir_compiler_v7_2_16.calc [\calc(c_xdevicefamily="virtexupl...]
Compiling architecture synth of entity fir_compiler_v7_2_16.addsub_mult_add [\addsub_mult_add(c_xdevicefamily...]
Compiling architecture synth of entity fir_compiler_v7_2_16.calc [\calc(c_xdevicefamily="virtexupl...]
Compiling architecture synth of entity fir_compiler_v7_2_16.addsub_mult_add [\addsub_mult_add(c_xdevicefamily...]
Compiling architecture synth of entity fir_compiler_v7_2_16.calc [\calc(c_xdevicefamily="virtexupl...]
Compiling architecture synth of entity fir_compiler_v7_2_16.addsub_mult_add [\addsub_mult_add(c_xdevicefamily...]
Compiling architecture synth of entity fir_compiler_v7_2_16.calc [\calc(c_xdevicefamily="virtexupl...]
Compiling architecture synth of entity fir_compiler_v7_2_16.addsub_mult_add [\addsub_mult_add(c_xdevicefamily...]
Compiling architecture synth of entity fir_compiler_v7_2_16.calc [\calc(c_xdevicefamily="virtexupl...]
Compiling architecture synth of entity fir_compiler_v7_2_16.addsub_mult_add [\addsub_mult_add(c_xdevicefamily...]
Compiling architecture synth of entity fir_compiler_v7_2_16.calc [\calc(c_xdevicefamily="virtexupl...]
Compiling architecture synth of entity fir_compiler_v7_2_16.addsub_mult_add [\addsub_mult_add(c_xdevicefamily...]
Compiling architecture synth of entity fir_compiler_v7_2_16.calc [\calc(c_xdevicefamily="virtexupl...]
Compiling architecture synth of entity fir_compiler_v7_2_16.addsub_mult_add [\addsub_mult_add(c_xdevicefamily...]
Compiling architecture synth of entity fir_compiler_v7_2_16.calc [\calc(c_xdevicefamily="virtexupl...]
Compiling architecture synth of entity fir_compiler_v7_2_16.addsub_mult_add [\addsub_mult_add(c_xdevicefamily...]
Compiling architecture synth of entity fir_compiler_v7_2_16.calc [\calc(c_xdevicefamily="virtexupl...]
Compiling architecture synth of entity fir_compiler_v7_2_16.addsub_mult_add [\addsub_mult_add(c_xdevicefamily...]
Compiling architecture synth of entity fir_compiler_v7_2_16.calc [\calc(c_xdevicefamily="virtexupl...]
Compiling architecture synth of entity fir_compiler_v7_2_16.addsub_mult_add [\addsub_mult_add(c_xdevicefamily...]
Compiling architecture synth of entity fir_compiler_v7_2_16.calc [\calc(c_xdevicefamily="virtexupl...]
Compiling architecture synth of entity fir_compiler_v7_2_16.addsub_mult_add [\addsub_mult_add(c_xdevicefamily...]
Compiling architecture synth of entity fir_compiler_v7_2_16.calc [\calc(c_xdevicefamily="virtexupl...]
Compiling architecture synth of entity fir_compiler_v7_2_16.addsub_mult_add [\addsub_mult_add(c_xdevicefamily...]
Compiling architecture synth of entity fir_compiler_v7_2_16.calc [\calc(c_xdevicefamily="virtexupl...]
Compiling architecture synth of entity fir_compiler_v7_2_16.addsub_mult_add [\addsub_mult_add(c_xdevicefamily...]
Compiling architecture synth of entity fir_compiler_v7_2_16.calc [\calc(c_xdevicefamily="virtexupl...]
Compiling architecture synth of entity fir_compiler_v7_2_16.addsub_mult_add [\addsub_mult_add(c_xdevicefamily...]
Compiling architecture synth of entity fir_compiler_v7_2_16.calc [\calc(c_xdevicefamily="virtexupl...]
Compiling architecture synth of entity fir_compiler_v7_2_16.addsub_mult_add [\addsub_mult_add(c_xdevicefamily...]
Compiling architecture synth of entity fir_compiler_v7_2_16.calc [\calc(c_xdevicefamily="virtexupl...]
Compiling architecture synth of entity fir_compiler_v7_2_16.addsub_mult_add [\addsub_mult_add(c_xdevicefamily...]
Compiling architecture synth of entity fir_compiler_v7_2_16.calc [\calc(c_xdevicefamily="virtexupl...]
Compiling architecture synth of entity fir_compiler_v7_2_16.addsub_mult_add [\addsub_mult_add(c_xdevicefamily...]
Compiling architecture synth of entity fir_compiler_v7_2_16.calc [\calc(c_xdevicefamily="virtexupl...]
Compiling architecture synth of entity fir_compiler_v7_2_16.addsub_mult_add [\addsub_mult_add(c_xdevicefamily...]
Compiling architecture synth of entity fir_compiler_v7_2_16.calc [\calc(c_xdevicefamily="virtexupl...]
Compiling architecture synth of entity fir_compiler_v7_2_16.addsub_mult_add [\addsub_mult_add(c_xdevicefamily...]
Compiling architecture synth of entity fir_compiler_v7_2_16.calc [\calc(c_xdevicefamily="virtexupl...]
Compiling architecture synth of entity fir_compiler_v7_2_16.addsub_mult_add [\addsub_mult_add(c_xdevicefamily...]
Compiling architecture synth of entity fir_compiler_v7_2_16.calc [\calc(c_xdevicefamily="virtexupl...]
Compiling architecture synth of entity fir_compiler_v7_2_16.addsub_mult_add [\addsub_mult_add(c_xdevicefamily...]
Compiling architecture synth of entity fir_compiler_v7_2_16.calc [\calc(c_xdevicefamily="virtexupl...]
Compiling architecture synth of entity fir_compiler_v7_2_16.addsub_mult_add [\addsub_mult_add(c_xdevicefamily...]
Compiling architecture synth of entity fir_compiler_v7_2_16.calc [\calc(c_xdevicefamily="virtexupl...]
Compiling architecture synth of entity fir_compiler_v7_2_16.addsub_mult_add [\addsub_mult_add(c_xdevicefamily...]
Compiling architecture synth of entity fir_compiler_v7_2_16.calc [\calc(c_xdevicefamily="virtexupl...]
Compiling architecture synth of entity fir_compiler_v7_2_16.addsub_mult_add [\addsub_mult_add(c_xdevicefamily...]
Compiling architecture synth of entity fir_compiler_v7_2_16.calc [\calc(c_xdevicefamily="virtexupl...]
Compiling architecture synth of entity fir_compiler_v7_2_16.addsub_mult_add [\addsub_mult_add(c_xdevicefamily...]
Compiling architecture synth of entity fir_compiler_v7_2_16.calc [\calc(c_xdevicefamily="virtexupl...]
Compiling architecture synth of entity fir_compiler_v7_2_16.addsub_mult_add [\addsub_mult_add(c_xdevicefamily...]
Compiling architecture synth of entity fir_compiler_v7_2_16.calc [\calc(c_xdevicefamily="virtexupl...]
Compiling architecture synth of entity fir_compiler_v7_2_16.addsub_mult_add [\addsub_mult_add(c_xdevicefamily...]
Compiling architecture synth of entity fir_compiler_v7_2_16.calc [\calc(c_xdevicefamily="virtexupl...]
Compiling architecture synth of entity fir_compiler_v7_2_16.addsub_mult_add [\addsub_mult_add(c_xdevicefamily...]
Compiling architecture synth of entity fir_compiler_v7_2_16.calc [\calc(c_xdevicefamily="virtexupl...]
Compiling architecture synth of entity fir_compiler_v7_2_16.addsub_mult_add [\addsub_mult_add(c_xdevicefamily...]
Compiling architecture synth of entity fir_compiler_v7_2_16.calc [\calc(c_xdevicefamily="virtexupl...]
Compiling architecture synth of entity fir_compiler_v7_2_16.addsub_mult_add [\addsub_mult_add(c_xdevicefamily...]
Compiling architecture synth of entity fir_compiler_v7_2_16.calc [\calc(c_xdevicefamily="virtexupl...]
Compiling architecture synth of entity fir_compiler_v7_2_16.addsub_mult_add [\addsub_mult_add(c_xdevicefamily...]
Compiling architecture synth of entity fir_compiler_v7_2_16.calc [\calc(c_xdevicefamily="virtexupl...]
Compiling architecture synth of entity fir_compiler_v7_2_16.addsub_mult_add [\addsub_mult_add(c_xdevicefamily...]
Compiling architecture synth of entity fir_compiler_v7_2_16.calc [\calc(c_xdevicefamily="virtexupl...]
Compiling architecture synth of entity fir_compiler_v7_2_16.addsub_mult_add [\addsub_mult_add(c_xdevicefamily...]
Compiling architecture synth of entity fir_compiler_v7_2_16.calc [\calc(c_xdevicefamily="virtexupl...]
Compiling architecture synth of entity fir_compiler_v7_2_16.addsub_mult_add [\addsub_mult_add(c_xdevicefamily...]
Compiling architecture synth of entity fir_compiler_v7_2_16.calc [\calc(c_xdevicefamily="virtexupl...]
Compiling architecture synth of entity fir_compiler_v7_2_16.addsub_mult_add [\addsub_mult_add(c_xdevicefamily...]
Compiling architecture synth of entity fir_compiler_v7_2_16.calc [\calc(c_xdevicefamily="virtexupl...]
Compiling architecture synth of entity fir_compiler_v7_2_16.addsub_mult_add [\addsub_mult_add(c_xdevicefamily...]
Compiling architecture synth of entity fir_compiler_v7_2_16.calc [\calc(c_xdevicefamily="virtexupl...]
Compiling architecture synth of entity fir_compiler_v7_2_16.addsub_mult_add [\addsub_mult_add(c_xdevicefamily...]
Compiling architecture synth of entity fir_compiler_v7_2_16.calc [\calc(c_xdevicefamily="virtexupl...]
Compiling architecture synth of entity fir_compiler_v7_2_16.addsub_mult_add [\addsub_mult_add(c_xdevicefamily...]
Compiling architecture synth of entity fir_compiler_v7_2_16.calc [\calc(c_xdevicefamily="virtexupl...]
Compiling architecture synth of entity fir_compiler_v7_2_16.addsub_mult_add [\addsub_mult_add(c_xdevicefamily...]
Compiling architecture synth of entity fir_compiler_v7_2_16.calc [\calc(c_xdevicefamily="virtexupl...]
Compiling architecture synth of entity fir_compiler_v7_2_16.addsub_mult_add [\addsub_mult_add(c_xdevicefamily...]
Compiling architecture synth of entity fir_compiler_v7_2_16.calc [\calc(c_xdevicefamily="virtexupl...]
Compiling architecture synth of entity fir_compiler_v7_2_16.addsub_mult_add [\addsub_mult_add(c_xdevicefamily...]
Compiling architecture synth of entity fir_compiler_v7_2_16.delay [\delay(c_delay_len=1,c_xdevicefa...]
Compiling architecture synth of entity fir_compiler_v7_2_16.delay [\delay(c_delay_len=12,c_xdevicef...]
Compiling architecture xilinx of entity axi_utils_v2_0_6.glb_srl_fifo [\glb_srl_fifo(width=136,has_uvpr...]
Compiling architecture xilinx of entity axi_utils_v2_0_6.glb_ifx_master [\glb_ifx_master(width=136)\]
Compiling architecture synth of entity fir_compiler_v7_2_16.single_rate [\single_rate(c_xdevicefamily="vi...]
Compiling architecture synth of entity fir_compiler_v7_2_16.fir_compiler_v7_2_16_viv [\fir_compiler_v7_2_16_viv(c_xdev...]
Compiling architecture xilinx of entity fir_compiler_v7_2_16.fir_compiler_v7_2_16 [\fir_compiler_v7_2_16(c_xdevicef...]
Compiling architecture t07_g3_down15_arch of entity xil_defaultlib.t07_g3_down15 [t07_g3_down15_default]
Compiling module xil_defaultlib.sfo_fir_down15_default
Compiling architecture synth of entity fir_compiler_v7_2_16.filt_mem [\filt_mem(c_xdevicefamily="virte...]
Compiling architecture synth of entity fir_compiler_v7_2_16.sp_mem [\sp_mem(c_xdevicefamily="virtexu...]
Compiling architecture synth of entity fir_compiler_v7_2_16.filt_mem [\filt_mem(c_xdevicefamily="virte...]
Compiling architecture synth of entity fir_compiler_v7_2_16.sp_mem [\sp_mem(c_xdevicefamily="virtexu...]
Compiling architecture synth of entity fir_compiler_v7_2_16.filt_mem [\filt_mem(c_xdevicefamily="virte...]
Compiling architecture synth of entity fir_compiler_v7_2_16.sp_mem [\sp_mem(c_xdevicefamily="virtexu...]
Compiling architecture synth of entity fir_compiler_v7_2_16.sp_mem [\sp_mem(c_xdevicefamily="virtexu...]
Compiling architecture synth of entity fir_compiler_v7_2_16.filt_mem [\filt_mem(c_xdevicefamily="virte...]
Compiling architecture synth of entity fir_compiler_v7_2_16.sp_mem [\sp_mem(c_xdevicefamily="virtexu...]
Compiling architecture synth of entity fir_compiler_v7_2_16.sp_mem [\sp_mem(c_xdevicefamily="virtexu...]
Compiling architecture synth of entity fir_compiler_v7_2_16.filt_mem [\filt_mem(c_xdevicefamily="virte...]
Compiling architecture synth of entity fir_compiler_v7_2_16.sp_mem [\sp_mem(c_xdevicefamily="virtexu...]
Compiling architecture synth of entity fir_compiler_v7_2_16.sp_mem [\sp_mem(c_xdevicefamily="virtexu...]
Compiling architecture synth of entity fir_compiler_v7_2_16.filt_mem [\filt_mem(c_xdevicefamily="virte...]
Compiling architecture synth of entity fir_compiler_v7_2_16.sp_mem [\sp_mem(c_xdevicefamily="virtexu...]
Compiling architecture synth of entity fir_compiler_v7_2_16.filt_mem [\filt_mem(c_xdevicefamily="virte...]
Compiling architecture synth of entity fir_compiler_v7_2_16.sp_mem [\sp_mem(c_xdevicefamily="virtexu...]
Compiling architecture synth of entity fir_compiler_v7_2_16.filt_mem [\filt_mem(c_xdevicefamily="virte...]
Compiling architecture synth of entity fir_compiler_v7_2_16.sp_mem [\sp_mem(c_xdevicefamily="virtexu...]
Compiling architecture synth of entity fir_compiler_v7_2_16.filt_mem [\filt_mem(c_xdevicefamily="virte...]
Compiling architecture synth of entity fir_compiler_v7_2_16.sp_mem [\sp_mem(c_xdevicefamily="virtexu...]
Compiling architecture synth of entity fir_compiler_v7_2_16.filt_mem [\filt_mem(c_xdevicefamily="virte...]
Compiling architecture synth of entity fir_compiler_v7_2_16.sp_mem [\sp_mem(c_xdevicefamily="virtexu...]
Compiling architecture synth of entity fir_compiler_v7_2_16.filt_mem [\filt_mem(c_xdevicefamily="virte...]
Compiling architecture synth of entity fir_compiler_v7_2_16.sp_mem [\sp_mem(c_xdevicefamily="virtexu...]
Compiling architecture synth of entity fir_compiler_v7_2_16.filt_mem [\filt_mem(c_xdevicefamily="virte...]
Compiling architecture synth of entity fir_compiler_v7_2_16.delay [\delay(c_delay_len=23,c_xdevicef...]
Compiling architecture synth of entity fir_compiler_v7_2_16.delay [\delay(c_delay_len=22,c_xdevicef...]
Compiling architecture synth of entity fir_compiler_v7_2_16.delay [\delay(c_delay_len=21,c_xdevicef...]
Compiling architecture synth of entity fir_compiler_v7_2_16.delay [\delay(c_delay_len=20,c_xdevicef...]
Compiling architecture synth of entity fir_compiler_v7_2_16.delay [\delay(c_delay_len=19,c_xdevicef...]
Compiling architecture synth of entity fir_compiler_v7_2_16.delay [\delay(c_delay_len=18,c_xdevicef...]
Compiling architecture synth of entity fir_compiler_v7_2_16.delay [\delay(c_delay_len=17,c_xdevicef...]
Compiling architecture synth of entity fir_compiler_v7_2_16.delay [\delay(c_delay_len=16,c_xdevicef...]
Compiling architecture synth of entity fir_compiler_v7_2_16.delay [\delay(c_delay_len=15,c_xdevicef...]
Compiling architecture synth of entity fir_compiler_v7_2_16.delay [\delay(c_delay_len=14,c_xdevicef...]
Compiling architecture synth of entity fir_compiler_v7_2_16.delay [\delay(c_delay_len=13,c_xdevicef...]
Compiling architecture synth of entity fir_compiler_v7_2_16.delay [\delay(c_delay_len=12,c_xdevicef...]
Compiling architecture synth of entity fir_compiler_v7_2_16.addsub_mult_add [\addsub_mult_add(c_xdevicefamily...]
Compiling architecture synth of entity fir_compiler_v7_2_16.calc [\calc(c_xdevicefamily="virtexupl...]
Compiling architecture synth of entity fir_compiler_v7_2_16.addsub_mult_add [\addsub_mult_add(c_xdevicefamily...]
Compiling architecture synth of entity fir_compiler_v7_2_16.addsub_mult_add [\addsub_mult_add(c_xdevicefamily...]
Compiling architecture synth of entity fir_compiler_v7_2_16.calc [\calc(c_xdevicefamily="virtexupl...]
Compiling architecture synth of entity fir_compiler_v7_2_16.addsub_mult_add [\addsub_mult_add(c_xdevicefamily...]
Compiling architecture synth of entity fir_compiler_v7_2_16.addsub_mult_add [\addsub_mult_add(c_xdevicefamily...]
Compiling architecture synth of entity fir_compiler_v7_2_16.addsub_mult_add [\addsub_mult_add(c_xdevicefamily...]
Compiling architecture synth of entity fir_compiler_v7_2_16.calc [\calc(c_xdevicefamily="virtexupl...]
Compiling architecture synth of entity fir_compiler_v7_2_16.addsub_mult_add [\addsub_mult_add(c_xdevicefamily...]
Compiling architecture synth of entity fir_compiler_v7_2_16.calc [\calc(c_xdevicefamily="virtexupl...]
Compiling architecture synth of entity fir_compiler_v7_2_16.addsub_mult_add [\addsub_mult_add(c_xdevicefamily...]
Compiling architecture synth of entity fir_compiler_v7_2_16.delay [\delay(c_delay_len=28,c_xdevicef...]
Compiling architecture xilinx of entity axi_utils_v2_0_6.glb_srl_fifo [\glb_srl_fifo(width=68,has_uvpro...]
Compiling architecture xilinx of entity axi_utils_v2_0_6.glb_ifx_master [\glb_ifx_master(width=68)\]
Compiling architecture synth of entity fir_compiler_v7_2_16.single_rate [\single_rate(c_xdevicefamily="vi...]
Compiling architecture synth of entity fir_compiler_v7_2_16.fir_compiler_v7_2_16_viv [\fir_compiler_v7_2_16_viv(c_xdev...]
Compiling architecture xilinx of entity fir_compiler_v7_2_16.fir_compiler_v7_2_16 [\fir_compiler_v7_2_16(c_xdevicef...]
Compiling architecture t07_g3_down47_arch of entity xil_defaultlib.t07_g3_down47 [t07_g3_down47_default]
Compiling module xil_defaultlib.sfo_fir_down47_default
Compiling module xil_defaultlib.sfo_guarded_resampling_core(NOMI...
Compiling module xil_defaultlib.sfo_nominal_pack4(SAMPLE_COUNT=3...
Compiling module xil_defaultlib.sfo_first_frame_scheduler(SAMPLE...
Compiling module xil_defaultlib.sfo_first_resampler_default
Compiling module xil_defaultlib.sfo_second_pass_descriptor_defau...
Compiling module xil_defaultlib.sfo_guarded_farrow_stream(NOMINA...
Compiling module xil_defaultlib.sfo_guarded_resampling_core(NOMI...
Compiling module xil_defaultlib.sfo_nominal_pack4(SAMPLE_COUNT=3...
Compiling module xil_defaultlib.sfo_first_frame_scheduler(SAMPLE...
Compiling module xil_defaultlib.sfo_second_resampler_default
Compiling module xil_defaultlib.xpm_memory_base(MEMORY_TYPE=1,ME...
Compiling module xil_defaultlib.xpm_memory_sdpram(MEMORY_SIZE=42...
Compiling module xil_defaultlib.sfo_uram_frame_bank(DEPTH_BEATS=...
Compiling module xil_defaultlib.sfo_intermediate_frame_bank
Compiling module xil_defaultlib.xpm_memory_base(MEMORY_TYPE=1,ME...
Compiling module xil_defaultlib.xpm_memory_sdpram(MEMORY_SIZE=83...
Compiling module xil_defaultlib.sfo_uram_frame_bank(DEPTH_BEATS=...
Compiling module xil_defaultlib.xpm_memory_base(MEMORY_TYPE=1,ME...
Compiling module xil_defaultlib.xpm_fifo_base(FIFO_MEMORY_TYPE=2...
Compiling module xil_defaultlib.xpm_fifo_sync(FIFO_MEMORY_TYPE="...
Compiling module xil_defaultlib.sfo_sync_fifo(WIDTH=32'b01000000...
Compiling module xil_defaultlib.sfo_output_buffer_default
Compiling module xil_defaultlib.sfo_two_pass_transport(OUTPUT_CL...
Compiling module xil_defaultlib.sync_sfo_top
Compiling module xil_defaultlib.sync_sfo_full_frame_tb
Compiling module xil_defaultlib.glbl
Built simulation snapshot sync_sfo_full_frame_tb_behav

****** Webtalk v2021.1 (64-bit)
  **** SW Build 3247384 on Thu Jun 10 19:36:33 MDT 2021
  **** IP Build 3246043 on Fri Jun 11 00:30:35 MDT 2021
    ** Copyright 1986-2021 Xilinx, Inc. All Rights Reserved.

source D:/008_MA_Dev/Sync_SFO/work/FN01/project/Sync_SFO.sim/sim_1/behav/xsim/xsim.dir/sync_sfo_full_frame_tb_behav/webtalk/xsim_webtalk.tcl -notrace
INFO: [Common 17-206] Exiting Webtalk at Tue Sep 15 18:11:42 2026...
run_program: Time (s): cpu = 00:00:00 ; elapsed = 00:05:37 . Memory (MB): peak = 1129.855 ; gain = 0.000
INFO: [USF-XSim-69] 'elaborate' step finished in '337' seconds
launch_simulation: Time (s): cpu = 00:00:00 ; elapsed = 00:05:38 . Memory (MB): peak = 1129.855 ; gain = 0.000
SFO_FN01_STAGE ELABORATE_COMMAND_COMPLETED
SFO_FN01_STAGE SFO_FN01_NATIVE_STAGES_COMPLETED_NO_SIMULATION
# close $status
# exit 0
INFO: [Common 17-206] Exiting Vivado at Tue Sep 15 18:11:43 2026...
